ISO-10303-21;
HEADER;
FILE_DESCRIPTION((''),'2;1');
FILE_NAME('M80-5000000M1-04-333-00-000_ASM','2009-10-20T',('WBOURNE'),(''),
'PRO/ENGINEER BY PARAMETRIC TECHNOLOGY CORPORATION, 2008490',
'PRO/ENGINEER BY PARAMETRIC TECHNOLOGY CORPORATION, 2008490','');
FILE_SCHEMA(('CONFIG_CONTROL_DESIGN'));
ENDSEC;
DATA;
#2=CARTESIAN_POINT('',(1.05E1,3.4E0,0.E0));
#3=DIRECTION('',(0.E0,-1.E0,0.E0));
#4=DIRECTION('',(1.E0,0.E0,0.E0));
#5=AXIS2_PLACEMENT_3D('',#2,#3,#4);
#7=CARTESIAN_POINT('',(1.05E1,3.4E0,0.E0));
#8=DIRECTION('',(0.E0,-1.E0,0.E0));
#9=DIRECTION('',(-1.E0,0.E0,0.E0));
#10=AXIS2_PLACEMENT_3D('',#7,#8,#9);
#12=CARTESIAN_POINT('',(-1.05E1,3.4E0,0.E0));
#13=DIRECTION('',(0.E0,1.E0,0.E0));
#14=DIRECTION('',(-1.E0,0.E0,0.E0));
#15=AXIS2_PLACEMENT_3D('',#12,#13,#14);
#17=CARTESIAN_POINT('',(-1.05E1,3.4E0,0.E0));
#18=DIRECTION('',(0.E0,1.E0,0.E0));
#19=DIRECTION('',(1.E0,0.E0,0.E0));
#20=AXIS2_PLACEMENT_3D('',#17,#18,#19);
#22=DIRECTION('',(1.E0,0.E0,0.E0));
#23=VECTOR('',#22,3.45E0);
#24=CARTESIAN_POINT('',(-1.22E1,3.4E0,-2.775E0));
#25=LINE('',#24,#23);
#26=DIRECTION('',(0.E0,0.E0,1.E0));
#27=VECTOR('',#26,5.E-1);
#28=CARTESIAN_POINT('',(-8.75E0,3.4E0,-3.275E0));
#29=LINE('',#28,#27);
#30=DIRECTION('',(-1.E0,0.E0,0.E0));
#31=VECTOR('',#30,1.E0);
#32=CARTESIAN_POINT('',(-7.75E0,3.4E0,-3.275E0));
#33=LINE('',#32,#31);
#34=DIRECTION('',(0.E0,0.E0,-1.E0));
#35=VECTOR('',#34,5.E-1);
#36=CARTESIAN_POINT('',(-7.75E0,3.4E0,-2.775E0));
#37=LINE('',#36,#35);
#38=DIRECTION('',(1.E0,0.E0,0.E0));
#39=VECTOR('',#38,1.55E1);
#40=CARTESIAN_POINT('',(-7.75E0,3.4E0,-2.775E0));
#41=LINE('',#40,#39);
#42=DIRECTION('',(0.E0,0.E0,1.E0));
#43=VECTOR('',#42,5.E-1);
#44=CARTESIAN_POINT('',(7.75E0,3.4E0,-3.275E0));
#45=LINE('',#44,#43);
#46=DIRECTION('',(-1.E0,0.E0,0.E0));
#47=VECTOR('',#46,1.E0);
#48=CARTESIAN_POINT('',(8.75E0,3.4E0,-3.275E0));
#49=LINE('',#48,#47);
#50=DIRECTION('',(0.E0,0.E0,-1.E0));
#51=VECTOR('',#50,5.E-1);
#52=CARTESIAN_POINT('',(8.75E0,3.4E0,-2.775E0));
#53=LINE('',#52,#51);
#54=DIRECTION('',(1.E0,0.E0,0.E0));
#55=VECTOR('',#54,3.45E0);
#56=CARTESIAN_POINT('',(8.75E0,3.4E0,-2.775E0));
#57=LINE('',#56,#55);
#58=DIRECTION('',(0.E0,0.E0,1.E0));
#59=VECTOR('',#58,9.419697220177E-1);
#60=CARTESIAN_POINT('',(1.22E1,3.4E0,-2.775E0));
#61=LINE('',#60,#59);
#62=CARTESIAN_POINT('',(1.05E1,3.4E0,0.E0));
#63=DIRECTION('',(0.E0,-1.E0,0.E0));
#64=DIRECTION('',(6.8E-1,0.E0,-7.332121111929E-1));
#65=AXIS2_PLACEMENT_3D('',#62,#63,#64);
#67=DIRECTION('',(0.E0,0.E0,1.E0));
#68=VECTOR('',#67,9.419697220177E-1);
#69=CARTESIAN_POINT('',(1.22E1,3.4E0,1.833030277982E0));
#70=LINE('',#69,#68);
#71=DIRECTION('',(-1.E0,0.E0,0.E0));
#72=VECTOR('',#71,1.115E1);
#73=CARTESIAN_POINT('',(1.22E1,3.4E0,2.775E0));
#74=LINE('',#73,#72);
#75=DIRECTION('',(0.E0,0.E0,-1.E0));
#76=VECTOR('',#75,4.229274057836E-1);
#77=CARTESIAN_POINT('',(1.05E0,3.4E0,2.775E0));
#78=LINE('',#77,#76);
#79=DIRECTION('',(0.E0,0.E0,-1.E0));
#80=VECTOR('',#79,4.229274057836E-1);
#81=CARTESIAN_POINT('',(-1.05E0,3.4E0,2.775E0));
#82=LINE('',#81,#80);
#83=DIRECTION('',(-1.E0,0.E0,0.E0));
#84=VECTOR('',#83,1.115E1);
#85=CARTESIAN_POINT('',(-1.05E0,3.4E0,2.775E0));
#86=LINE('',#85,#84);
#87=DIRECTION('',(0.E0,0.E0,-1.E0));
#88=VECTOR('',#87,9.419697220177E-1);
#89=CARTESIAN_POINT('',(-1.22E1,3.4E0,2.775E0));
#90=LINE('',#89,#88);
#91=CARTESIAN_POINT('',(-1.05E1,3.4E0,0.E0));
#92=DIRECTION('',(0.E0,-1.E0,0.E0));
#93=DIRECTION('',(-6.8E-1,0.E0,7.332121111929E-1));
#94=AXIS2_PLACEMENT_3D('',#91,#92,#93);
#96=DIRECTION('',(0.E0,0.E0,-1.E0));
#97=VECTOR('',#96,9.419697220177E-1);
#98=CARTESIAN_POINT('',(-1.22E1,3.4E0,-1.833030277982E0));
#99=LINE('',#98,#97);
#100=DIRECTION('',(0.E0,-1.E0,0.E0));
#101=VECTOR('',#100,1.E0);
#102=CARTESIAN_POINT('',(1.2125E1,3.4E0,0.E0));
#103=LINE('',#102,#101);
#104=DIRECTION('',(0.E0,-1.E0,0.E0));
#105=VECTOR('',#104,1.E0);
#106=CARTESIAN_POINT('',(8.875E0,3.4E0,0.E0));
#107=LINE('',#106,#105);
#108=CARTESIAN_POINT('',(1.05E1,2.4E0,0.E0));
#109=DIRECTION('',(0.E0,-1.E0,0.E0));
#110=DIRECTION('',(1.E0,0.E0,0.E0));
#111=AXIS2_PLACEMENT_3D('',#108,#109,#110);
#113=CARTESIAN_POINT('',(1.05E1,2.4E0,0.E0));
#114=DIRECTION('',(0.E0,-1.E0,0.E0));
#115=DIRECTION('',(-1.E0,0.E0,0.E0));
#116=AXIS2_PLACEMENT_3D('',#113,#114,#115);
#118=CARTESIAN_POINT('',(1.05E1,2.4E0,0.E0));
#119=DIRECTION('',(0.E0,-1.E0,0.E0));
#120=DIRECTION('',(1.E0,0.E0,0.E0));
#121=AXIS2_PLACEMENT_3D('',#118,#119,#120);
#123=CARTESIAN_POINT('',(1.05E1,2.4E0,0.E0));
#124=DIRECTION('',(0.E0,-1.E0,0.E0));
#125=DIRECTION('',(-1.E0,0.E0,0.E0));
#126=AXIS2_PLACEMENT_3D('',#123,#124,#125);
#128=DIRECTION('',(0.E0,-1.E0,0.E0));
#129=VECTOR('',#128,3.8E0);
#130=CARTESIAN_POINT('',(9.E0,2.4E0,0.E0));
#131=LINE('',#130,#129);
#132=DIRECTION('',(0.E0,-1.E0,0.E0));
#133=VECTOR('',#132,3.8E0);
#134=CARTESIAN_POINT('',(1.2E1,2.4E0,0.E0));
#135=LINE('',#134,#133);
#136=CARTESIAN_POINT('',(1.05E1,-1.4E0,0.E0));
#137=DIRECTION('',(0.E0,-1.E0,0.E0));
#138=DIRECTION('',(1.E0,0.E0,0.E0));
#139=AXIS2_PLACEMENT_3D('',#136,#137,#138);
#141=CARTESIAN_POINT('',(1.05E1,-1.4E0,0.E0));
#142=DIRECTION('',(0.E0,-1.E0,0.E0));
#143=DIRECTION('',(-1.E0,0.E0,0.E0));
#144=AXIS2_PLACEMENT_3D('',#141,#142,#143);
#146=DIRECTION('',(1.E0,0.E0,0.E0));
#147=VECTOR('',#146,2.9E0);
#148=CARTESIAN_POINT('',(9.05E0,-1.4E0,-1.55E0));
#149=LINE('',#148,#147);
#150=DIRECTION('',(0.E0,0.E0,-1.E0));
#151=VECTOR('',#150,2.9E0);
#152=CARTESIAN_POINT('',(8.95E0,-1.4E0,1.45E0));
#153=LINE('',#152,#151);
#154=DIRECTION('',(-1.E0,0.E0,0.E0));
#155=VECTOR('',#154,2.9E0);
#156=CARTESIAN_POINT('',(1.195E1,-1.4E0,1.55E0));
#157=LINE('',#156,#155);
#158=DIRECTION('',(0.E0,0.E0,1.E0));
#159=VECTOR('',#158,2.9E0);
#160=CARTESIAN_POINT('',(1.205E1,-1.4E0,-1.45E0));
#161=LINE('',#160,#159);
#162=DIRECTION('',(0.E0,1.E0,0.E0));
#163=VECTOR('',#162,8.E-1);
#164=CARTESIAN_POINT('',(1.205E1,-2.2E0,-1.45E0));
#165=LINE('',#164,#163);
#166=CARTESIAN_POINT('',(1.195E1,-2.2E0,-1.45E0));
#167=DIRECTION('',(0.E0,1.E0,0.E0));
#168=DIRECTION('',(1.E0,0.E0,0.E0));
#169=AXIS2_PLACEMENT_3D('',#166,#167,#168);
#171=DIRECTION('',(0.E0,1.E0,0.E0));
#172=VECTOR('',#171,8.E-1);
#173=CARTESIAN_POINT('',(1.195E1,-2.2E0,-1.55E0));
#174=LINE('',#173,#172);
#175=CARTESIAN_POINT('',(1.195E1,-1.4E0,-1.45E0));
#176=DIRECTION('',(0.E0,-1.E0,0.E0));
#177=DIRECTION('',(0.E0,0.E0,-1.E0));
#178=AXIS2_PLACEMENT_3D('',#175,#176,#177);
#180=DIRECTION('',(0.E0,1.E0,0.E0));
#181=VECTOR('',#180,8.E-1);
#182=CARTESIAN_POINT('',(1.195E1,-2.2E0,1.55E0));
#183=LINE('',#182,#181);
#184=CARTESIAN_POINT('',(1.195E1,-2.2E0,1.45E0));
#185=DIRECTION('',(0.E0,1.E0,0.E0));
#186=DIRECTION('',(0.E0,0.E0,1.E0));
#187=AXIS2_PLACEMENT_3D('',#184,#185,#186);
#189=DIRECTION('',(0.E0,1.E0,0.E0));
#190=VECTOR('',#189,8.E-1);
#191=CARTESIAN_POINT('',(1.205E1,-2.2E0,1.45E0));
#192=LINE('',#191,#190);
#193=CARTESIAN_POINT('',(1.195E1,-1.4E0,1.45E0));
#194=DIRECTION('',(0.E0,-1.E0,0.E0));
#195=DIRECTION('',(1.E0,0.E0,0.E0));
#196=AXIS2_PLACEMENT_3D('',#193,#194,#195);
#198=DIRECTION('',(0.E0,1.E0,0.E0));
#199=VECTOR('',#198,8.E-1);
#200=CARTESIAN_POINT('',(8.95E0,-2.2E0,1.45E0));
#201=LINE('',#200,#199);
#202=CARTESIAN_POINT('',(9.05E0,-2.2E0,1.45E0));
#203=DIRECTION('',(0.E0,1.E0,0.E0));
#204=DIRECTION('',(-1.E0,0.E0,0.E0));
#205=AXIS2_PLACEMENT_3D('',#202,#203,#204);
#207=DIRECTION('',(0.E0,1.E0,0.E0));
#208=VECTOR('',#207,8.E-1);
#209=CARTESIAN_POINT('',(9.05E0,-2.2E0,1.55E0));
#210=LINE('',#209,#208);
#211=CARTESIAN_POINT('',(9.05E0,-1.4E0,1.45E0));
#212=DIRECTION('',(0.E0,-1.E0,0.E0));
#213=DIRECTION('',(0.E0,0.E0,1.E0));
#214=AXIS2_PLACEMENT_3D('',#211,#212,#213);
#216=DIRECTION('',(0.E0,1.E0,0.E0));
#217=VECTOR('',#216,8.E-1);
#218=CARTESIAN_POINT('',(9.05E0,-2.2E0,-1.55E0));
#219=LINE('',#218,#217);
#220=CARTESIAN_POINT('',(9.05E0,-2.2E0,-1.45E0));
#221=DIRECTION('',(0.E0,1.E0,0.E0));
#222=DIRECTION('',(0.E0,0.E0,-1.E0));
#223=AXIS2_PLACEMENT_3D('',#220,#221,#222);
#225=DIRECTION('',(0.E0,1.E0,0.E0));
#226=VECTOR('',#225,8.E-1);
#227=CARTESIAN_POINT('',(8.95E0,-2.2E0,-1.45E0));
#228=LINE('',#227,#226);
#229=CARTESIAN_POINT('',(9.05E0,-1.4E0,-1.45E0));
#230=DIRECTION('',(0.E0,-1.E0,0.E0));
#231=DIRECTION('',(-1.E0,0.E0,0.E0));
#232=AXIS2_PLACEMENT_3D('',#229,#230,#231);
#234=DIRECTION('',(0.E0,0.E0,-1.E0));
#235=VECTOR('',#234,2.9E0);
#236=CARTESIAN_POINT('',(8.95E0,-2.2E0,1.45E0));
#237=LINE('',#236,#235);
#238=DIRECTION('',(1.E0,0.E0,0.E0));
#239=VECTOR('',#238,2.9E0);
#240=CARTESIAN_POINT('',(9.05E0,-2.2E0,-1.55E0));
#241=LINE('',#240,#239);
#242=DIRECTION('',(0.E0,0.E0,1.E0));
#243=VECTOR('',#242,2.9E0);
#244=CARTESIAN_POINT('',(1.205E1,-2.2E0,-1.45E0));
#245=LINE('',#244,#243);
#246=DIRECTION('',(-1.E0,0.E0,0.E0));
#247=VECTOR('',#246,2.9E0);
#248=CARTESIAN_POINT('',(1.195E1,-2.2E0,1.55E0));
#249=LINE('',#248,#247);
#250=DIRECTION('',(-1.E0,0.E0,0.E0));
#251=VECTOR('',#250,2.9E0);
#252=CARTESIAN_POINT('',(-9.05E0,-2.2E0,-1.55E0));
#253=LINE('',#252,#251);
#254=DIRECTION('',(0.E0,0.E0,-1.E0));
#255=VECTOR('',#254,2.9E0);
#256=CARTESIAN_POINT('',(-8.95E0,-2.2E0,1.45E0));
#257=LINE('',#256,#255);
#258=DIRECTION('',(1.E0,0.E0,0.E0));
#259=VECTOR('',#258,2.9E0);
#260=CARTESIAN_POINT('',(-1.195E1,-2.2E0,1.55E0));
#261=LINE('',#260,#259);
#262=DIRECTION('',(0.E0,0.E0,1.E0));
#263=VECTOR('',#262,2.9E0);
#264=CARTESIAN_POINT('',(-1.205E1,-2.2E0,-1.45E0));
#265=LINE('',#264,#263);
#266=DIRECTION('',(0.E0,0.E0,-1.E0));
#267=VECTOR('',#266,5.55E0);
#268=CARTESIAN_POINT('',(-7.55E0,-2.2E0,2.775E0));
#269=LINE('',#268,#267);
#270=DIRECTION('',(1.E0,0.E0,0.E0));
#271=VECTOR('',#270,2.E-1);
#272=CARTESIAN_POINT('',(-7.75E0,-2.2E0,-2.775E0));
#273=LINE('',#272,#271);
#274=DIRECTION('',(0.E0,0.E0,-1.E0));
#275=VECTOR('',#274,5.E-1);
#276=CARTESIAN_POINT('',(-7.75E0,-2.2E0,-2.775E0));
#277=LINE('',#276,#275);
#278=DIRECTION('',(-1.E0,0.E0,0.E0));
#279=VECTOR('',#278,1.E0);
#280=CARTESIAN_POINT('',(-7.75E0,-2.2E0,-3.275E0));
#281=LINE('',#280,#279);
#282=DIRECTION('',(0.E0,0.E0,1.E0));
#283=VECTOR('',#282,5.E-1);
#284=CARTESIAN_POINT('',(-8.75E0,-2.2E0,-3.275E0));
#285=LINE('',#284,#283);
#286=DIRECTION('',(1.E0,0.E0,0.E0));
#287=VECTOR('',#286,3.45E0);
#288=CARTESIAN_POINT('',(-1.22E1,-2.2E0,-2.775E0));
#289=LINE('',#288,#287);
#290=DIRECTION('',(0.E0,0.E0,-1.E0));
#291=VECTOR('',#290,9.419697220177E-1);
#292=CARTESIAN_POINT('',(-1.22E1,-2.2E0,-1.833030277982E0));
#293=LINE('',#292,#291);
#294=CARTESIAN_POINT('',(-1.05E1,-2.2E0,0.E0));
#295=DIRECTION('',(0.E0,-1.E0,0.E0));
#296=DIRECTION('',(-6.8E-1,0.E0,7.332121111929E-1));
#297=AXIS2_PLACEMENT_3D('',#294,#295,#296);
#299=DIRECTION('',(0.E0,0.E0,-1.E0));
#300=VECTOR('',#299,9.419697220177E-1);
#301=CARTESIAN_POINT('',(-1.22E1,-2.2E0,2.775E0));
#302=LINE('',#301,#300);
#303=DIRECTION('',(-1.E0,0.E0,0.E0));
#304=VECTOR('',#303,4.65E0);
#305=CARTESIAN_POINT('',(-7.55E0,-2.2E0,2.775E0));
#306=LINE('',#305,#304);
#307=DIRECTION('',(0.E0,0.E0,-1.E0));
#308=VECTOR('',#307,5.55E0);
#309=CARTESIAN_POINT('',(-3.55E0,-2.2E0,2.775E0));
#310=LINE('',#309,#308);
#311=DIRECTION('',(1.E0,0.E0,0.E0));
#312=VECTOR('',#311,9.E-1);
#313=CARTESIAN_POINT('',(-4.45E0,-2.2E0,-2.775E0));
#314=LINE('',#313,#312);
#315=DIRECTION('',(0.E0,0.E0,-1.E0));
#316=VECTOR('',#315,5.55E0);
#317=CARTESIAN_POINT('',(-4.45E0,-2.2E0,2.775E0));
#318=LINE('',#317,#316);
#319=DIRECTION('',(-1.E0,0.E0,0.E0));
#320=VECTOR('',#319,9.E-1);
#321=CARTESIAN_POINT('',(-3.55E0,-2.2E0,2.775E0));
#322=LINE('',#321,#320);
#323=DIRECTION('',(0.E0,0.E0,-1.E0));
#324=VECTOR('',#323,5.55E0);
#325=CARTESIAN_POINT('',(4.5E-1,-2.2E0,2.775E0));
#326=LINE('',#325,#324);
#327=DIRECTION('',(1.E0,0.E0,0.E0));
#328=VECTOR('',#327,9.E-1);
#329=CARTESIAN_POINT('',(-4.5E-1,-2.2E0,-2.775E0));
#330=LINE('',#329,#328);
#331=DIRECTION('',(0.E0,0.E0,-1.E0));
#332=VECTOR('',#331,5.55E0);
#333=CARTESIAN_POINT('',(-4.5E-1,-2.2E0,2.775E0));
#334=LINE('',#333,#332);
#335=DIRECTION('',(-1.E0,0.E0,0.E0));
#336=VECTOR('',#335,9.E-1);
#337=CARTESIAN_POINT('',(4.5E-1,-2.2E0,2.775E0));
#338=LINE('',#337,#336);
#339=DIRECTION('',(0.E0,0.E0,-1.E0));
#340=VECTOR('',#339,5.55E0);
#341=CARTESIAN_POINT('',(4.45E0,-2.2E0,2.775E0));
#342=LINE('',#341,#340);
#343=DIRECTION('',(1.E0,0.E0,0.E0));
#344=VECTOR('',#343,9.E-1);
#345=CARTESIAN_POINT('',(3.55E0,-2.2E0,-2.775E0));
#346=LINE('',#345,#344);
#347=DIRECTION('',(0.E0,0.E0,-1.E0));
#348=VECTOR('',#347,5.55E0);
#349=CARTESIAN_POINT('',(3.55E0,-2.2E0,2.775E0));
#350=LINE('',#349,#348);
#351=DIRECTION('',(-1.E0,0.E0,0.E0));
#352=VECTOR('',#351,9.E-1);
#353=CARTESIAN_POINT('',(4.45E0,-2.2E0,2.775E0));
#354=LINE('',#353,#352);
#355=DIRECTION('',(0.E0,0.E0,-1.E0));
#356=VECTOR('',#355,5.55E0);
#357=CARTESIAN_POINT('',(7.55E0,-2.2E0,2.775E0));
#358=LINE('',#357,#356);
#359=DIRECTION('',(-1.E0,0.E0,0.E0));
#360=VECTOR('',#359,4.65E0);
#361=CARTESIAN_POINT('',(1.22E1,-2.2E0,2.775E0));
#362=LINE('',#361,#360);
#363=DIRECTION('',(0.E0,0.E0,1.E0));
#364=VECTOR('',#363,9.419697220177E-1);
#365=CARTESIAN_POINT('',(1.22E1,-2.2E0,1.833030277982E0));
#366=LINE('',#365,#364);
#367=CARTESIAN_POINT('',(1.05E1,-2.2E0,0.E0));
#368=DIRECTION('',(0.E0,-1.E0,0.E0));
#369=DIRECTION('',(6.8E-1,0.E0,-7.332121111929E-1));
#370=AXIS2_PLACEMENT_3D('',#367,#368,#369);
#372=DIRECTION('',(0.E0,0.E0,1.E0));
#373=VECTOR('',#372,9.419697220177E-1);
#374=CARTESIAN_POINT('',(1.22E1,-2.2E0,-2.775E0));
#375=LINE('',#374,#373);
#376=DIRECTION('',(1.E0,0.E0,0.E0));
#377=VECTOR('',#376,3.45E0);
#378=CARTESIAN_POINT('',(8.75E0,-2.2E0,-2.775E0));
#379=LINE('',#378,#377);
#380=DIRECTION('',(0.E0,0.E0,-1.E0));
#381=VECTOR('',#380,5.E-1);
#382=CARTESIAN_POINT('',(8.75E0,-2.2E0,-2.775E0));
#383=LINE('',#382,#381);
#384=DIRECTION('',(-1.E0,0.E0,0.E0));
#385=VECTOR('',#384,1.E0);
#386=CARTESIAN_POINT('',(8.75E0,-2.2E0,-3.275E0));
#387=LINE('',#386,#385);
#388=DIRECTION('',(0.E0,0.E0,1.E0));
#389=VECTOR('',#388,5.E-1);
#390=CARTESIAN_POINT('',(7.75E0,-2.2E0,-3.275E0));
#391=LINE('',#390,#389);
#392=DIRECTION('',(1.E0,0.E0,0.E0));
#393=VECTOR('',#392,2.E-1);
#394=CARTESIAN_POINT('',(7.55E0,-2.2E0,-2.775E0));
#395=LINE('',#394,#393);
#396=DIRECTION('',(0.E0,-1.E0,0.E0));
#397=VECTOR('',#396,8.E-1);
#398=CARTESIAN_POINT('',(-1.205E1,-1.4E0,-1.45E0));
#399=LINE('',#398,#397);
#400=CARTESIAN_POINT('',(-1.195E1,-1.4E0,-1.45E0));
#401=DIRECTION('',(0.E0,-1.E0,0.E0));
#402=DIRECTION('',(-1.E0,0.E0,0.E0));
#403=AXIS2_PLACEMENT_3D('',#400,#401,#402);
#405=DIRECTION('',(0.E0,-1.E0,0.E0));
#406=VECTOR('',#405,8.E-1);
#407=CARTESIAN_POINT('',(-1.195E1,-1.4E0,-1.55E0));
#408=LINE('',#407,#406);
#409=CARTESIAN_POINT('',(-1.195E1,-2.2E0,-1.45E0));
#410=DIRECTION('',(0.E0,1.E0,0.E0));
#411=DIRECTION('',(0.E0,0.E0,-1.E0));
#412=AXIS2_PLACEMENT_3D('',#409,#410,#411);
#414=DIRECTION('',(0.E0,-1.E0,0.E0));
#415=VECTOR('',#414,8.E-1);
#416=CARTESIAN_POINT('',(-1.195E1,-1.4E0,1.55E0));
#417=LINE('',#416,#415);
#418=CARTESIAN_POINT('',(-1.195E1,-1.4E0,1.45E0));
#419=DIRECTION('',(0.E0,-1.E0,0.E0));
#420=DIRECTION('',(0.E0,0.E0,1.E0));
#421=AXIS2_PLACEMENT_3D('',#418,#419,#420);
#423=DIRECTION('',(0.E0,-1.E0,0.E0));
#424=VECTOR('',#423,8.E-1);
#425=CARTESIAN_POINT('',(-1.205E1,-1.4E0,1.45E0));
#426=LINE('',#425,#424);
#427=CARTESIAN_POINT('',(-1.195E1,-2.2E0,1.45E0));
#428=DIRECTION('',(0.E0,1.E0,0.E0));
#429=DIRECTION('',(-1.E0,0.E0,0.E0));
#430=AXIS2_PLACEMENT_3D('',#427,#428,#429);
#432=DIRECTION('',(0.E0,-1.E0,0.E0));
#433=VECTOR('',#432,8.E-1);
#434=CARTESIAN_POINT('',(-8.95E0,-1.4E0,1.45E0));
#435=LINE('',#434,#433);
#436=CARTESIAN_POINT('',(-9.05E0,-1.4E0,1.45E0));
#437=DIRECTION('',(0.E0,-1.E0,0.E0));
#438=DIRECTION('',(1.E0,0.E0,0.E0));
#439=AXIS2_PLACEMENT_3D('',#436,#437,#438);
#441=DIRECTION('',(0.E0,-1.E0,0.E0));
#442=VECTOR('',#441,8.E-1);
#443=CARTESIAN_POINT('',(-9.05E0,-1.4E0,1.55E0));
#444=LINE('',#443,#442);
#445=CARTESIAN_POINT('',(-9.05E0,-2.2E0,1.45E0));
#446=DIRECTION('',(0.E0,1.E0,0.E0));
#447=DIRECTION('',(0.E0,0.E0,1.E0));
#448=AXIS2_PLACEMENT_3D('',#445,#446,#447);
#450=DIRECTION('',(0.E0,-1.E0,0.E0));
#451=VECTOR('',#450,8.E-1);
#452=CARTESIAN_POINT('',(-9.05E0,-1.4E0,-1.55E0));
#453=LINE('',#452,#451);
#454=CARTESIAN_POINT('',(-9.05E0,-1.4E0,-1.45E0));
#455=DIRECTION('',(0.E0,-1.E0,0.E0));
#456=DIRECTION('',(0.E0,0.E0,-1.E0));
#457=AXIS2_PLACEMENT_3D('',#454,#455,#456);
#459=DIRECTION('',(0.E0,-1.E0,0.E0));
#460=VECTOR('',#459,8.E-1);
#461=CARTESIAN_POINT('',(-8.95E0,-1.4E0,-1.45E0));
#462=LINE('',#461,#460);
#463=CARTESIAN_POINT('',(-9.05E0,-2.2E0,-1.45E0));
#464=DIRECTION('',(0.E0,1.E0,0.E0));
#465=DIRECTION('',(1.E0,0.E0,0.E0));
#466=AXIS2_PLACEMENT_3D('',#463,#464,#465);
#468=CARTESIAN_POINT('',(-1.05E1,-1.4E0,0.E0));
#469=DIRECTION('',(0.E0,-1.E0,0.E0));
#470=DIRECTION('',(1.E0,0.E0,0.E0));
#471=AXIS2_PLACEMENT_3D('',#468,#469,#470);
#473=CARTESIAN_POINT('',(-1.05E1,-1.4E0,0.E0));
#474=DIRECTION('',(0.E0,-1.E0,0.E0));
#475=DIRECTION('',(-1.E0,0.E0,0.E0));
#476=AXIS2_PLACEMENT_3D('',#473,#474,#475);
#478=DIRECTION('',(0.E0,0.E0,1.E0));
#479=VECTOR('',#478,2.9E0);
#480=CARTESIAN_POINT('',(-1.205E1,-1.4E0,-1.45E0));
#481=LINE('',#480,#479);
#482=DIRECTION('',(1.E0,0.E0,0.E0));
#483=VECTOR('',#482,2.9E0);
#484=CARTESIAN_POINT('',(-1.195E1,-1.4E0,1.55E0));
#485=LINE('',#484,#483);
#486=DIRECTION('',(0.E0,0.E0,-1.E0));
#487=VECTOR('',#486,2.9E0);
#488=CARTESIAN_POINT('',(-8.95E0,-1.4E0,1.45E0));
#489=LINE('',#488,#487);
#490=DIRECTION('',(-1.E0,0.E0,0.E0));
#491=VECTOR('',#490,2.9E0);
#492=CARTESIAN_POINT('',(-9.05E0,-1.4E0,-1.55E0));
#493=LINE('',#492,#491);
#494=DIRECTION('',(0.E0,-1.E0,0.E0));
#495=VECTOR('',#494,3.8E0);
#496=CARTESIAN_POINT('',(-1.2E1,2.4E0,0.E0));
#497=LINE('',#496,#495);
#498=CARTESIAN_POINT('',(-1.05E1,2.4E0,0.E0));
#499=DIRECTION('',(0.E0,1.E0,0.E0));
#500=DIRECTION('',(-1.E0,0.E0,0.E0));
#501=AXIS2_PLACEMENT_3D('',#498,#499,#500);
#503=CARTESIAN_POINT('',(-1.05E1,2.4E0,0.E0));
#504=DIRECTION('',(0.E0,1.E0,0.E0));
#505=DIRECTION('',(1.E0,0.E0,0.E0));
#506=AXIS2_PLACEMENT_3D('',#503,#504,#505);
#508=CARTESIAN_POINT('',(-1.05E1,2.4E0,0.E0));
#509=DIRECTION('',(0.E0,-1.E0,0.E0));
#510=DIRECTION('',(1.E0,0.E0,0.E0));
#511=AXIS2_PLACEMENT_3D('',#508,#509,#510);
#513=CARTESIAN_POINT('',(-1.05E1,2.4E0,0.E0));
#514=DIRECTION('',(0.E0,-1.E0,0.E0));
#515=DIRECTION('',(-1.E0,0.E0,0.E0));
#516=AXIS2_PLACEMENT_3D('',#513,#514,#515);
#518=DIRECTION('',(0.E0,-1.E0,0.E0));
#519=VECTOR('',#518,1.E0);
#520=CARTESIAN_POINT('',(-1.2125E1,3.4E0,0.E0));
#521=LINE('',#520,#519);
#522=DIRECTION('',(0.E0,-1.E0,0.E0));
#523=VECTOR('',#522,1.E0);
#524=CARTESIAN_POINT('',(-8.875E0,3.4E0,0.E0));
#525=LINE('',#524,#523);
#526=DIRECTION('',(0.E0,-1.E0,0.E0));
#527=VECTOR('',#526,3.8E0);
#528=CARTESIAN_POINT('',(-9.E0,2.4E0,0.E0));
#529=LINE('',#528,#527);
#530=DIRECTION('',(0.E0,0.E0,-1.E0));
#531=VECTOR('',#530,5.55E0);
#532=CARTESIAN_POINT('',(-7.55E0,-1.7E0,2.775E0));
#533=LINE('',#532,#531);
#534=DIRECTION('',(0.E0,1.E0,0.E0));
#535=VECTOR('',#534,5.E-1);
#536=CARTESIAN_POINT('',(4.45E0,-2.2E0,2.775E0));
#537=LINE('',#536,#535);
#538=DIRECTION('',(0.E0,1.E0,0.E0));
#539=VECTOR('',#538,5.E-1);
#540=CARTESIAN_POINT('',(3.55E0,-2.2E0,2.775E0));
#541=LINE('',#540,#539);
#542=DIRECTION('',(-1.E0,0.E0,0.E0));
#543=VECTOR('',#542,3.1E0);
#544=CARTESIAN_POINT('',(3.55E0,-1.7E0,2.775E0));
#545=LINE('',#544,#543);
#546=DIRECTION('',(0.E0,1.E0,0.E0));
#547=VECTOR('',#546,5.E-1);
#548=CARTESIAN_POINT('',(4.5E-1,-2.2E0,2.775E0));
#549=LINE('',#548,#547);
#550=DIRECTION('',(0.E0,1.E0,0.E0));
#551=VECTOR('',#550,5.E-1);
#552=CARTESIAN_POINT('',(-4.5E-1,-2.2E0,2.775E0));
#553=LINE('',#552,#551);
#554=DIRECTION('',(-1.E0,0.E0,0.E0));
#555=VECTOR('',#554,3.1E0);
#556=CARTESIAN_POINT('',(-4.5E-1,-1.7E0,2.775E0));
#557=LINE('',#556,#555);
#558=DIRECTION('',(0.E0,1.E0,0.E0));
#559=VECTOR('',#558,5.E-1);
#560=CARTESIAN_POINT('',(-3.55E0,-2.2E0,2.775E0));
#561=LINE('',#560,#559);
#562=DIRECTION('',(0.E0,1.E0,0.E0));
#563=VECTOR('',#562,5.E-1);
#564=CARTESIAN_POINT('',(-4.45E0,-2.2E0,2.775E0));
#565=LINE('',#564,#563);
#566=DIRECTION('',(-1.E0,0.E0,0.E0));
#567=VECTOR('',#566,3.1E0);
#568=CARTESIAN_POINT('',(-4.45E0,-1.7E0,2.775E0));
#569=LINE('',#568,#567);
#570=DIRECTION('',(0.E0,1.E0,0.E0));
#571=VECTOR('',#570,5.E-1);
#572=CARTESIAN_POINT('',(-7.55E0,-2.2E0,2.775E0));
#573=LINE('',#572,#571);
#574=DIRECTION('',(0.E0,-1.E0,0.E0));
#575=VECTOR('',#574,3.4E0);
#576=CARTESIAN_POINT('',(-1.05E0,3.4E0,2.775E0));
#577=LINE('',#576,#575);
#578=DIRECTION('',(-1.E0,0.E0,0.E0));
#579=VECTOR('',#578,2.1E0);
#580=CARTESIAN_POINT('',(1.05E0,0.E0,2.775E0));
#581=LINE('',#580,#579);
#582=DIRECTION('',(0.E0,-1.E0,0.E0));
#583=VECTOR('',#582,3.4E0);
#584=CARTESIAN_POINT('',(1.05E0,3.4E0,2.775E0));
#585=LINE('',#584,#583);
#586=DIRECTION('',(0.E0,-1.E0,0.E0));
#587=VECTOR('',#586,5.6E0);
#588=CARTESIAN_POINT('',(1.22E1,3.4E0,2.775E0));
#589=LINE('',#588,#587);
#590=DIRECTION('',(0.E0,1.E0,0.E0));
#591=VECTOR('',#590,5.E-1);
#592=CARTESIAN_POINT('',(7.55E0,-2.2E0,2.775E0));
#593=LINE('',#592,#591);
#594=DIRECTION('',(-1.E0,0.E0,0.E0));
#595=VECTOR('',#594,3.1E0);
#596=CARTESIAN_POINT('',(7.55E0,-1.7E0,2.775E0));
#597=LINE('',#596,#595);
#598=DIRECTION('',(0.E0,0.E0,-1.E0));
#599=VECTOR('',#598,5.55E0);
#600=CARTESIAN_POINT('',(4.45E0,-1.7E0,2.775E0));
#601=LINE('',#600,#599);
#602=DIRECTION('',(0.E0,0.E0,-1.E0));
#603=VECTOR('',#602,5.55E0);
#604=CARTESIAN_POINT('',(7.55E0,-1.7E0,2.775E0));
#605=LINE('',#604,#603);
#606=CARTESIAN_POINT('',(6.E0,-1.7E0,0.E0));
#607=DIRECTION('',(0.E0,-1.E0,0.E0));
#608=DIRECTION('',(1.E0,0.E0,0.E0));
#609=AXIS2_PLACEMENT_3D('',#606,#607,#608);
#611=CARTESIAN_POINT('',(6.E0,-1.7E0,0.E0));
#612=DIRECTION('',(0.E0,-1.E0,0.E0));
#613=DIRECTION('',(-1.E0,0.E0,0.E0));
#614=AXIS2_PLACEMENT_3D('',#611,#612,#613);
#616=DIRECTION('',(0.E0,-1.E0,0.E0));
#617=VECTOR('',#616,5.6E0);
#618=CARTESIAN_POINT('',(8.75E0,3.4E0,-2.775E0));
#619=LINE('',#618,#617);
#620=DIRECTION('',(0.E0,-1.E0,0.E0));
#621=VECTOR('',#620,5.6E0);
#622=CARTESIAN_POINT('',(-8.75E0,3.4E0,-2.775E0));
#623=LINE('',#622,#621);
#624=DIRECTION('',(0.E0,-1.E0,0.E0));
#625=VECTOR('',#624,5.6E0);
#626=CARTESIAN_POINT('',(-1.22E1,3.4E0,-2.775E0));
#627=LINE('',#626,#625);
#628=DIRECTION('',(0.E0,1.E0,0.E0));
#629=VECTOR('',#628,5.E-1);
#630=CARTESIAN_POINT('',(4.45E0,-2.2E0,-2.775E0));
#631=LINE('',#630,#629);
#632=DIRECTION('',(-1.E0,0.E0,0.E0));
#633=VECTOR('',#632,3.1E0);
#634=CARTESIAN_POINT('',(7.55E0,-1.7E0,-2.775E0));
#635=LINE('',#634,#633);
#636=DIRECTION('',(0.E0,1.E0,0.E0));
#637=VECTOR('',#636,5.E-1);
#638=CARTESIAN_POINT('',(7.55E0,-2.2E0,-2.775E0));
#639=LINE('',#638,#637);
#640=DIRECTION('',(0.E0,-1.E0,0.E0));
#641=VECTOR('',#640,5.6E0);
#642=CARTESIAN_POINT('',(7.75E0,3.4E0,-2.775E0));
#643=LINE('',#642,#641);
#644=DIRECTION('',(0.E0,-1.E0,0.E0));
#645=VECTOR('',#644,5.6E0);
#646=CARTESIAN_POINT('',(-7.75E0,3.4E0,-2.775E0));
#647=LINE('',#646,#645);
#648=DIRECTION('',(0.E0,1.E0,0.E0));
#649=VECTOR('',#648,5.E-1);
#650=CARTESIAN_POINT('',(-7.55E0,-2.2E0,-2.775E0));
#651=LINE('',#650,#649);
#652=DIRECTION('',(-1.E0,0.E0,0.E0));
#653=VECTOR('',#652,3.1E0);
#654=CARTESIAN_POINT('',(-4.45E0,-1.7E0,-2.775E0));
#655=LINE('',#654,#653);
#656=DIRECTION('',(0.E0,1.E0,0.E0));
#657=VECTOR('',#656,5.E-1);
#658=CARTESIAN_POINT('',(-4.45E0,-2.2E0,-2.775E0));
#659=LINE('',#658,#657);
#660=DIRECTION('',(0.E0,1.E0,0.E0));
#661=VECTOR('',#660,5.E-1);
#662=CARTESIAN_POINT('',(-3.55E0,-2.2E0,-2.775E0));
#663=LINE('',#662,#661);
#664=DIRECTION('',(-1.E0,0.E0,0.E0));
#665=VECTOR('',#664,3.1E0);
#666=CARTESIAN_POINT('',(-4.5E-1,-1.7E0,-2.775E0));
#667=LINE('',#666,#665);
#668=DIRECTION('',(0.E0,1.E0,0.E0));
#669=VECTOR('',#668,5.E-1);
#670=CARTESIAN_POINT('',(-4.5E-1,-2.2E0,-2.775E0));
#671=LINE('',#670,#669);
#672=DIRECTION('',(0.E0,1.E0,0.E0));
#673=VECTOR('',#672,5.E-1);
#674=CARTESIAN_POINT('',(4.5E-1,-2.2E0,-2.775E0));
#675=LINE('',#674,#673);
#676=DIRECTION('',(-1.E0,0.E0,0.E0));
#677=VECTOR('',#676,3.1E0);
#678=CARTESIAN_POINT('',(3.55E0,-1.7E0,-2.775E0));
#679=LINE('',#678,#677);
#680=DIRECTION('',(0.E0,1.E0,0.E0));
#681=VECTOR('',#680,5.E-1);
#682=CARTESIAN_POINT('',(3.55E0,-2.2E0,-2.775E0));
#683=LINE('',#682,#681);
#684=DIRECTION('',(0.E0,1.E0,0.E0));
#685=VECTOR('',#684,5.6E0);
#686=CARTESIAN_POINT('',(8.75E0,-2.2E0,-3.275E0));
#687=LINE('',#686,#685);
#688=DIRECTION('',(0.E0,1.E0,0.E0));
#689=VECTOR('',#688,5.6E0);
#690=CARTESIAN_POINT('',(7.75E0,-2.2E0,-3.275E0));
#691=LINE('',#690,#689);
#692=DIRECTION('',(0.E0,-1.E0,0.E0));
#693=VECTOR('',#692,5.6E0);
#694=CARTESIAN_POINT('',(1.22E1,3.4E0,-2.775E0));
#695=LINE('',#694,#693);
#696=DIRECTION('',(0.E0,-1.E0,0.E0));
#697=VECTOR('',#696,5.6E0);
#698=CARTESIAN_POINT('',(1.22E1,3.4E0,-1.833030277982E0));
#699=LINE('',#698,#697);
#700=DIRECTION('',(0.E0,-1.E0,0.E0));
#701=VECTOR('',#700,5.6E0);
#702=CARTESIAN_POINT('',(1.22E1,3.4E0,1.833030277982E0));
#703=LINE('',#702,#701);
#704=DIRECTION('',(0.E0,1.E0,0.E0));
#705=VECTOR('',#704,5.6E0);
#706=CARTESIAN_POINT('',(-8.75E0,-2.2E0,-3.275E0));
#707=LINE('',#706,#705);
#708=DIRECTION('',(0.E0,1.E0,0.E0));
#709=VECTOR('',#708,5.6E0);
#710=CARTESIAN_POINT('',(-7.75E0,-2.2E0,-3.275E0));
#711=LINE('',#710,#709);
#712=DIRECTION('',(0.E0,-1.E0,0.E0));
#713=VECTOR('',#712,5.6E0);
#714=CARTESIAN_POINT('',(-1.22E1,3.4E0,-1.833030277982E0));
#715=LINE('',#714,#713);
#716=DIRECTION('',(0.E0,-1.E0,0.E0));
#717=VECTOR('',#716,5.6E0);
#718=CARTESIAN_POINT('',(-1.22E1,3.4E0,1.833030277982E0));
#719=LINE('',#718,#717);
#720=DIRECTION('',(0.E0,-1.E0,0.E0));
#721=VECTOR('',#720,5.6E0);
#722=CARTESIAN_POINT('',(-1.22E1,3.4E0,2.775E0));
#723=LINE('',#722,#721);
#724=DIRECTION('',(0.E0,0.E0,-1.E0));
#725=VECTOR('',#724,5.55E0);
#726=CARTESIAN_POINT('',(-4.45E0,-1.7E0,2.775E0));
#727=LINE('',#726,#725);
#728=CARTESIAN_POINT('',(-6.E0,-1.7E0,0.E0));
#729=DIRECTION('',(0.E0,-1.E0,0.E0));
#730=DIRECTION('',(1.E0,0.E0,0.E0));
#731=AXIS2_PLACEMENT_3D('',#728,#729,#730);
#733=CARTESIAN_POINT('',(-6.E0,-1.7E0,0.E0));
#734=DIRECTION('',(0.E0,-1.E0,0.E0));
#735=DIRECTION('',(-1.E0,0.E0,0.E0));
#736=AXIS2_PLACEMENT_3D('',#733,#734,#735);
#738=DIRECTION('',(0.E0,-1.E0,0.E0));
#739=VECTOR('',#738,1.7E0);
#740=CARTESIAN_POINT('',(-4.635E0,0.E0,0.E0));
#741=LINE('',#740,#739);
#742=DIRECTION('',(0.E0,-1.E0,0.E0));
#743=VECTOR('',#742,1.7E0);
#744=CARTESIAN_POINT('',(-7.365E0,0.E0,0.E0));
#745=LINE('',#744,#743);
#746=DIRECTION('',(0.E0,0.E0,-1.E0));
#747=VECTOR('',#746,6.25E-1);
#748=CARTESIAN_POINT('',(-1.05E0,0.E0,2.775E0));
#749=LINE('',#748,#747);
#750=DIRECTION('',(-1.E0,0.E0,0.E0));
#751=VECTOR('',#750,7.25E0);
#752=CARTESIAN_POINT('',(-1.05E0,0.E0,2.15E0));
#753=LINE('',#752,#751);
#754=DIRECTION('',(0.E0,0.E0,-1.E0));
#755=VECTOR('',#754,4.3E0);
#756=CARTESIAN_POINT('',(-8.3E0,0.E0,2.15E0));
#757=LINE('',#756,#755);
#758=DIRECTION('',(1.E0,0.E0,0.E0));
#759=VECTOR('',#758,1.66E1);
#760=CARTESIAN_POINT('',(-8.3E0,0.E0,-2.15E0));
#761=LINE('',#760,#759);
#762=DIRECTION('',(0.E0,0.E0,1.E0));
#763=VECTOR('',#762,4.3E0);
#764=CARTESIAN_POINT('',(8.3E0,0.E0,-2.15E0));
#765=LINE('',#764,#763);
#766=DIRECTION('',(-1.E0,0.E0,0.E0));
#767=VECTOR('',#766,7.25E0);
#768=CARTESIAN_POINT('',(8.3E0,0.E0,2.15E0));
#769=LINE('',#768,#767);
#770=DIRECTION('',(0.E0,0.E0,1.E0));
#771=VECTOR('',#770,6.25E-1);
#772=CARTESIAN_POINT('',(1.05E0,0.E0,2.15E0));
#773=LINE('',#772,#771);
#774=CARTESIAN_POINT('',(-6.E0,0.E0,0.E0));
#775=DIRECTION('',(0.E0,-1.E0,0.E0));
#776=DIRECTION('',(1.E0,0.E0,0.E0));
#777=AXIS2_PLACEMENT_3D('',#774,#775,#776);
#779=CARTESIAN_POINT('',(-6.E0,0.E0,0.E0));
#780=DIRECTION('',(0.E0,-1.E0,0.E0));
#781=DIRECTION('',(-1.E0,0.E0,0.E0));
#782=AXIS2_PLACEMENT_3D('',#779,#780,#781);
#784=CARTESIAN_POINT('',(-2.E0,0.E0,0.E0));
#785=DIRECTION('',(0.E0,-1.E0,0.E0));
#786=DIRECTION('',(1.E0,0.E0,0.E0));
#787=AXIS2_PLACEMENT_3D('',#784,#785,#786);
#789=CARTESIAN_POINT('',(-2.E0,0.E0,0.E0));
#790=DIRECTION('',(0.E0,-1.E0,0.E0));
#791=DIRECTION('',(-1.E0,0.E0,0.E0));
#792=AXIS2_PLACEMENT_3D('',#789,#790,#791);
#794=CARTESIAN_POINT('',(2.E0,0.E0,0.E0));
#795=DIRECTION('',(0.E0,-1.E0,0.E0));
#796=DIRECTION('',(1.E0,0.E0,0.E0));
#797=AXIS2_PLACEMENT_3D('',#794,#795,#796);
#799=CARTESIAN_POINT('',(2.E0,0.E0,0.E0));
#800=DIRECTION('',(0.E0,-1.E0,0.E0));
#801=DIRECTION('',(-1.E0,0.E0,0.E0));
#802=AXIS2_PLACEMENT_3D('',#799,#800,#801);
#804=CARTESIAN_POINT('',(6.E0,0.E0,0.E0));
#805=DIRECTION('',(0.E0,-1.E0,0.E0));
#806=DIRECTION('',(1.E0,0.E0,0.E0));
#807=AXIS2_PLACEMENT_3D('',#804,#805,#806);
#809=CARTESIAN_POINT('',(6.E0,0.E0,0.E0));
#810=DIRECTION('',(0.E0,-1.E0,0.E0));
#811=DIRECTION('',(-1.E0,0.E0,0.E0));
#812=AXIS2_PLACEMENT_3D('',#809,#810,#811);
#814=DIRECTION('',(-1.E0,0.E0,0.E0));
#815=VECTOR('',#814,7.452072594216E0);
#816=CARTESIAN_POINT('',(-1.05E0,3.4E0,2.352072594216E0));
#817=LINE('',#816,#815);
#818=DIRECTION('',(4.472135955E-1,-7.745966692415E-1,-4.472135955E-1));
#819=VECTOR('',#818,4.518480570575E-1);
#820=CARTESIAN_POINT('',(-8.502072594216E0,3.4E0,2.352072594216E0));
#821=LINE('',#820,#819);
#822=DIRECTION('',(-1.E0,0.E0,0.E0));
#823=VECTOR('',#822,7.25E0);
#824=CARTESIAN_POINT('',(-1.05E0,3.05E0,2.15E0));
#825=LINE('',#824,#823);
#826=DIRECTION('',(0.E0,-8.660254037844E-1,-5.E-1));
#827=VECTOR('',#826,4.041451884327E-1);
#828=CARTESIAN_POINT('',(-1.05E0,3.4E0,2.352072594216E0));
#829=LINE('',#828,#827);
#830=DIRECTION('',(0.E0,0.E0,-1.E0));
#831=VECTOR('',#830,4.704145188433E0);
#832=CARTESIAN_POINT('',(-8.502072594216E0,3.4E0,2.352072594216E0));
#833=LINE('',#832,#831);
#834=DIRECTION('',(4.472135955E-1,-7.745966692415E-1,4.472135955E-1));
#835=VECTOR('',#834,4.518480570575E-1);
#836=CARTESIAN_POINT('',(-8.502072594216E0,3.4E0,-2.352072594216E0));
#837=LINE('',#836,#835);
#838=DIRECTION('',(0.E0,0.E0,-1.E0));
#839=VECTOR('',#838,4.3E0);
#840=CARTESIAN_POINT('',(-8.3E0,3.05E0,2.15E0));
#841=LINE('',#840,#839);
#842=DIRECTION('',(1.E0,0.E0,0.E0));
#843=VECTOR('',#842,1.700414518843E1);
#844=CARTESIAN_POINT('',(-8.502072594216E0,3.4E0,-2.352072594216E0));
#845=LINE('',#844,#843);
#846=DIRECTION('',(1.E0,0.E0,0.E0));
#847=VECTOR('',#846,1.66E1);
#848=CARTESIAN_POINT('',(-8.3E0,3.05E0,-2.15E0));
#849=LINE('',#848,#847);
#850=DIRECTION('',(0.E0,0.E0,1.E0));
#851=VECTOR('',#850,4.704145188433E0);
#852=CARTESIAN_POINT('',(8.502072594216E0,3.4E0,-2.352072594216E0));
#853=LINE('',#852,#851);
#854=DIRECTION('',(0.E0,0.E0,1.E0));
#855=VECTOR('',#854,4.3E0);
#856=CARTESIAN_POINT('',(8.3E0,3.05E0,-2.15E0));
#857=LINE('',#856,#855);
#858=DIRECTION('',(-4.472135955E-1,-7.745966692415E-1,4.472135955E-1));
#859=VECTOR('',#858,4.518480570575E-1);
#860=CARTESIAN_POINT('',(8.502072594216E0,3.4E0,-2.352072594216E0));
#861=LINE('',#860,#859);
#862=DIRECTION('',(-1.E0,0.E0,0.E0));
#863=VECTOR('',#862,7.452072594216E0);
#864=CARTESIAN_POINT('',(8.502072594216E0,3.4E0,2.352072594216E0));
#865=LINE('',#864,#863);
#866=DIRECTION('',(0.E0,-8.660254037844E-1,-5.E-1));
#867=VECTOR('',#866,4.041451884327E-1);
#868=CARTESIAN_POINT('',(1.05E0,3.4E0,2.352072594216E0));
#869=LINE('',#868,#867);
#870=DIRECTION('',(-1.E0,0.E0,0.E0));
#871=VECTOR('',#870,7.25E0);
#872=CARTESIAN_POINT('',(8.3E0,3.05E0,2.15E0));
#873=LINE('',#872,#871);
#874=DIRECTION('',(-4.472135955E-1,-7.745966692415E-1,-4.472135955E-1));
#875=VECTOR('',#874,4.518480570575E-1);
#876=CARTESIAN_POINT('',(8.502072594216E0,3.4E0,2.352072594216E0));
#877=LINE('',#876,#875);
#878=DIRECTION('',(0.E0,1.E0,0.E0));
#879=VECTOR('',#878,3.05E0);
#880=CARTESIAN_POINT('',(1.05E0,0.E0,2.15E0));
#881=LINE('',#880,#879);
#882=DIRECTION('',(0.E0,1.E0,0.E0));
#883=VECTOR('',#882,3.05E0);
#884=CARTESIAN_POINT('',(8.3E0,0.E0,2.15E0));
#885=LINE('',#884,#883);
#886=DIRECTION('',(0.E0,1.E0,0.E0));
#887=VECTOR('',#886,3.05E0);
#888=CARTESIAN_POINT('',(8.3E0,0.E0,-2.15E0));
#889=LINE('',#888,#887);
#890=DIRECTION('',(0.E0,1.E0,0.E0));
#891=VECTOR('',#890,3.05E0);
#892=CARTESIAN_POINT('',(-8.3E0,0.E0,-2.15E0));
#893=LINE('',#892,#891);
#894=DIRECTION('',(0.E0,1.E0,0.E0));
#895=VECTOR('',#894,3.05E0);
#896=CARTESIAN_POINT('',(-8.3E0,0.E0,2.15E0));
#897=LINE('',#896,#895);
#898=DIRECTION('',(0.E0,1.E0,0.E0));
#899=VECTOR('',#898,3.05E0);
#900=CARTESIAN_POINT('',(-1.05E0,0.E0,2.15E0));
#901=LINE('',#900,#899);
#902=DIRECTION('',(0.E0,-1.E0,0.E0));
#903=VECTOR('',#902,1.7E0);
#904=CARTESIAN_POINT('',(-6.35E-1,0.E0,0.E0));
#905=LINE('',#904,#903);
#906=DIRECTION('',(0.E0,0.E0,-1.E0));
#907=VECTOR('',#906,5.55E0);
#908=CARTESIAN_POINT('',(-4.5E-1,-1.7E0,2.775E0));
#909=LINE('',#908,#907);
#910=CARTESIAN_POINT('',(-2.E0,-1.7E0,0.E0));
#911=DIRECTION('',(0.E0,-1.E0,0.E0));
#912=DIRECTION('',(1.E0,0.E0,0.E0));
#913=AXIS2_PLACEMENT_3D('',#910,#911,#912);
#915=CARTESIAN_POINT('',(-2.E0,-1.7E0,0.E0));
#916=DIRECTION('',(0.E0,-1.E0,0.E0));
#917=DIRECTION('',(-1.E0,0.E0,0.E0));
#918=AXIS2_PLACEMENT_3D('',#915,#916,#917);
#920=DIRECTION('',(0.E0,0.E0,-1.E0));
#921=VECTOR('',#920,5.55E0);
#922=CARTESIAN_POINT('',(-3.55E0,-1.7E0,2.775E0));
#923=LINE('',#922,#921);
#924=DIRECTION('',(0.E0,-1.E0,0.E0));
#925=VECTOR('',#924,1.7E0);
#926=CARTESIAN_POINT('',(-3.365E0,0.E0,0.E0));
#927=LINE('',#926,#925);
#928=DIRECTION('',(0.E0,-1.E0,0.E0));
#929=VECTOR('',#928,1.7E0);
#930=CARTESIAN_POINT('',(3.365E0,0.E0,0.E0));
#931=LINE('',#930,#929);
#932=DIRECTION('',(0.E0,0.E0,-1.E0));
#933=VECTOR('',#932,5.55E0);
#934=CARTESIAN_POINT('',(3.55E0,-1.7E0,2.775E0));
#935=LINE('',#934,#933);
#936=CARTESIAN_POINT('',(2.E0,-1.7E0,0.E0));
#937=DIRECTION('',(0.E0,-1.E0,0.E0));
#938=DIRECTION('',(1.E0,0.E0,0.E0));
#939=AXIS2_PLACEMENT_3D('',#936,#937,#938);
#941=CARTESIAN_POINT('',(2.E0,-1.7E0,0.E0));
#942=DIRECTION('',(0.E0,-1.E0,0.E0));
#943=DIRECTION('',(-1.E0,0.E0,0.E0));
#944=AXIS2_PLACEMENT_3D('',#941,#942,#943);
#946=DIRECTION('',(0.E0,0.E0,-1.E0));
#947=VECTOR('',#946,5.55E0);
#948=CARTESIAN_POINT('',(4.5E-1,-1.7E0,2.775E0));
#949=LINE('',#948,#947);
#950=DIRECTION('',(0.E0,-1.E0,0.E0));
#951=VECTOR('',#950,1.7E0);
#952=CARTESIAN_POINT('',(6.35E-1,0.E0,0.E0));
#953=LINE('',#952,#951);
#954=DIRECTION('',(0.E0,-1.E0,0.E0));
#955=VECTOR('',#954,1.7E0);
#956=CARTESIAN_POINT('',(7.365E0,0.E0,0.E0));
#957=LINE('',#956,#955);
#958=DIRECTION('',(0.E0,-1.E0,0.E0));
#959=VECTOR('',#958,1.7E0);
#960=CARTESIAN_POINT('',(4.635E0,0.E0,0.E0));
#961=LINE('',#960,#959);
#962=CARTESIAN_POINT('',(-1.05E0,0.E0,2.15E0));
#963=CARTESIAN_POINT('',(-8.3E0,0.E0,2.15E0));
#964=VERTEX_POINT('',#962);
#965=VERTEX_POINT('',#963);
#966=CARTESIAN_POINT('',(-8.3E0,0.E0,-2.15E0));
#967=VERTEX_POINT('',#966);
#968=CARTESIAN_POINT('',(8.3E0,0.E0,-2.15E0));
#969=VERTEX_POINT('',#968);
#970=CARTESIAN_POINT('',(8.3E0,0.E0,2.15E0));
#971=VERTEX_POINT('',#970);
#972=CARTESIAN_POINT('',(1.05E0,0.E0,2.15E0));
#973=VERTEX_POINT('',#972);
#974=CARTESIAN_POINT('',(1.05E0,0.E0,2.775E0));
#975=CARTESIAN_POINT('',(-1.05E0,0.E0,2.775E0));
#976=VERTEX_POINT('',#974);
#977=VERTEX_POINT('',#975);
#978=CARTESIAN_POINT('',(-1.05E0,3.4E0,2.775E0));
#979=VERTEX_POINT('',#978);
#980=CARTESIAN_POINT('',(1.05E0,3.4E0,2.775E0));
#981=VERTEX_POINT('',#980);
#982=CARTESIAN_POINT('',(1.22E1,3.4E0,2.775E0));
#983=VERTEX_POINT('',#982);
#984=CARTESIAN_POINT('',(-1.22E1,3.4E0,2.775E0));
#985=VERTEX_POINT('',#984);
#986=CARTESIAN_POINT('',(-8.502072594216E0,3.4E0,-2.352072594216E0));
#987=CARTESIAN_POINT('',(8.502072594216E0,3.4E0,-2.352072594216E0));
#988=VERTEX_POINT('',#986);
#989=VERTEX_POINT('',#987);
#990=CARTESIAN_POINT('',(-8.3E0,3.05E0,-2.15E0));
#991=CARTESIAN_POINT('',(8.3E0,3.05E0,-2.15E0));
#992=VERTEX_POINT('',#990);
#993=VERTEX_POINT('',#991);
#994=CARTESIAN_POINT('',(-8.502072594216E0,3.4E0,2.352072594216E0));
#995=VERTEX_POINT('',#994);
#996=CARTESIAN_POINT('',(-8.3E0,3.05E0,2.15E0));
#997=VERTEX_POINT('',#996);
#998=CARTESIAN_POINT('',(-1.05E0,3.4E0,2.352072594216E0));
#999=VERTEX_POINT('',#998);
#1000=CARTESIAN_POINT('',(-1.05E0,3.05E0,2.15E0));
#1001=VERTEX_POINT('',#1000);
#1002=CARTESIAN_POINT('',(8.502072594216E0,3.4E0,2.352072594216E0));
#1003=VERTEX_POINT('',#1002);
#1004=CARTESIAN_POINT('',(8.3E0,3.05E0,2.15E0));
#1005=VERTEX_POINT('',#1004);
#1006=CARTESIAN_POINT('',(1.05E0,3.4E0,2.352072594216E0));
#1007=VERTEX_POINT('',#1006);
#1008=CARTESIAN_POINT('',(1.05E0,3.05E0,2.15E0));
#1009=VERTEX_POINT('',#1008);
#1010=CARTESIAN_POINT('',(1.2E1,-1.4E0,0.E0));
#1011=CARTESIAN_POINT('',(9.E0,-1.4E0,0.E0));
#1012=VERTEX_POINT('',#1010);
#1013=VERTEX_POINT('',#1011);
#1014=CARTESIAN_POINT('',(1.2125E1,2.4E0,0.E0));
#1015=CARTESIAN_POINT('',(8.875E0,2.4E0,0.E0));
#1016=VERTEX_POINT('',#1014);
#1017=VERTEX_POINT('',#1015);
#1018=CARTESIAN_POINT('',(1.2125E1,3.4E0,0.E0));
#1019=CARTESIAN_POINT('',(8.875E0,3.4E0,0.E0));
#1020=VERTEX_POINT('',#1018);
#1021=VERTEX_POINT('',#1019);
#1022=CARTESIAN_POINT('',(1.2E1,2.4E0,0.E0));
#1023=CARTESIAN_POINT('',(9.E0,2.4E0,0.E0));
#1024=VERTEX_POINT('',#1022);
#1025=VERTEX_POINT('',#1023);
#1026=CARTESIAN_POINT('',(1.22E1,3.4E0,-2.775E0));
#1027=CARTESIAN_POINT('',(1.22E1,3.4E0,-1.833030277982E0));
#1028=VERTEX_POINT('',#1026);
#1029=VERTEX_POINT('',#1027);
#1030=CARTESIAN_POINT('',(1.22E1,3.4E0,1.833030277982E0));
#1031=VERTEX_POINT('',#1030);
#1032=CARTESIAN_POINT('',(-1.22E1,3.4E0,1.833030277982E0));
#1033=VERTEX_POINT('',#1032);
#1034=CARTESIAN_POINT('',(-1.22E1,3.4E0,-1.833030277982E0));
#1035=VERTEX_POINT('',#1034);
#1036=CARTESIAN_POINT('',(-1.22E1,3.4E0,-2.775E0));
#1037=VERTEX_POINT('',#1036);
#1038=CARTESIAN_POINT('',(1.22E1,-2.2E0,-2.775E0));
#1039=CARTESIAN_POINT('',(1.22E1,-2.2E0,-1.833030277982E0));
#1040=VERTEX_POINT('',#1038);
#1041=VERTEX_POINT('',#1039);
#1042=CARTESIAN_POINT('',(1.22E1,-2.2E0,1.833030277982E0));
#1043=VERTEX_POINT('',#1042);
#1044=CARTESIAN_POINT('',(1.22E1,-2.2E0,2.775E0));
#1045=VERTEX_POINT('',#1044);
#1046=CARTESIAN_POINT('',(-1.22E1,-2.2E0,2.775E0));
#1047=CARTESIAN_POINT('',(-1.22E1,-2.2E0,1.833030277982E0));
#1048=VERTEX_POINT('',#1046);
#1049=VERTEX_POINT('',#1047);
#1050=CARTESIAN_POINT('',(-1.22E1,-2.2E0,-1.833030277982E0));
#1051=VERTEX_POINT('',#1050);
#1052=CARTESIAN_POINT('',(-1.22E1,-2.2E0,-2.775E0));
#1053=VERTEX_POINT('',#1052);
#1054=CARTESIAN_POINT('',(1.205E1,-2.2E0,-1.45E0));
#1055=CARTESIAN_POINT('',(1.205E1,-1.4E0,-1.45E0));
#1056=VERTEX_POINT('',#1054);
#1057=VERTEX_POINT('',#1055);
#1058=CARTESIAN_POINT('',(1.195E1,-2.2E0,-1.55E0));
#1059=CARTESIAN_POINT('',(1.195E1,-1.4E0,-1.55E0));
#1060=VERTEX_POINT('',#1058);
#1061=VERTEX_POINT('',#1059);
#1062=CARTESIAN_POINT('',(9.05E0,-2.2E0,-1.55E0));
#1063=CARTESIAN_POINT('',(9.05E0,-1.4E0,-1.55E0));
#1064=VERTEX_POINT('',#1062);
#1065=VERTEX_POINT('',#1063);
#1066=CARTESIAN_POINT('',(8.95E0,-2.2E0,-1.45E0));
#1067=CARTESIAN_POINT('',(8.95E0,-1.4E0,-1.45E0));
#1068=VERTEX_POINT('',#1066);
#1069=VERTEX_POINT('',#1067);
#1070=CARTESIAN_POINT('',(8.95E0,-2.2E0,1.45E0));
#1071=CARTESIAN_POINT('',(8.95E0,-1.4E0,1.45E0));
#1072=VERTEX_POINT('',#1070);
#1073=VERTEX_POINT('',#1071);
#1074=CARTESIAN_POINT('',(9.05E0,-2.2E0,1.55E0));
#1075=CARTESIAN_POINT('',(9.05E0,-1.4E0,1.55E0));
#1076=VERTEX_POINT('',#1074);
#1077=VERTEX_POINT('',#1075);
#1078=CARTESIAN_POINT('',(1.195E1,-2.2E0,1.55E0));
#1079=CARTESIAN_POINT('',(1.195E1,-1.4E0,1.55E0));
#1080=VERTEX_POINT('',#1078);
#1081=VERTEX_POINT('',#1079);
#1082=CARTESIAN_POINT('',(1.205E1,-2.2E0,1.45E0));
#1083=CARTESIAN_POINT('',(1.205E1,-1.4E0,1.45E0));
#1084=VERTEX_POINT('',#1082);
#1085=VERTEX_POINT('',#1083);
#1086=CARTESIAN_POINT('',(-9.E0,-1.4E0,0.E0));
#1087=CARTESIAN_POINT('',(-1.2E1,-1.4E0,0.E0));
#1088=VERTEX_POINT('',#1086);
#1089=VERTEX_POINT('',#1087);
#1090=CARTESIAN_POINT('',(-1.2125E1,2.4E0,0.E0));
#1091=CARTESIAN_POINT('',(-8.875E0,2.4E0,0.E0));
#1092=VERTEX_POINT('',#1090);
#1093=VERTEX_POINT('',#1091);
#1094=CARTESIAN_POINT('',(-1.2125E1,3.4E0,0.E0));
#1095=CARTESIAN_POINT('',(-8.875E0,3.4E0,0.E0));
#1096=VERTEX_POINT('',#1094);
#1097=VERTEX_POINT('',#1095);
#1098=CARTESIAN_POINT('',(-9.E0,2.4E0,0.E0));
#1099=CARTESIAN_POINT('',(-1.2E1,2.4E0,0.E0));
#1100=VERTEX_POINT('',#1098);
#1101=VERTEX_POINT('',#1099);
#1102=CARTESIAN_POINT('',(-1.205E1,-1.4E0,-1.45E0));
#1103=CARTESIAN_POINT('',(-1.205E1,-2.2E0,-1.45E0));
#1104=VERTEX_POINT('',#1102);
#1105=VERTEX_POINT('',#1103);
#1106=CARTESIAN_POINT('',(-1.195E1,-1.4E0,-1.55E0));
#1107=VERTEX_POINT('',#1106);
#1108=CARTESIAN_POINT('',(-1.195E1,-2.2E0,-1.55E0));
#1109=VERTEX_POINT('',#1108);
#1110=CARTESIAN_POINT('',(-9.05E0,-1.4E0,-1.55E0));
#1111=CARTESIAN_POINT('',(-9.05E0,-2.2E0,-1.55E0));
#1112=VERTEX_POINT('',#1110);
#1113=VERTEX_POINT('',#1111);
#1114=CARTESIAN_POINT('',(-8.95E0,-1.4E0,-1.45E0));
#1115=VERTEX_POINT('',#1114);
#1116=CARTESIAN_POINT('',(-8.95E0,-2.2E0,-1.45E0));
#1117=VERTEX_POINT('',#1116);
#1118=CARTESIAN_POINT('',(-8.95E0,-1.4E0,1.45E0));
#1119=CARTESIAN_POINT('',(-8.95E0,-2.2E0,1.45E0));
#1120=VERTEX_POINT('',#1118);
#1121=VERTEX_POINT('',#1119);
#1122=CARTESIAN_POINT('',(-9.05E0,-1.4E0,1.55E0));
#1123=VERTEX_POINT('',#1122);
#1124=CARTESIAN_POINT('',(-9.05E0,-2.2E0,1.55E0));
#1125=VERTEX_POINT('',#1124);
#1126=CARTESIAN_POINT('',(-1.195E1,-1.4E0,1.55E0));
#1127=CARTESIAN_POINT('',(-1.195E1,-2.2E0,1.55E0));
#1128=VERTEX_POINT('',#1126);
#1129=VERTEX_POINT('',#1127);
#1130=CARTESIAN_POINT('',(-1.205E1,-1.4E0,1.45E0));
#1131=VERTEX_POINT('',#1130);
#1132=CARTESIAN_POINT('',(-1.205E1,-2.2E0,1.45E0));
#1133=VERTEX_POINT('',#1132);
#1134=CARTESIAN_POINT('',(-4.635E0,0.E0,0.E0));
#1135=CARTESIAN_POINT('',(-7.365E0,0.E0,0.E0));
#1136=VERTEX_POINT('',#1134);
#1137=VERTEX_POINT('',#1135);
#1138=CARTESIAN_POINT('',(-7.55E0,-2.2E0,2.775E0));
#1139=CARTESIAN_POINT('',(-7.55E0,-2.2E0,-2.775E0));
#1140=VERTEX_POINT('',#1138);
#1141=VERTEX_POINT('',#1139);
#1142=CARTESIAN_POINT('',(-4.45E0,-2.2E0,2.775E0));
#1143=CARTESIAN_POINT('',(-4.45E0,-2.2E0,-2.775E0));
#1144=VERTEX_POINT('',#1142);
#1145=VERTEX_POINT('',#1143);
#1146=CARTESIAN_POINT('',(-7.55E0,-1.7E0,2.775E0));
#1147=VERTEX_POINT('',#1146);
#1148=CARTESIAN_POINT('',(-4.45E0,-1.7E0,2.775E0));
#1149=VERTEX_POINT('',#1148);
#1150=CARTESIAN_POINT('',(-7.55E0,-1.7E0,-2.775E0));
#1151=VERTEX_POINT('',#1150);
#1152=CARTESIAN_POINT('',(-4.45E0,-1.7E0,-2.775E0));
#1153=VERTEX_POINT('',#1152);
#1154=CARTESIAN_POINT('',(-4.635E0,-1.7E0,0.E0));
#1155=CARTESIAN_POINT('',(-7.365E0,-1.7E0,0.E0));
#1156=VERTEX_POINT('',#1154);
#1157=VERTEX_POINT('',#1155);
#1158=CARTESIAN_POINT('',(8.75E0,-2.2E0,-3.275E0));
#1159=CARTESIAN_POINT('',(7.75E0,-2.2E0,-3.275E0));
#1160=VERTEX_POINT('',#1158);
#1161=VERTEX_POINT('',#1159);
#1162=CARTESIAN_POINT('',(-7.75E0,-2.2E0,-3.275E0));
#1163=CARTESIAN_POINT('',(-8.75E0,-2.2E0,-3.275E0));
#1164=VERTEX_POINT('',#1162);
#1165=VERTEX_POINT('',#1163);
#1166=CARTESIAN_POINT('',(8.75E0,3.4E0,-3.275E0));
#1167=CARTESIAN_POINT('',(7.75E0,3.4E0,-3.275E0));
#1168=VERTEX_POINT('',#1166);
#1169=VERTEX_POINT('',#1167);
#1170=CARTESIAN_POINT('',(-7.75E0,3.4E0,-3.275E0));
#1171=CARTESIAN_POINT('',(-8.75E0,3.4E0,-3.275E0));
#1172=VERTEX_POINT('',#1170);
#1173=VERTEX_POINT('',#1171);
#1174=CARTESIAN_POINT('',(8.75E0,3.4E0,-2.775E0));
#1175=CARTESIAN_POINT('',(8.75E0,-2.2E0,-2.775E0));
#1176=VERTEX_POINT('',#1174);
#1177=VERTEX_POINT('',#1175);
#1178=CARTESIAN_POINT('',(7.75E0,3.4E0,-2.775E0));
#1179=CARTESIAN_POINT('',(7.75E0,-2.2E0,-2.775E0));
#1180=VERTEX_POINT('',#1178);
#1181=VERTEX_POINT('',#1179);
#1182=CARTESIAN_POINT('',(-7.75E0,3.4E0,-2.775E0));
#1183=CARTESIAN_POINT('',(-7.75E0,-2.2E0,-2.775E0));
#1184=VERTEX_POINT('',#1182);
#1185=VERTEX_POINT('',#1183);
#1186=CARTESIAN_POINT('',(-8.75E0,3.4E0,-2.775E0));
#1187=CARTESIAN_POINT('',(-8.75E0,-2.2E0,-2.775E0));
#1188=VERTEX_POINT('',#1186);
#1189=VERTEX_POINT('',#1187);
#1190=CARTESIAN_POINT('',(-6.35E-1,0.E0,0.E0));
#1191=CARTESIAN_POINT('',(-3.365E0,0.E0,0.E0));
#1192=VERTEX_POINT('',#1190);
#1193=VERTEX_POINT('',#1191);
#1194=CARTESIAN_POINT('',(-3.55E0,-2.2E0,2.775E0));
#1195=CARTESIAN_POINT('',(-3.55E0,-2.2E0,-2.775E0));
#1196=VERTEX_POINT('',#1194);
#1197=VERTEX_POINT('',#1195);
#1198=CARTESIAN_POINT('',(-4.5E-1,-2.2E0,2.775E0));
#1199=CARTESIAN_POINT('',(-4.5E-1,-2.2E0,-2.775E0));
#1200=VERTEX_POINT('',#1198);
#1201=VERTEX_POINT('',#1199);
#1202=CARTESIAN_POINT('',(-3.55E0,-1.7E0,2.775E0));
#1203=VERTEX_POINT('',#1202);
#1204=CARTESIAN_POINT('',(-4.5E-1,-1.7E0,2.775E0));
#1205=VERTEX_POINT('',#1204);
#1206=CARTESIAN_POINT('',(-3.55E0,-1.7E0,-2.775E0));
#1207=VERTEX_POINT('',#1206);
#1208=CARTESIAN_POINT('',(-4.5E-1,-1.7E0,-2.775E0));
#1209=VERTEX_POINT('',#1208);
#1210=CARTESIAN_POINT('',(-6.35E-1,-1.7E0,0.E0));
#1211=CARTESIAN_POINT('',(-3.365E0,-1.7E0,0.E0));
#1212=VERTEX_POINT('',#1210);
#1213=VERTEX_POINT('',#1211);
#1214=CARTESIAN_POINT('',(3.365E0,0.E0,0.E0));
#1215=CARTESIAN_POINT('',(6.35E-1,0.E0,0.E0));
#1216=VERTEX_POINT('',#1214);
#1217=VERTEX_POINT('',#1215);
#1218=CARTESIAN_POINT('',(4.5E-1,-2.2E0,2.775E0));
#1219=CARTESIAN_POINT('',(4.5E-1,-2.2E0,-2.775E0));
#1220=VERTEX_POINT('',#1218);
#1221=VERTEX_POINT('',#1219);
#1222=CARTESIAN_POINT('',(3.55E0,-2.2E0,2.775E0));
#1223=CARTESIAN_POINT('',(3.55E0,-2.2E0,-2.775E0));
#1224=VERTEX_POINT('',#1222);
#1225=VERTEX_POINT('',#1223);
#1226=CARTESIAN_POINT('',(4.5E-1,-1.7E0,2.775E0));
#1227=VERTEX_POINT('',#1226);
#1228=CARTESIAN_POINT('',(3.55E0,-1.7E0,2.775E0));
#1229=VERTEX_POINT('',#1228);
#1230=CARTESIAN_POINT('',(4.5E-1,-1.7E0,-2.775E0));
#1231=VERTEX_POINT('',#1230);
#1232=CARTESIAN_POINT('',(3.55E0,-1.7E0,-2.775E0));
#1233=VERTEX_POINT('',#1232);
#1234=CARTESIAN_POINT('',(3.365E0,-1.7E0,0.E0));
#1235=CARTESIAN_POINT('',(6.35E-1,-1.7E0,0.E0));
#1236=VERTEX_POINT('',#1234);
#1237=VERTEX_POINT('',#1235);
#1238=CARTESIAN_POINT('',(7.365E0,0.E0,0.E0));
#1239=CARTESIAN_POINT('',(4.635E0,0.E0,0.E0));
#1240=VERTEX_POINT('',#1238);
#1241=VERTEX_POINT('',#1239);
#1242=CARTESIAN_POINT('',(4.45E0,-2.2E0,2.775E0));
#1243=CARTESIAN_POINT('',(4.45E0,-2.2E0,-2.775E0));
#1244=VERTEX_POINT('',#1242);
#1245=VERTEX_POINT('',#1243);
#1246=CARTESIAN_POINT('',(7.55E0,-2.2E0,2.775E0));
#1247=CARTESIAN_POINT('',(7.55E0,-2.2E0,-2.775E0));
#1248=VERTEX_POINT('',#1246);
#1249=VERTEX_POINT('',#1247);
#1250=CARTESIAN_POINT('',(4.45E0,-1.7E0,2.775E0));
#1251=VERTEX_POINT('',#1250);
#1252=CARTESIAN_POINT('',(7.55E0,-1.7E0,2.775E0));
#1253=VERTEX_POINT('',#1252);
#1254=CARTESIAN_POINT('',(4.45E0,-1.7E0,-2.775E0));
#1255=VERTEX_POINT('',#1254);
#1256=CARTESIAN_POINT('',(7.55E0,-1.7E0,-2.775E0));
#1257=VERTEX_POINT('',#1256);
#1258=CARTESIAN_POINT('',(7.365E0,-1.7E0,0.E0));
#1259=CARTESIAN_POINT('',(4.635E0,-1.7E0,0.E0));
#1260=VERTEX_POINT('',#1258);
#1261=VERTEX_POINT('',#1259);
#1262=CARTESIAN_POINT('',(0.E0,3.4E0,0.E0));
#1263=DIRECTION('',(0.E0,-1.E0,0.E0));
#1264=DIRECTION('',(-1.E0,0.E0,0.E0));
#1265=AXIS2_PLACEMENT_3D('',#1262,#1263,#1264);
#1266=PLANE('',#1265);
#1268=ORIENTED_EDGE('',*,*,#1267,.T.);
#1270=ORIENTED_EDGE('',*,*,#1269,.F.);
#1272=ORIENTED_EDGE('',*,*,#1271,.F.);
#1274=ORIENTED_EDGE('',*,*,#1273,.F.);
#1276=ORIENTED_EDGE('',*,*,#1275,.T.);
#1278=ORIENTED_EDGE('',*,*,#1277,.F.);
#1280=ORIENTED_EDGE('',*,*,#1279,.F.);
#1282=ORIENTED_EDGE('',*,*,#1281,.F.);
#1284=ORIENTED_EDGE('',*,*,#1283,.T.);
#1286=ORIENTED_EDGE('',*,*,#1285,.T.);
#1288=ORIENTED_EDGE('',*,*,#1287,.T.);
#1290=ORIENTED_EDGE('',*,*,#1289,.T.);
#1292=ORIENTED_EDGE('',*,*,#1291,.T.);
#1294=ORIENTED_EDGE('',*,*,#1293,.T.);
#1296=ORIENTED_EDGE('',*,*,#1295,.F.);
#1298=ORIENTED_EDGE('',*,*,#1297,.F.);
#1300=ORIENTED_EDGE('',*,*,#1299,.F.);
#1302=ORIENTED_EDGE('',*,*,#1301,.F.);
#1304=ORIENTED_EDGE('',*,*,#1303,.F.);
#1306=ORIENTED_EDGE('',*,*,#1305,.F.);
#1308=ORIENTED_EDGE('',*,*,#1307,.T.);
#1310=ORIENTED_EDGE('',*,*,#1309,.T.);
#1312=ORIENTED_EDGE('',*,*,#1311,.T.);
#1314=ORIENTED_EDGE('',*,*,#1313,.T.);
#1315=EDGE_LOOP('',(#1268,#1270,#1272,#1274,#1276,#1278,#1280,#1282,#1284,#1286,
#1288,#1290,#1292,#1294,#1296,#1298,#1300,#1302,#1304,#1306,#1308,#1310,#1312,
#1314));
#1316=FACE_OUTER_BOUND('',#1315,.F.);
#1318=ORIENTED_EDGE('',*,*,#1317,.F.);
#1320=ORIENTED_EDGE('',*,*,#1319,.F.);
#1321=EDGE_LOOP('',(#1318,#1320));
#1322=FACE_BOUND('',#1321,.F.);
#1324=ORIENTED_EDGE('',*,*,#1323,.T.);
#1326=ORIENTED_EDGE('',*,*,#1325,.T.);
#1327=EDGE_LOOP('',(#1324,#1326));
#1328=FACE_BOUND('',#1327,.F.);
#1329=ADVANCED_FACE('',(#1316,#1322,#1328),#1266,.F.);
#1330=CARTESIAN_POINT('',(1.05E1,3.4E0,0.E0));
#1331=DIRECTION('',(0.E0,-1.E0,0.E0));
#1332=DIRECTION('',(1.E0,0.E0,0.E0));
#1333=AXIS2_PLACEMENT_3D('',#1330,#1331,#1332);
#1334=CYLINDRICAL_SURFACE('',#1333,1.625E0);
#1335=ORIENTED_EDGE('',*,*,#1317,.T.);
#1337=ORIENTED_EDGE('',*,*,#1336,.T.);
#1339=ORIENTED_EDGE('',*,*,#1338,.F.);
#1341=ORIENTED_EDGE('',*,*,#1340,.F.);
#1342=EDGE_LOOP('',(#1335,#1337,#1339,#1341));
#1343=FACE_OUTER_BOUND('',#1342,.F.);
#1344=ADVANCED_FACE('',(#1343),#1334,.F.);
#1345=CARTESIAN_POINT('',(1.05E1,3.4E0,0.E0));
#1346=DIRECTION('',(0.E0,-1.E0,0.E0));
#1347=DIRECTION('',(1.E0,0.E0,0.E0));
#1348=AXIS2_PLACEMENT_3D('',#1345,#1346,#1347);
#1349=CYLINDRICAL_SURFACE('',#1348,1.625E0);
#1350=ORIENTED_EDGE('',*,*,#1319,.T.);
#1351=ORIENTED_EDGE('',*,*,#1340,.T.);
#1353=ORIENTED_EDGE('',*,*,#1352,.F.);
#1354=ORIENTED_EDGE('',*,*,#1336,.F.);
#1355=EDGE_LOOP('',(#1350,#1351,#1353,#1354));
#1356=FACE_OUTER_BOUND('',#1355,.F.);
#1357=ADVANCED_FACE('',(#1356),#1349,.F.);
#1358=CARTESIAN_POINT('',(1.05E1,2.4E0,0.E0));
#1359=DIRECTION('',(0.E0,-1.E0,0.E0));
#1360=DIRECTION('',(1.E0,0.E0,0.E0));
#1361=AXIS2_PLACEMENT_3D('',#1358,#1359,#1360);
#1362=PLANE('',#1361);
#1363=ORIENTED_EDGE('',*,*,#1338,.T.);
#1364=ORIENTED_EDGE('',*,*,#1352,.T.);
#1365=EDGE_LOOP('',(#1363,#1364));
#1366=FACE_OUTER_BOUND('',#1365,.F.);
#1368=ORIENTED_EDGE('',*,*,#1367,.F.);
#1370=ORIENTED_EDGE('',*,*,#1369,.F.);
#1371=EDGE_LOOP('',(#1368,#1370));
#1372=FACE_BOUND('',#1371,.F.);
#1373=ADVANCED_FACE('',(#1366,#1372),#1362,.F.);
#1374=CARTESIAN_POINT('',(1.05E1,3.4E0,0.E0));
#1375=DIRECTION('',(0.E0,-1.E0,0.E0));
#1376=DIRECTION('',(-1.E0,0.E0,0.E0));
#1377=AXIS2_PLACEMENT_3D('',#1374,#1375,#1376);
#1378=CYLINDRICAL_SURFACE('',#1377,1.5E0);
#1379=ORIENTED_EDGE('',*,*,#1367,.T.);
#1381=ORIENTED_EDGE('',*,*,#1380,.T.);
#1383=ORIENTED_EDGE('',*,*,#1382,.F.);
#1385=ORIENTED_EDGE('',*,*,#1384,.F.);
#1386=EDGE_LOOP('',(#1379,#1381,#1383,#1385));
#1387=FACE_OUTER_BOUND('',#1386,.F.);
#1388=ADVANCED_FACE('',(#1387),#1378,.F.);
#1389=CARTESIAN_POINT('',(1.05E1,3.4E0,0.E0));
#1390=DIRECTION('',(0.E0,-1.E0,0.E0));
#1391=DIRECTION('',(-1.E0,0.E0,0.E0));
#1392=AXIS2_PLACEMENT_3D('',#1389,#1390,#1391);
#1393=CYLINDRICAL_SURFACE('',#1392,1.5E0);
#1394=ORIENTED_EDGE('',*,*,#1369,.T.);
#1395=ORIENTED_EDGE('',*,*,#1384,.T.);
#1397=ORIENTED_EDGE('',*,*,#1396,.F.);
#1398=ORIENTED_EDGE('',*,*,#1380,.F.);
#1399=EDGE_LOOP('',(#1394,#1395,#1397,#1398));
#1400=FACE_OUTER_BOUND('',#1399,.F.);
#1401=ADVANCED_FACE('',(#1400),#1393,.F.);
#1402=CARTESIAN_POINT('',(0.E0,-1.4E0,0.E0));
#1403=DIRECTION('',(0.E0,-1.E0,0.E0));
#1404=DIRECTION('',(-1.E0,0.E0,0.E0));
#1405=AXIS2_PLACEMENT_3D('',#1402,#1403,#1404);
#1406=PLANE('',#1405);
#1408=ORIENTED_EDGE('',*,*,#1407,.F.);
#1410=ORIENTED_EDGE('',*,*,#1409,.F.);
#1412=ORIENTED_EDGE('',*,*,#1411,.F.);
#1414=ORIENTED_EDGE('',*,*,#1413,.F.);
#1416=ORIENTED_EDGE('',*,*,#1415,.F.);
#1418=ORIENTED_EDGE('',*,*,#1417,.F.);
#1420=ORIENTED_EDGE('',*,*,#1419,.F.);
#1422=ORIENTED_EDGE('',*,*,#1421,.F.);
#1423=EDGE_LOOP('',(#1408,#1410,#1412,#1414,#1416,#1418,#1420,#1422));
#1424=FACE_OUTER_BOUND('',#1423,.F.);
#1425=ORIENTED_EDGE('',*,*,#1382,.T.);
#1426=ORIENTED_EDGE('',*,*,#1396,.T.);
#1427=EDGE_LOOP('',(#1425,#1426));
#1428=FACE_BOUND('',#1427,.F.);
#1429=ADVANCED_FACE('',(#1424,#1428),#1406,.T.);
#1430=CARTESIAN_POINT('',(1.195E1,-2.245759702148E0,-1.45E0));
#1431=DIRECTION('',(0.E0,1.E0,0.E0));
#1432=DIRECTION('',(1.E0,0.E0,0.E0));
#1433=AXIS2_PLACEMENT_3D('',#1430,#1431,#1432);
#1434=CYLINDRICAL_SURFACE('',#1433,1.E-1);
#1436=ORIENTED_EDGE('',*,*,#1435,.F.);
#1438=ORIENTED_EDGE('',*,*,#1437,.T.);
#1440=ORIENTED_EDGE('',*,*,#1439,.T.);
#1441=ORIENTED_EDGE('',*,*,#1407,.T.);
#1442=EDGE_LOOP('',(#1436,#1438,#1440,#1441));
#1443=FACE_OUTER_BOUND('',#1442,.F.);
#1444=ADVANCED_FACE('',(#1443),#1434,.F.);
#1445=CARTESIAN_POINT('',(1.205E1,-2.2E0,-1.55E0));
#1446=DIRECTION('',(1.E0,0.E0,0.E0));
#1447=DIRECTION('',(0.E0,0.E0,1.E0));
#1448=AXIS2_PLACEMENT_3D('',#1445,#1446,#1447);
#1449=PLANE('',#1448);
#1450=ORIENTED_EDGE('',*,*,#1435,.T.);
#1451=ORIENTED_EDGE('',*,*,#1421,.T.);
#1453=ORIENTED_EDGE('',*,*,#1452,.F.);
#1455=ORIENTED_EDGE('',*,*,#1454,.F.);
#1456=EDGE_LOOP('',(#1450,#1451,#1453,#1455));
#1457=FACE_OUTER_BOUND('',#1456,.F.);
#1458=ADVANCED_FACE('',(#1457),#1449,.F.);
#1459=CARTESIAN_POINT('',(1.195E1,-2.245759702148E0,1.45E0));
#1460=DIRECTION('',(0.E0,1.E0,0.E0));
#1461=DIRECTION('',(0.E0,0.E0,1.E0));
#1462=AXIS2_PLACEMENT_3D('',#1459,#1460,#1461);
#1463=CYLINDRICAL_SURFACE('',#1462,1.E-1);
#1465=ORIENTED_EDGE('',*,*,#1464,.F.);
#1467=ORIENTED_EDGE('',*,*,#1466,.T.);
#1468=ORIENTED_EDGE('',*,*,#1452,.T.);
#1469=ORIENTED_EDGE('',*,*,#1419,.T.);
#1470=EDGE_LOOP('',(#1465,#1467,#1468,#1469));
#1471=FACE_OUTER_BOUND('',#1470,.F.);
#1472=ADVANCED_FACE('',(#1471),#1463,.F.);
#1473=CARTESIAN_POINT('',(1.205E1,-2.2E0,1.55E0));
#1474=DIRECTION('',(0.E0,0.E0,1.E0));
#1475=DIRECTION('',(-1.E0,0.E0,0.E0));
#1476=AXIS2_PLACEMENT_3D('',#1473,#1474,#1475);
#1477=PLANE('',#1476);
#1479=ORIENTED_EDGE('',*,*,#1478,.F.);
#1481=ORIENTED_EDGE('',*,*,#1480,.F.);
#1482=ORIENTED_EDGE('',*,*,#1464,.T.);
#1483=ORIENTED_EDGE('',*,*,#1417,.T.);
#1484=EDGE_LOOP('',(#1479,#1481,#1482,#1483));
#1485=FACE_OUTER_BOUND('',#1484,.F.);
#1486=ADVANCED_FACE('',(#1485),#1477,.F.);
#1487=CARTESIAN_POINT('',(9.05E0,-2.245759702148E0,1.45E0));
#1488=DIRECTION('',(0.E0,1.E0,0.E0));
#1489=DIRECTION('',(-1.E0,0.E0,0.E0));
#1490=AXIS2_PLACEMENT_3D('',#1487,#1488,#1489);
#1491=CYLINDRICAL_SURFACE('',#1490,1.E-1);
#1493=ORIENTED_EDGE('',*,*,#1492,.F.);
#1495=ORIENTED_EDGE('',*,*,#1494,.T.);
#1496=ORIENTED_EDGE('',*,*,#1478,.T.);
#1497=ORIENTED_EDGE('',*,*,#1415,.T.);
#1498=EDGE_LOOP('',(#1493,#1495,#1496,#1497));
#1499=FACE_OUTER_BOUND('',#1498,.F.);
#1500=ADVANCED_FACE('',(#1499),#1491,.F.);
#1501=CARTESIAN_POINT('',(8.95E0,-2.2E0,1.55E0));
#1502=DIRECTION('',(-1.E0,0.E0,0.E0));
#1503=DIRECTION('',(0.E0,0.E0,-1.E0));
#1504=AXIS2_PLACEMENT_3D('',#1501,#1502,#1503);
#1505=PLANE('',#1504);
#1507=ORIENTED_EDGE('',*,*,#1506,.F.);
#1509=ORIENTED_EDGE('',*,*,#1508,.F.);
#1510=ORIENTED_EDGE('',*,*,#1492,.T.);
#1511=ORIENTED_EDGE('',*,*,#1413,.T.);
#1512=EDGE_LOOP('',(#1507,#1509,#1510,#1511));
#1513=FACE_OUTER_BOUND('',#1512,.F.);
#1514=ADVANCED_FACE('',(#1513),#1505,.F.);
#1515=CARTESIAN_POINT('',(9.05E0,-2.245759702148E0,-1.45E0));
#1516=DIRECTION('',(0.E0,1.E0,0.E0));
#1517=DIRECTION('',(0.E0,0.E0,-1.E0));
#1518=AXIS2_PLACEMENT_3D('',#1515,#1516,#1517);
#1519=CYLINDRICAL_SURFACE('',#1518,1.E-1);
#1521=ORIENTED_EDGE('',*,*,#1520,.F.);
#1523=ORIENTED_EDGE('',*,*,#1522,.T.);
#1524=ORIENTED_EDGE('',*,*,#1506,.T.);
#1525=ORIENTED_EDGE('',*,*,#1411,.T.);
#1526=EDGE_LOOP('',(#1521,#1523,#1524,#1525));
#1527=FACE_OUTER_BOUND('',#1526,.F.);
#1528=ADVANCED_FACE('',(#1527),#1519,.F.);
#1529=CARTESIAN_POINT('',(8.95E0,-2.2E0,-1.55E0));
#1530=DIRECTION('',(0.E0,0.E0,-1.E0));
#1531=DIRECTION('',(1.E0,0.E0,0.E0));
#1532=AXIS2_PLACEMENT_3D('',#1529,#1530,#1531);
#1533=PLANE('',#1532);
#1534=ORIENTED_EDGE('',*,*,#1439,.F.);
#1536=ORIENTED_EDGE('',*,*,#1535,.F.);
#1537=ORIENTED_EDGE('',*,*,#1520,.T.);
#1538=ORIENTED_EDGE('',*,*,#1409,.T.);
#1539=EDGE_LOOP('',(#1534,#1536,#1537,#1538));
#1540=FACE_OUTER_BOUND('',#1539,.F.);
#1541=ADVANCED_FACE('',(#1540),#1533,.F.);
#1542=CARTESIAN_POINT('',(0.E0,-2.2E0,0.E0));
#1543=DIRECTION('',(0.E0,-1.E0,0.E0));
#1544=DIRECTION('',(-1.E0,0.E0,0.E0));
#1545=AXIS2_PLACEMENT_3D('',#1542,#1543,#1544);
#1546=PLANE('',#1545);
#1548=ORIENTED_EDGE('',*,*,#1547,.T.);
#1550=ORIENTED_EDGE('',*,*,#1549,.F.);
#1552=ORIENTED_EDGE('',*,*,#1551,.T.);
#1554=ORIENTED_EDGE('',*,*,#1553,.T.);
#1556=ORIENTED_EDGE('',*,*,#1555,.T.);
#1558=ORIENTED_EDGE('',*,*,#1557,.F.);
#1560=ORIENTED_EDGE('',*,*,#1559,.F.);
#1562=ORIENTED_EDGE('',*,*,#1561,.F.);
#1564=ORIENTED_EDGE('',*,*,#1563,.F.);
#1566=ORIENTED_EDGE('',*,*,#1565,.F.);
#1567=EDGE_LOOP('',(#1548,#1550,#1552,#1554,#1556,#1558,#1560,#1562,#1564,
#1566));
#1568=FACE_OUTER_BOUND('',#1567,.F.);
#1570=ORIENTED_EDGE('',*,*,#1569,.F.);
#1572=ORIENTED_EDGE('',*,*,#1571,.F.);
#1574=ORIENTED_EDGE('',*,*,#1573,.F.);
#1576=ORIENTED_EDGE('',*,*,#1575,.F.);
#1578=ORIENTED_EDGE('',*,*,#1577,.F.);
#1580=ORIENTED_EDGE('',*,*,#1579,.F.);
#1582=ORIENTED_EDGE('',*,*,#1581,.F.);
#1584=ORIENTED_EDGE('',*,*,#1583,.F.);
#1585=EDGE_LOOP('',(#1570,#1572,#1574,#1576,#1578,#1580,#1582,#1584));
#1586=FACE_BOUND('',#1585,.F.);
#1587=ADVANCED_FACE('',(#1568,#1586),#1546,.T.);
#1588=CARTESIAN_POINT('',(0.E0,-2.2E0,0.E0));
#1589=DIRECTION('',(0.E0,-1.E0,0.E0));
#1590=DIRECTION('',(-1.E0,0.E0,0.E0));
#1591=AXIS2_PLACEMENT_3D('',#1588,#1589,#1590);
#1592=PLANE('',#1591);
#1594=ORIENTED_EDGE('',*,*,#1593,.T.);
#1596=ORIENTED_EDGE('',*,*,#1595,.F.);
#1598=ORIENTED_EDGE('',*,*,#1597,.F.);
#1600=ORIENTED_EDGE('',*,*,#1599,.F.);
#1601=EDGE_LOOP('',(#1594,#1596,#1598,#1600));
#1602=FACE_OUTER_BOUND('',#1601,.F.);
#1603=ADVANCED_FACE('',(#1602),#1592,.T.);
#1604=CARTESIAN_POINT('',(0.E0,-2.2E0,0.E0));
#1605=DIRECTION('',(0.E0,-1.E0,0.E0));
#1606=DIRECTION('',(-1.E0,0.E0,0.E0));
#1607=AXIS2_PLACEMENT_3D('',#1604,#1605,#1606);
#1608=PLANE('',#1607);
#1610=ORIENTED_EDGE('',*,*,#1609,.T.);
#1612=ORIENTED_EDGE('',*,*,#1611,.F.);
#1614=ORIENTED_EDGE('',*,*,#1613,.F.);
#1616=ORIENTED_EDGE('',*,*,#1615,.F.);
#1617=EDGE_LOOP('',(#1610,#1612,#1614,#1616));
#1618=FACE_OUTER_BOUND('',#1617,.F.);
#1619=ADVANCED_FACE('',(#1618),#1608,.T.);
#1620=CARTESIAN_POINT('',(0.E0,-2.2E0,0.E0));
#1621=DIRECTION('',(0.E0,-1.E0,0.E0));
#1622=DIRECTION('',(-1.E0,0.E0,0.E0));
#1623=AXIS2_PLACEMENT_3D('',#1620,#1621,#1622);
#1624=PLANE('',#1623);
#1626=ORIENTED_EDGE('',*,*,#1625,.T.);
#1628=ORIENTED_EDGE('',*,*,#1627,.F.);
#1630=ORIENTED_EDGE('',*,*,#1629,.F.);
#1632=ORIENTED_EDGE('',*,*,#1631,.F.);
#1633=EDGE_LOOP('',(#1626,#1628,#1630,#1632));
#1634=FACE_OUTER_BOUND('',#1633,.F.);
#1635=ADVANCED_FACE('',(#1634),#1624,.T.);
#1636=CARTESIAN_POINT('',(0.E0,-2.2E0,0.E0));
#1637=DIRECTION('',(0.E0,-1.E0,0.E0));
#1638=DIRECTION('',(-1.E0,0.E0,0.E0));
#1639=AXIS2_PLACEMENT_3D('',#1636,#1637,#1638);
#1640=PLANE('',#1639);
#1642=ORIENTED_EDGE('',*,*,#1641,.F.);
#1644=ORIENTED_EDGE('',*,*,#1643,.F.);
#1646=ORIENTED_EDGE('',*,*,#1645,.F.);
#1648=ORIENTED_EDGE('',*,*,#1647,.F.);
#1650=ORIENTED_EDGE('',*,*,#1649,.F.);
#1652=ORIENTED_EDGE('',*,*,#1651,.F.);
#1654=ORIENTED_EDGE('',*,*,#1653,.T.);
#1656=ORIENTED_EDGE('',*,*,#1655,.T.);
#1658=ORIENTED_EDGE('',*,*,#1657,.T.);
#1660=ORIENTED_EDGE('',*,*,#1659,.F.);
#1661=EDGE_LOOP('',(#1642,#1644,#1646,#1648,#1650,#1652,#1654,#1656,#1658,
#1660));
#1662=FACE_OUTER_BOUND('',#1661,.F.);
#1663=ORIENTED_EDGE('',*,*,#1508,.T.);
#1664=ORIENTED_EDGE('',*,*,#1522,.F.);
#1665=ORIENTED_EDGE('',*,*,#1535,.T.);
#1666=ORIENTED_EDGE('',*,*,#1437,.F.);
#1667=ORIENTED_EDGE('',*,*,#1454,.T.);
#1668=ORIENTED_EDGE('',*,*,#1466,.F.);
#1669=ORIENTED_EDGE('',*,*,#1480,.T.);
#1670=ORIENTED_EDGE('',*,*,#1494,.F.);
#1671=EDGE_LOOP('',(#1663,#1664,#1665,#1666,#1667,#1668,#1669,#1670));
#1672=FACE_BOUND('',#1671,.F.);
#1673=ADVANCED_FACE('',(#1662,#1672),#1640,.T.);
#1674=CARTESIAN_POINT('',(-8.95E0,-2.2E0,-1.55E0));
#1675=DIRECTION('',(0.E0,0.E0,1.E0));
#1676=DIRECTION('',(-1.E0,0.E0,0.E0));
#1677=AXIS2_PLACEMENT_3D('',#1674,#1675,#1676);
#1678=PLANE('',#1677);
#1680=ORIENTED_EDGE('',*,*,#1679,.F.);
#1682=ORIENTED_EDGE('',*,*,#1681,.F.);
#1684=ORIENTED_EDGE('',*,*,#1683,.T.);
#1685=ORIENTED_EDGE('',*,*,#1569,.T.);
#1686=EDGE_LOOP('',(#1680,#1682,#1684,#1685));
#1687=FACE_OUTER_BOUND('',#1686,.F.);
#1688=ADVANCED_FACE('',(#1687),#1678,.T.);
#1689=CARTESIAN_POINT('',(-1.195E1,-1.360900720756E0,-1.45E0));
#1690=DIRECTION('',(0.E0,-1.E0,0.E0));
#1691=DIRECTION('',(-1.E0,0.E0,0.E0));
#1692=AXIS2_PLACEMENT_3D('',#1689,#1690,#1691);
#1693=CYLINDRICAL_SURFACE('',#1692,1.E-1);
#1695=ORIENTED_EDGE('',*,*,#1694,.F.);
#1697=ORIENTED_EDGE('',*,*,#1696,.T.);
#1698=ORIENTED_EDGE('',*,*,#1679,.T.);
#1699=ORIENTED_EDGE('',*,*,#1583,.T.);
#1700=EDGE_LOOP('',(#1695,#1697,#1698,#1699));
#1701=FACE_OUTER_BOUND('',#1700,.F.);
#1702=ADVANCED_FACE('',(#1701),#1693,.F.);
#1703=CARTESIAN_POINT('',(-1.205E1,-2.2E0,-1.55E0));
#1704=DIRECTION('',(1.E0,0.E0,0.E0));
#1705=DIRECTION('',(0.E0,0.E0,1.E0));
#1706=AXIS2_PLACEMENT_3D('',#1703,#1704,#1705);
#1707=PLANE('',#1706);
#1708=ORIENTED_EDGE('',*,*,#1694,.T.);
#1709=ORIENTED_EDGE('',*,*,#1581,.T.);
#1711=ORIENTED_EDGE('',*,*,#1710,.F.);
#1713=ORIENTED_EDGE('',*,*,#1712,.F.);
#1714=EDGE_LOOP('',(#1708,#1709,#1711,#1713));
#1715=FACE_OUTER_BOUND('',#1714,.F.);
#1716=ADVANCED_FACE('',(#1715),#1707,.T.);
#1717=CARTESIAN_POINT('',(-1.195E1,-1.360900720756E0,1.45E0));
#1718=DIRECTION('',(0.E0,-1.E0,0.E0));
#1719=DIRECTION('',(0.E0,0.E0,1.E0));
#1720=AXIS2_PLACEMENT_3D('',#1717,#1718,#1719);
#1721=CYLINDRICAL_SURFACE('',#1720,1.E-1);
#1723=ORIENTED_EDGE('',*,*,#1722,.F.);
#1725=ORIENTED_EDGE('',*,*,#1724,.T.);
#1726=ORIENTED_EDGE('',*,*,#1710,.T.);
#1727=ORIENTED_EDGE('',*,*,#1579,.T.);
#1728=EDGE_LOOP('',(#1723,#1725,#1726,#1727));
#1729=FACE_OUTER_BOUND('',#1728,.F.);
#1730=ADVANCED_FACE('',(#1729),#1721,.F.);
#1731=CARTESIAN_POINT('',(-1.205E1,-2.2E0,1.55E0));
#1732=DIRECTION('',(0.E0,0.E0,-1.E0));
#1733=DIRECTION('',(1.E0,0.E0,0.E0));
#1734=AXIS2_PLACEMENT_3D('',#1731,#1732,#1733);
#1735=PLANE('',#1734);
#1737=ORIENTED_EDGE('',*,*,#1736,.F.);
#1739=ORIENTED_EDGE('',*,*,#1738,.F.);
#1740=ORIENTED_EDGE('',*,*,#1722,.T.);
#1741=ORIENTED_EDGE('',*,*,#1577,.T.);
#1742=EDGE_LOOP('',(#1737,#1739,#1740,#1741));
#1743=FACE_OUTER_BOUND('',#1742,.F.);
#1744=ADVANCED_FACE('',(#1743),#1735,.T.);
#1745=CARTESIAN_POINT('',(-9.05E0,-1.360900720756E0,1.45E0));
#1746=DIRECTION('',(0.E0,-1.E0,0.E0));
#1747=DIRECTION('',(1.E0,0.E0,0.E0));
#1748=AXIS2_PLACEMENT_3D('',#1745,#1746,#1747);
#1749=CYLINDRICAL_SURFACE('',#1748,1.E-1);
#1751=ORIENTED_EDGE('',*,*,#1750,.F.);
#1753=ORIENTED_EDGE('',*,*,#1752,.T.);
#1754=ORIENTED_EDGE('',*,*,#1736,.T.);
#1755=ORIENTED_EDGE('',*,*,#1575,.T.);
#1756=EDGE_LOOP('',(#1751,#1753,#1754,#1755));
#1757=FACE_OUTER_BOUND('',#1756,.F.);
#1758=ADVANCED_FACE('',(#1757),#1749,.F.);
#1759=CARTESIAN_POINT('',(-8.95E0,-2.2E0,1.55E0));
#1760=DIRECTION('',(-1.E0,0.E0,0.E0));
#1761=DIRECTION('',(0.E0,0.E0,-1.E0));
#1762=AXIS2_PLACEMENT_3D('',#1759,#1760,#1761);
#1763=PLANE('',#1762);
#1765=ORIENTED_EDGE('',*,*,#1764,.F.);
#1767=ORIENTED_EDGE('',*,*,#1766,.F.);
#1768=ORIENTED_EDGE('',*,*,#1750,.T.);
#1769=ORIENTED_EDGE('',*,*,#1573,.T.);
#1770=EDGE_LOOP('',(#1765,#1767,#1768,#1769));
#1771=FACE_OUTER_BOUND('',#1770,.F.);
#1772=ADVANCED_FACE('',(#1771),#1763,.T.);
#1773=CARTESIAN_POINT('',(-9.05E0,-1.360900720756E0,-1.45E0));
#1774=DIRECTION('',(0.E0,-1.E0,0.E0));
#1775=DIRECTION('',(0.E0,0.E0,-1.E0));
#1776=AXIS2_PLACEMENT_3D('',#1773,#1774,#1775);
#1777=CYLINDRICAL_SURFACE('',#1776,1.E-1);
#1778=ORIENTED_EDGE('',*,*,#1683,.F.);
#1780=ORIENTED_EDGE('',*,*,#1779,.T.);
#1781=ORIENTED_EDGE('',*,*,#1764,.T.);
#1782=ORIENTED_EDGE('',*,*,#1571,.T.);
#1783=EDGE_LOOP('',(#1778,#1780,#1781,#1782));
#1784=FACE_OUTER_BOUND('',#1783,.F.);
#1785=ADVANCED_FACE('',(#1784),#1777,.F.);
#1786=CARTESIAN_POINT('',(0.E0,-1.4E0,0.E0));
#1787=DIRECTION('',(0.E0,1.E0,0.E0));
#1788=DIRECTION('',(1.E0,0.E0,0.E0));
#1789=AXIS2_PLACEMENT_3D('',#1786,#1787,#1788);
#1790=PLANE('',#1789);
#1791=ORIENTED_EDGE('',*,*,#1696,.F.);
#1792=ORIENTED_EDGE('',*,*,#1712,.T.);
#1793=ORIENTED_EDGE('',*,*,#1724,.F.);
#1794=ORIENTED_EDGE('',*,*,#1738,.T.);
#1795=ORIENTED_EDGE('',*,*,#1752,.F.);
#1796=ORIENTED_EDGE('',*,*,#1766,.T.);
#1797=ORIENTED_EDGE('',*,*,#1779,.F.);
#1798=ORIENTED_EDGE('',*,*,#1681,.T.);
#1799=EDGE_LOOP('',(#1791,#1792,#1793,#1794,#1795,#1796,#1797,#1798));
#1800=FACE_OUTER_BOUND('',#1799,.F.);
#1802=ORIENTED_EDGE('',*,*,#1801,.T.);
#1804=ORIENTED_EDGE('',*,*,#1803,.T.);
#1805=EDGE_LOOP('',(#1802,#1804));
#1806=FACE_BOUND('',#1805,.F.);
#1807=ADVANCED_FACE('',(#1800,#1806),#1790,.F.);
#1808=CARTESIAN_POINT('',(-1.05E1,3.4E0,0.E0));
#1809=DIRECTION('',(0.E0,-1.E0,0.E0));
#1810=DIRECTION('',(-1.E0,0.E0,0.E0));
#1811=AXIS2_PLACEMENT_3D('',#1808,#1809,#1810);
#1812=CYLINDRICAL_SURFACE('',#1811,1.5E0);
#1814=ORIENTED_EDGE('',*,*,#1813,.T.);
#1816=ORIENTED_EDGE('',*,*,#1815,.T.);
#1817=ORIENTED_EDGE('',*,*,#1801,.F.);
#1819=ORIENTED_EDGE('',*,*,#1818,.F.);
#1820=EDGE_LOOP('',(#1814,#1816,#1817,#1819));
#1821=FACE_OUTER_BOUND('',#1820,.F.);
#1822=ADVANCED_FACE('',(#1821),#1812,.F.);
#1823=CARTESIAN_POINT('',(-1.05E1,2.4E0,0.E0));
#1824=DIRECTION('',(0.E0,1.E0,0.E0));
#1825=DIRECTION('',(-1.E0,0.E0,0.E0));
#1826=AXIS2_PLACEMENT_3D('',#1823,#1824,#1825);
#1827=PLANE('',#1826);
#1829=ORIENTED_EDGE('',*,*,#1828,.F.);
#1831=ORIENTED_EDGE('',*,*,#1830,.F.);
#1832=EDGE_LOOP('',(#1829,#1831));
#1833=FACE_OUTER_BOUND('',#1832,.F.);
#1834=ORIENTED_EDGE('',*,*,#1813,.F.);
#1836=ORIENTED_EDGE('',*,*,#1835,.F.);
#1837=EDGE_LOOP('',(#1834,#1836));
#1838=FACE_BOUND('',#1837,.F.);
#1839=ADVANCED_FACE('',(#1833,#1838),#1827,.T.);
#1840=CARTESIAN_POINT('',(-1.05E1,3.4E0,0.E0));
#1841=DIRECTION('',(0.E0,1.E0,0.E0));
#1842=DIRECTION('',(-1.E0,0.E0,0.E0));
#1843=AXIS2_PLACEMENT_3D('',#1840,#1841,#1842);
#1844=CYLINDRICAL_SURFACE('',#1843,1.625E0);
#1845=ORIENTED_EDGE('',*,*,#1323,.F.);
#1847=ORIENTED_EDGE('',*,*,#1846,.T.);
#1848=ORIENTED_EDGE('',*,*,#1828,.T.);
#1850=ORIENTED_EDGE('',*,*,#1849,.F.);
#1851=EDGE_LOOP('',(#1845,#1847,#1848,#1850));
#1852=FACE_OUTER_BOUND('',#1851,.F.);
#1853=ADVANCED_FACE('',(#1852),#1844,.F.);
#1854=CARTESIAN_POINT('',(-1.05E1,3.4E0,0.E0));
#1855=DIRECTION('',(0.E0,1.E0,0.E0));
#1856=DIRECTION('',(-1.E0,0.E0,0.E0));
#1857=AXIS2_PLACEMENT_3D('',#1854,#1855,#1856);
#1858=CYLINDRICAL_SURFACE('',#1857,1.625E0);
#1859=ORIENTED_EDGE('',*,*,#1325,.F.);
#1860=ORIENTED_EDGE('',*,*,#1849,.T.);
#1861=ORIENTED_EDGE('',*,*,#1830,.T.);
#1862=ORIENTED_EDGE('',*,*,#1846,.F.);
#1863=EDGE_LOOP('',(#1859,#1860,#1861,#1862));
#1864=FACE_OUTER_BOUND('',#1863,.F.);
#1865=ADVANCED_FACE('',(#1864),#1858,.F.);
#1866=CARTESIAN_POINT('',(-1.05E1,3.4E0,0.E0));
#1867=DIRECTION('',(0.E0,-1.E0,0.E0));
#1868=DIRECTION('',(-1.E0,0.E0,0.E0));
#1869=AXIS2_PLACEMENT_3D('',#1866,#1867,#1868);
#1870=CYLINDRICAL_SURFACE('',#1869,1.5E0);
#1871=ORIENTED_EDGE('',*,*,#1835,.T.);
#1872=ORIENTED_EDGE('',*,*,#1818,.T.);
#1873=ORIENTED_EDGE('',*,*,#1803,.F.);
#1874=ORIENTED_EDGE('',*,*,#1815,.F.);
#1875=EDGE_LOOP('',(#1871,#1872,#1873,#1874));
#1876=FACE_OUTER_BOUND('',#1875,.F.);
#1877=ADVANCED_FACE('',(#1876),#1870,.F.);
#1878=CARTESIAN_POINT('',(-7.55E0,-1.7E0,3.38E0));
#1879=DIRECTION('',(-1.E0,0.E0,0.E0));
#1880=DIRECTION('',(0.E0,-1.E0,0.E0));
#1881=AXIS2_PLACEMENT_3D('',#1878,#1879,#1880);
#1882=PLANE('',#1881);
#1883=ORIENTED_EDGE('',*,*,#1547,.F.);
#1885=ORIENTED_EDGE('',*,*,#1884,.T.);
#1887=ORIENTED_EDGE('',*,*,#1886,.T.);
#1889=ORIENTED_EDGE('',*,*,#1888,.F.);
#1890=EDGE_LOOP('',(#1883,#1885,#1887,#1889));
#1891=FACE_OUTER_BOUND('',#1890,.F.);
#1892=ADVANCED_FACE('',(#1891),#1882,.F.);
#1893=CARTESIAN_POINT('',(1.22E1,3.4E0,2.775E0));
#1894=DIRECTION('',(0.E0,0.E0,1.E0));
#1895=DIRECTION('',(-1.E0,0.E0,0.E0));
#1896=AXIS2_PLACEMENT_3D('',#1893,#1894,#1895);
#1897=PLANE('',#1896);
#1899=ORIENTED_EDGE('',*,*,#1898,.F.);
#1900=ORIENTED_EDGE('',*,*,#1631,.T.);
#1902=ORIENTED_EDGE('',*,*,#1901,.T.);
#1904=ORIENTED_EDGE('',*,*,#1903,.T.);
#1906=ORIENTED_EDGE('',*,*,#1905,.F.);
#1907=ORIENTED_EDGE('',*,*,#1615,.T.);
#1909=ORIENTED_EDGE('',*,*,#1908,.T.);
#1911=ORIENTED_EDGE('',*,*,#1910,.T.);
#1913=ORIENTED_EDGE('',*,*,#1912,.F.);
#1914=ORIENTED_EDGE('',*,*,#1599,.T.);
#1916=ORIENTED_EDGE('',*,*,#1915,.T.);
#1918=ORIENTED_EDGE('',*,*,#1917,.T.);
#1919=ORIENTED_EDGE('',*,*,#1884,.F.);
#1920=ORIENTED_EDGE('',*,*,#1565,.T.);
#1922=ORIENTED_EDGE('',*,*,#1921,.F.);
#1923=ORIENTED_EDGE('',*,*,#1307,.F.);
#1925=ORIENTED_EDGE('',*,*,#1924,.T.);
#1927=ORIENTED_EDGE('',*,*,#1926,.F.);
#1929=ORIENTED_EDGE('',*,*,#1928,.F.);
#1930=ORIENTED_EDGE('',*,*,#1291,.F.);
#1932=ORIENTED_EDGE('',*,*,#1931,.T.);
#1933=ORIENTED_EDGE('',*,*,#1643,.T.);
#1935=ORIENTED_EDGE('',*,*,#1934,.T.);
#1937=ORIENTED_EDGE('',*,*,#1936,.T.);
#1938=EDGE_LOOP('',(#1899,#1900,#1902,#1904,#1906,#1907,#1909,#1911,#1913,#1914,
#1916,#1918,#1919,#1920,#1922,#1923,#1925,#1927,#1929,#1930,#1932,#1933,#1935,
#1937));
#1939=FACE_OUTER_BOUND('',#1938,.F.);
#1940=ADVANCED_FACE('',(#1939),#1897,.T.);
#1941=CARTESIAN_POINT('',(4.45E0,-1.7E0,3.38E0));
#1942=DIRECTION('',(-1.E0,0.E0,0.E0));
#1943=DIRECTION('',(0.E0,-1.E0,0.E0));
#1944=AXIS2_PLACEMENT_3D('',#1941,#1942,#1943);
#1945=PLANE('',#1944);
#1946=ORIENTED_EDGE('',*,*,#1625,.F.);
#1947=ORIENTED_EDGE('',*,*,#1898,.T.);
#1949=ORIENTED_EDGE('',*,*,#1948,.T.);
#1951=ORIENTED_EDGE('',*,*,#1950,.F.);
#1952=EDGE_LOOP('',(#1946,#1947,#1949,#1951));
#1953=FACE_OUTER_BOUND('',#1952,.F.);
#1954=ADVANCED_FACE('',(#1953),#1945,.F.);
#1955=CARTESIAN_POINT('',(7.55E0,-1.7E0,3.38E0));
#1956=DIRECTION('',(0.E0,1.E0,0.E0));
#1957=DIRECTION('',(-1.E0,0.E0,0.E0));
#1958=AXIS2_PLACEMENT_3D('',#1955,#1956,#1957);
#1959=PLANE('',#1958);
#1960=ORIENTED_EDGE('',*,*,#1936,.F.);
#1962=ORIENTED_EDGE('',*,*,#1961,.T.);
#1964=ORIENTED_EDGE('',*,*,#1963,.T.);
#1965=ORIENTED_EDGE('',*,*,#1948,.F.);
#1966=EDGE_LOOP('',(#1960,#1962,#1964,#1965));
#1967=FACE_OUTER_BOUND('',#1966,.F.);
#1969=ORIENTED_EDGE('',*,*,#1968,.T.);
#1971=ORIENTED_EDGE('',*,*,#1970,.T.);
#1972=EDGE_LOOP('',(#1969,#1971));
#1973=FACE_BOUND('',#1972,.F.);
#1974=ADVANCED_FACE('',(#1967,#1973),#1959,.F.);
#1975=CARTESIAN_POINT('',(7.55E0,-2.2E0,3.38E0));
#1976=DIRECTION('',(1.E0,0.E0,0.E0));
#1977=DIRECTION('',(0.E0,1.E0,0.E0));
#1978=AXIS2_PLACEMENT_3D('',#1975,#1976,#1977);
#1979=PLANE('',#1978);
#1980=ORIENTED_EDGE('',*,*,#1641,.T.);
#1982=ORIENTED_EDGE('',*,*,#1981,.T.);
#1983=ORIENTED_EDGE('',*,*,#1961,.F.);
#1984=ORIENTED_EDGE('',*,*,#1934,.F.);
#1985=EDGE_LOOP('',(#1980,#1982,#1983,#1984));
#1986=FACE_OUTER_BOUND('',#1985,.F.);
#1987=ADVANCED_FACE('',(#1986),#1979,.F.);
#1988=CARTESIAN_POINT('',(-1.22E1,3.4E0,-2.775E0));
#1989=DIRECTION('',(0.E0,0.E0,-1.E0));
#1990=DIRECTION('',(1.E0,0.E0,0.E0));
#1991=AXIS2_PLACEMENT_3D('',#1988,#1989,#1990);
#1992=PLANE('',#1991);
#1994=ORIENTED_EDGE('',*,*,#1993,.T.);
#1995=ORIENTED_EDGE('',*,*,#1651,.T.);
#1997=ORIENTED_EDGE('',*,*,#1996,.F.);
#1998=ORIENTED_EDGE('',*,*,#1283,.F.);
#1999=EDGE_LOOP('',(#1994,#1995,#1997,#1998));
#2000=FACE_OUTER_BOUND('',#1999,.F.);
#2001=ADVANCED_FACE('',(#2000),#1992,.T.);
#2002=CARTESIAN_POINT('',(-1.22E1,3.4E0,-2.775E0));
#2003=DIRECTION('',(0.E0,0.E0,-1.E0));
#2004=DIRECTION('',(1.E0,0.E0,0.E0));
#2005=AXIS2_PLACEMENT_3D('',#2002,#2003,#2004);
#2006=PLANE('',#2005);
#2008=ORIENTED_EDGE('',*,*,#2007,.F.);
#2009=ORIENTED_EDGE('',*,*,#1267,.F.);
#2011=ORIENTED_EDGE('',*,*,#2010,.T.);
#2012=ORIENTED_EDGE('',*,*,#1557,.T.);
#2013=EDGE_LOOP('',(#2008,#2009,#2011,#2012));
#2014=FACE_OUTER_BOUND('',#2013,.F.);
#2015=ADVANCED_FACE('',(#2014),#2006,.T.);
#2016=CARTESIAN_POINT('',(-1.22E1,3.4E0,-2.775E0));
#2017=DIRECTION('',(0.E0,0.E0,-1.E0));
#2018=DIRECTION('',(1.E0,0.E0,0.E0));
#2019=AXIS2_PLACEMENT_3D('',#2016,#2017,#2018);
#2020=PLANE('',#2019);
#2021=ORIENTED_EDGE('',*,*,#1950,.T.);
#2022=ORIENTED_EDGE('',*,*,#1963,.F.);
#2023=ORIENTED_EDGE('',*,*,#1981,.F.);
#2024=ORIENTED_EDGE('',*,*,#1659,.T.);
#2026=ORIENTED_EDGE('',*,*,#2025,.F.);
#2027=ORIENTED_EDGE('',*,*,#1275,.F.);
#2029=ORIENTED_EDGE('',*,*,#2028,.T.);
#2030=ORIENTED_EDGE('',*,*,#1549,.T.);
#2031=ORIENTED_EDGE('',*,*,#1888,.T.);
#2033=ORIENTED_EDGE('',*,*,#2032,.F.);
#2035=ORIENTED_EDGE('',*,*,#2034,.F.);
#2036=ORIENTED_EDGE('',*,*,#1595,.T.);
#2038=ORIENTED_EDGE('',*,*,#2037,.T.);
#2040=ORIENTED_EDGE('',*,*,#2039,.F.);
#2042=ORIENTED_EDGE('',*,*,#2041,.F.);
#2043=ORIENTED_EDGE('',*,*,#1611,.T.);
#2045=ORIENTED_EDGE('',*,*,#2044,.T.);
#2047=ORIENTED_EDGE('',*,*,#2046,.F.);
#2049=ORIENTED_EDGE('',*,*,#2048,.F.);
#2050=ORIENTED_EDGE('',*,*,#1627,.T.);
#2051=EDGE_LOOP('',(#2021,#2022,#2023,#2024,#2026,#2027,#2029,#2030,#2031,#2033,
#2035,#2036,#2038,#2040,#2042,#2043,#2045,#2047,#2049,#2050));
#2052=FACE_OUTER_BOUND('',#2051,.F.);
#2053=ADVANCED_FACE('',(#2052),#2020,.T.);
#2054=CARTESIAN_POINT('',(8.75E0,-2.2E0,-2.775E0));
#2055=DIRECTION('',(1.E0,0.E0,0.E0));
#2056=DIRECTION('',(0.E0,0.E0,-1.E0));
#2057=AXIS2_PLACEMENT_3D('',#2054,#2055,#2056);
#2058=PLANE('',#2057);
#2059=ORIENTED_EDGE('',*,*,#1993,.F.);
#2060=ORIENTED_EDGE('',*,*,#1281,.T.);
#2062=ORIENTED_EDGE('',*,*,#2061,.F.);
#2063=ORIENTED_EDGE('',*,*,#1653,.F.);
#2064=EDGE_LOOP('',(#2059,#2060,#2062,#2063));
#2065=FACE_OUTER_BOUND('',#2064,.F.);
#2066=ADVANCED_FACE('',(#2065),#2058,.T.);
#2067=CARTESIAN_POINT('',(8.75E0,-2.2E0,-3.275E0));
#2068=DIRECTION('',(0.E0,0.E0,-1.E0));
#2069=DIRECTION('',(-1.E0,0.E0,0.E0));
#2070=AXIS2_PLACEMENT_3D('',#2067,#2068,#2069);
#2071=PLANE('',#2070);
#2072=ORIENTED_EDGE('',*,*,#1655,.F.);
#2073=ORIENTED_EDGE('',*,*,#2061,.T.);
#2074=ORIENTED_EDGE('',*,*,#1279,.T.);
#2076=ORIENTED_EDGE('',*,*,#2075,.F.);
#2077=EDGE_LOOP('',(#2072,#2073,#2074,#2076));
#2078=FACE_OUTER_BOUND('',#2077,.F.);
#2079=ADVANCED_FACE('',(#2078),#2071,.T.);
#2080=CARTESIAN_POINT('',(7.75E0,-2.2E0,-3.275E0));
#2081=DIRECTION('',(-1.E0,0.E0,0.E0));
#2082=DIRECTION('',(0.E0,0.E0,1.E0));
#2083=AXIS2_PLACEMENT_3D('',#2080,#2081,#2082);
#2084=PLANE('',#2083);
#2085=ORIENTED_EDGE('',*,*,#2025,.T.);
#2086=ORIENTED_EDGE('',*,*,#1657,.F.);
#2087=ORIENTED_EDGE('',*,*,#2075,.T.);
#2088=ORIENTED_EDGE('',*,*,#1277,.T.);
#2089=EDGE_LOOP('',(#2085,#2086,#2087,#2088));
#2090=FACE_OUTER_BOUND('',#2089,.F.);
#2091=ADVANCED_FACE('',(#2090),#2084,.T.);
#2092=CARTESIAN_POINT('',(1.22E1,3.4E0,-2.775E0));
#2093=DIRECTION('',(1.E0,0.E0,0.E0));
#2094=DIRECTION('',(0.E0,0.E0,1.E0));
#2095=AXIS2_PLACEMENT_3D('',#2092,#2093,#2094);
#2096=PLANE('',#2095);
#2097=ORIENTED_EDGE('',*,*,#1285,.F.);
#2098=ORIENTED_EDGE('',*,*,#1996,.T.);
#2099=ORIENTED_EDGE('',*,*,#1649,.T.);
#2101=ORIENTED_EDGE('',*,*,#2100,.F.);
#2102=EDGE_LOOP('',(#2097,#2098,#2099,#2101));
#2103=FACE_OUTER_BOUND('',#2102,.F.);
#2104=ADVANCED_FACE('',(#2103),#2096,.T.);
#2105=CARTESIAN_POINT('',(1.05E1,3.4E0,0.E0));
#2106=DIRECTION('',(0.E0,-1.E0,0.E0));
#2107=DIRECTION('',(-1.E0,0.E0,0.E0));
#2108=AXIS2_PLACEMENT_3D('',#2105,#2106,#2107);
#2109=CYLINDRICAL_SURFACE('',#2108,2.5E0);
#2110=ORIENTED_EDGE('',*,*,#1287,.F.);
#2111=ORIENTED_EDGE('',*,*,#2100,.T.);
#2112=ORIENTED_EDGE('',*,*,#1647,.T.);
#2114=ORIENTED_EDGE('',*,*,#2113,.F.);
#2115=EDGE_LOOP('',(#2110,#2111,#2112,#2114));
#2116=FACE_OUTER_BOUND('',#2115,.F.);
#2117=ADVANCED_FACE('',(#2116),#2109,.T.);
#2118=CARTESIAN_POINT('',(1.22E1,3.4E0,1.833030277982E0));
#2119=DIRECTION('',(1.E0,0.E0,0.E0));
#2120=DIRECTION('',(0.E0,0.E0,1.E0));
#2121=AXIS2_PLACEMENT_3D('',#2118,#2119,#2120);
#2122=PLANE('',#2121);
#2123=ORIENTED_EDGE('',*,*,#1289,.F.);
#2124=ORIENTED_EDGE('',*,*,#2113,.T.);
#2125=ORIENTED_EDGE('',*,*,#1645,.T.);
#2126=ORIENTED_EDGE('',*,*,#1931,.F.);
#2127=EDGE_LOOP('',(#2123,#2124,#2125,#2126));
#2128=FACE_OUTER_BOUND('',#2127,.F.);
#2129=ADVANCED_FACE('',(#2128),#2122,.T.);
#2130=CARTESIAN_POINT('',(-8.75E0,-2.2E0,-3.275E0));
#2131=DIRECTION('',(-1.E0,0.E0,0.E0));
#2132=DIRECTION('',(0.E0,0.E0,1.E0));
#2133=AXIS2_PLACEMENT_3D('',#2130,#2131,#2132);
#2134=PLANE('',#2133);
#2135=ORIENTED_EDGE('',*,*,#2007,.T.);
#2136=ORIENTED_EDGE('',*,*,#1555,.F.);
#2138=ORIENTED_EDGE('',*,*,#2137,.T.);
#2139=ORIENTED_EDGE('',*,*,#1269,.T.);
#2140=EDGE_LOOP('',(#2135,#2136,#2138,#2139));
#2141=FACE_OUTER_BOUND('',#2140,.F.);
#2142=ADVANCED_FACE('',(#2141),#2134,.T.);
#2143=CARTESIAN_POINT('',(-7.75E0,-2.2E0,-3.275E0));
#2144=DIRECTION('',(0.E0,0.E0,-1.E0));
#2145=DIRECTION('',(-1.E0,0.E0,0.E0));
#2146=AXIS2_PLACEMENT_3D('',#2143,#2144,#2145);
#2147=PLANE('',#2146);
#2148=ORIENTED_EDGE('',*,*,#1553,.F.);
#2150=ORIENTED_EDGE('',*,*,#2149,.T.);
#2151=ORIENTED_EDGE('',*,*,#1271,.T.);
#2152=ORIENTED_EDGE('',*,*,#2137,.F.);
#2153=EDGE_LOOP('',(#2148,#2150,#2151,#2152));
#2154=FACE_OUTER_BOUND('',#2153,.F.);
#2155=ADVANCED_FACE('',(#2154),#2147,.T.);
#2156=CARTESIAN_POINT('',(-7.75E0,-2.2E0,-2.775E0));
#2157=DIRECTION('',(1.E0,0.E0,0.E0));
#2158=DIRECTION('',(0.E0,0.E0,-1.E0));
#2159=AXIS2_PLACEMENT_3D('',#2156,#2157,#2158);
#2160=PLANE('',#2159);
#2161=ORIENTED_EDGE('',*,*,#2028,.F.);
#2162=ORIENTED_EDGE('',*,*,#1273,.T.);
#2163=ORIENTED_EDGE('',*,*,#2149,.F.);
#2164=ORIENTED_EDGE('',*,*,#1551,.F.);
#2165=EDGE_LOOP('',(#2161,#2162,#2163,#2164));
#2166=FACE_OUTER_BOUND('',#2165,.F.);
#2167=ADVANCED_FACE('',(#2166),#2160,.T.);
#2168=CARTESIAN_POINT('',(-1.22E1,3.4E0,-1.833030277982E0));
#2169=DIRECTION('',(-1.E0,0.E0,0.E0));
#2170=DIRECTION('',(0.E0,0.E0,-1.E0));
#2171=AXIS2_PLACEMENT_3D('',#2168,#2169,#2170);
#2172=PLANE('',#2171);
#2173=ORIENTED_EDGE('',*,*,#1313,.F.);
#2175=ORIENTED_EDGE('',*,*,#2174,.T.);
#2176=ORIENTED_EDGE('',*,*,#1559,.T.);
#2177=ORIENTED_EDGE('',*,*,#2010,.F.);
#2178=EDGE_LOOP('',(#2173,#2175,#2176,#2177));
#2179=FACE_OUTER_BOUND('',#2178,.F.);
#2180=ADVANCED_FACE('',(#2179),#2172,.T.);
#2181=CARTESIAN_POINT('',(-1.05E1,3.4E0,0.E0));
#2182=DIRECTION('',(0.E0,-1.E0,0.E0));
#2183=DIRECTION('',(-1.E0,0.E0,0.E0));
#2184=AXIS2_PLACEMENT_3D('',#2181,#2182,#2183);
#2185=CYLINDRICAL_SURFACE('',#2184,2.5E0);
#2186=ORIENTED_EDGE('',*,*,#1311,.F.);
#2188=ORIENTED_EDGE('',*,*,#2187,.T.);
#2189=ORIENTED_EDGE('',*,*,#1561,.T.);
#2190=ORIENTED_EDGE('',*,*,#2174,.F.);
#2191=EDGE_LOOP('',(#2186,#2188,#2189,#2190));
#2192=FACE_OUTER_BOUND('',#2191,.F.);
#2193=ADVANCED_FACE('',(#2192),#2185,.T.);
#2194=CARTESIAN_POINT('',(-1.22E1,3.4E0,2.775E0));
#2195=DIRECTION('',(-1.E0,0.E0,0.E0));
#2196=DIRECTION('',(0.E0,0.E0,-1.E0));
#2197=AXIS2_PLACEMENT_3D('',#2194,#2195,#2196);
#2198=PLANE('',#2197);
#2199=ORIENTED_EDGE('',*,*,#1309,.F.);
#2200=ORIENTED_EDGE('',*,*,#1921,.T.);
#2201=ORIENTED_EDGE('',*,*,#1563,.T.);
#2202=ORIENTED_EDGE('',*,*,#2187,.F.);
#2203=EDGE_LOOP('',(#2199,#2200,#2201,#2202));
#2204=FACE_OUTER_BOUND('',#2203,.F.);
#2205=ADVANCED_FACE('',(#2204),#2198,.T.);
#2206=CARTESIAN_POINT('',(-4.45E0,-1.7E0,3.38E0));
#2207=DIRECTION('',(0.E0,1.E0,0.E0));
#2208=DIRECTION('',(-1.E0,0.E0,0.E0));
#2209=AXIS2_PLACEMENT_3D('',#2206,#2207,#2208);
#2210=PLANE('',#2209);
#2211=ORIENTED_EDGE('',*,*,#1917,.F.);
#2213=ORIENTED_EDGE('',*,*,#2212,.T.);
#2214=ORIENTED_EDGE('',*,*,#2032,.T.);
#2215=ORIENTED_EDGE('',*,*,#1886,.F.);
#2216=EDGE_LOOP('',(#2211,#2213,#2214,#2215));
#2217=FACE_OUTER_BOUND('',#2216,.F.);
#2219=ORIENTED_EDGE('',*,*,#2218,.T.);
#2221=ORIENTED_EDGE('',*,*,#2220,.T.);
#2222=EDGE_LOOP('',(#2219,#2221));
#2223=FACE_BOUND('',#2222,.F.);
#2224=ADVANCED_FACE('',(#2217,#2223),#2210,.F.);
#2225=CARTESIAN_POINT('',(-4.45E0,-2.2E0,3.38E0));
#2226=DIRECTION('',(1.E0,0.E0,0.E0));
#2227=DIRECTION('',(0.E0,1.E0,0.E0));
#2228=AXIS2_PLACEMENT_3D('',#2225,#2226,#2227);
#2229=PLANE('',#2228);
#2230=ORIENTED_EDGE('',*,*,#1597,.T.);
#2231=ORIENTED_EDGE('',*,*,#2034,.T.);
#2232=ORIENTED_EDGE('',*,*,#2212,.F.);
#2233=ORIENTED_EDGE('',*,*,#1915,.F.);
#2234=EDGE_LOOP('',(#2230,#2231,#2232,#2233));
#2235=FACE_OUTER_BOUND('',#2234,.F.);
#2236=ADVANCED_FACE('',(#2235),#2229,.F.);
#2237=CARTESIAN_POINT('',(-6.E0,0.E0,0.E0));
#2238=DIRECTION('',(0.E0,-1.E0,0.E0));
#2239=DIRECTION('',(1.E0,0.E0,0.E0));
#2240=AXIS2_PLACEMENT_3D('',#2237,#2238,#2239);
#2241=CYLINDRICAL_SURFACE('',#2240,1.365E0);
#2242=ORIENTED_EDGE('',*,*,#2218,.F.);
#2244=ORIENTED_EDGE('',*,*,#2243,.F.);
#2246=ORIENTED_EDGE('',*,*,#2245,.T.);
#2248=ORIENTED_EDGE('',*,*,#2247,.T.);
#2249=EDGE_LOOP('',(#2242,#2244,#2246,#2248));
#2250=FACE_OUTER_BOUND('',#2249,.F.);
#2251=ADVANCED_FACE('',(#2250),#2241,.F.);
#2252=CARTESIAN_POINT('',(-6.E0,0.E0,0.E0));
#2253=DIRECTION('',(0.E0,-1.E0,0.E0));
#2254=DIRECTION('',(1.E0,0.E0,0.E0));
#2255=AXIS2_PLACEMENT_3D('',#2252,#2253,#2254);
#2256=CYLINDRICAL_SURFACE('',#2255,1.365E0);
#2257=ORIENTED_EDGE('',*,*,#2220,.F.);
#2258=ORIENTED_EDGE('',*,*,#2247,.F.);
#2260=ORIENTED_EDGE('',*,*,#2259,.T.);
#2261=ORIENTED_EDGE('',*,*,#2243,.T.);
#2262=EDGE_LOOP('',(#2257,#2258,#2260,#2261));
#2263=FACE_OUTER_BOUND('',#2262,.F.);
#2264=ADVANCED_FACE('',(#2263),#2256,.F.);
#2265=CARTESIAN_POINT('',(0.E0,0.E0,0.E0));
#2266=DIRECTION('',(0.E0,-1.E0,0.E0));
#2267=DIRECTION('',(-1.E0,0.E0,0.E0));
#2268=AXIS2_PLACEMENT_3D('',#2265,#2266,#2267);
#2269=PLANE('',#2268);
#2270=ORIENTED_EDGE('',*,*,#1926,.T.);
#2272=ORIENTED_EDGE('',*,*,#2271,.T.);
#2274=ORIENTED_EDGE('',*,*,#2273,.T.);
#2276=ORIENTED_EDGE('',*,*,#2275,.T.);
#2278=ORIENTED_EDGE('',*,*,#2277,.T.);
#2280=ORIENTED_EDGE('',*,*,#2279,.T.);
#2282=ORIENTED_EDGE('',*,*,#2281,.T.);
#2284=ORIENTED_EDGE('',*,*,#2283,.T.);
#2285=EDGE_LOOP('',(#2270,#2272,#2274,#2276,#2278,#2280,#2282,#2284));
#2286=FACE_OUTER_BOUND('',#2285,.F.);
#2287=ORIENTED_EDGE('',*,*,#2245,.F.);
#2288=ORIENTED_EDGE('',*,*,#2259,.F.);
#2289=EDGE_LOOP('',(#2287,#2288));
#2290=FACE_BOUND('',#2289,.F.);
#2292=ORIENTED_EDGE('',*,*,#2291,.F.);
#2294=ORIENTED_EDGE('',*,*,#2293,.F.);
#2295=EDGE_LOOP('',(#2292,#2294));
#2296=FACE_BOUND('',#2295,.F.);
#2298=ORIENTED_EDGE('',*,*,#2297,.F.);
#2300=ORIENTED_EDGE('',*,*,#2299,.F.);
#2301=EDGE_LOOP('',(#2298,#2300));
#2302=FACE_BOUND('',#2301,.F.);
#2304=ORIENTED_EDGE('',*,*,#2303,.F.);
#2306=ORIENTED_EDGE('',*,*,#2305,.F.);
#2307=EDGE_LOOP('',(#2304,#2306));
#2308=FACE_BOUND('',#2307,.F.);
#2309=ADVANCED_FACE('',(#2286,#2290,#2296,#2302,#2308),#2269,.F.);
#2310=CARTESIAN_POINT('',(-1.05E0,0.E0,2.775E0));
#2311=DIRECTION('',(-1.E0,0.E0,0.E0));
#2312=DIRECTION('',(0.E0,0.E0,-1.E0));
#2313=AXIS2_PLACEMENT_3D('',#2310,#2311,#2312);
#2314=PLANE('',#2313);
#2315=ORIENTED_EDGE('',*,*,#1305,.T.);
#2317=ORIENTED_EDGE('',*,*,#2316,.T.);
#2319=ORIENTED_EDGE('',*,*,#2318,.F.);
#2320=ORIENTED_EDGE('',*,*,#2271,.F.);
#2321=ORIENTED_EDGE('',*,*,#1924,.F.);
#2322=EDGE_LOOP('',(#2315,#2317,#2319,#2320,#2321));
#2323=FACE_OUTER_BOUND('',#2322,.F.);
#2324=ADVANCED_FACE('',(#2323),#2314,.F.);
#2325=CARTESIAN_POINT('',(-1.05E0,3.4E0,2.352072594216E0));
#2326=DIRECTION('',(0.E0,-5.E-1,8.660254037844E-1));
#2327=DIRECTION('',(-1.E0,0.E0,0.E0));
#2328=AXIS2_PLACEMENT_3D('',#2325,#2326,#2327);
#2329=PLANE('',#2328);
#2330=ORIENTED_EDGE('',*,*,#1303,.T.);
#2332=ORIENTED_EDGE('',*,*,#2331,.T.);
#2334=ORIENTED_EDGE('',*,*,#2333,.F.);
#2335=ORIENTED_EDGE('',*,*,#2316,.F.);
#2336=EDGE_LOOP('',(#2330,#2332,#2334,#2335));
#2337=FACE_OUTER_BOUND('',#2336,.F.);
#2338=ADVANCED_FACE('',(#2337),#2329,.F.);
#2339=CARTESIAN_POINT('',(-8.502072594216E0,3.4E0,2.15E0));
#2340=DIRECTION('',(-8.660254037844E-1,-5.E-1,0.E0));
#2341=DIRECTION('',(0.E0,0.E0,-1.E0));
#2342=AXIS2_PLACEMENT_3D('',#2339,#2340,#2341);
#2343=PLANE('',#2342);
#2344=ORIENTED_EDGE('',*,*,#1301,.T.);
#2346=ORIENTED_EDGE('',*,*,#2345,.T.);
#2348=ORIENTED_EDGE('',*,*,#2347,.F.);
#2349=ORIENTED_EDGE('',*,*,#2331,.F.);
#2350=EDGE_LOOP('',(#2344,#2346,#2348,#2349));
#2351=FACE_OUTER_BOUND('',#2350,.F.);
#2352=ADVANCED_FACE('',(#2351),#2343,.F.);
#2353=CARTESIAN_POINT('',(-8.3E0,3.4E0,-2.352072594216E0));
#2354=DIRECTION('',(0.E0,-5.E-1,-8.660254037844E-1));
#2355=DIRECTION('',(1.E0,0.E0,0.E0));
#2356=AXIS2_PLACEMENT_3D('',#2353,#2354,#2355);
#2357=PLANE('',#2356);
#2358=ORIENTED_EDGE('',*,*,#1299,.T.);
#2360=ORIENTED_EDGE('',*,*,#2359,.T.);
#2362=ORIENTED_EDGE('',*,*,#2361,.F.);
#2363=ORIENTED_EDGE('',*,*,#2345,.F.);
#2364=EDGE_LOOP('',(#2358,#2360,#2362,#2363));
#2365=FACE_OUTER_BOUND('',#2364,.F.);
#2366=ADVANCED_FACE('',(#2365),#2357,.F.);
#2367=CARTESIAN_POINT('',(8.502072594216E0,3.4E0,-2.15E0));
#2368=DIRECTION('',(8.660254037844E-1,-5.E-1,0.E0));
#2369=DIRECTION('',(0.E0,0.E0,1.E0));
#2370=AXIS2_PLACEMENT_3D('',#2367,#2368,#2369);
#2371=PLANE('',#2370);
#2372=ORIENTED_EDGE('',*,*,#1297,.T.);
#2374=ORIENTED_EDGE('',*,*,#2373,.T.);
#2376=ORIENTED_EDGE('',*,*,#2375,.F.);
#2377=ORIENTED_EDGE('',*,*,#2359,.F.);
#2378=EDGE_LOOP('',(#2372,#2374,#2376,#2377));
#2379=FACE_OUTER_BOUND('',#2378,.F.);
#2380=ADVANCED_FACE('',(#2379),#2371,.F.);
#2381=CARTESIAN_POINT('',(8.3E0,3.4E0,2.352072594216E0));
#2382=DIRECTION('',(0.E0,-5.E-1,8.660254037844E-1));
#2383=DIRECTION('',(-1.E0,0.E0,0.E0));
#2384=AXIS2_PLACEMENT_3D('',#2381,#2382,#2383);
#2385=PLANE('',#2384);
#2386=ORIENTED_EDGE('',*,*,#1295,.T.);
#2388=ORIENTED_EDGE('',*,*,#2387,.T.);
#2390=ORIENTED_EDGE('',*,*,#2389,.F.);
#2391=ORIENTED_EDGE('',*,*,#2373,.F.);
#2392=EDGE_LOOP('',(#2386,#2388,#2390,#2391));
#2393=FACE_OUTER_BOUND('',#2392,.F.);
#2394=ADVANCED_FACE('',(#2393),#2385,.F.);
#2395=CARTESIAN_POINT('',(1.05E0,0.E0,2.15E0));
#2396=DIRECTION('',(1.E0,0.E0,0.E0));
#2397=DIRECTION('',(0.E0,0.E0,1.E0));
#2398=AXIS2_PLACEMENT_3D('',#2395,#2396,#2397);
#2399=PLANE('',#2398);
#2400=ORIENTED_EDGE('',*,*,#1293,.F.);
#2401=ORIENTED_EDGE('',*,*,#1928,.T.);
#2402=ORIENTED_EDGE('',*,*,#2283,.F.);
#2404=ORIENTED_EDGE('',*,*,#2403,.T.);
#2405=ORIENTED_EDGE('',*,*,#2387,.F.);
#2406=EDGE_LOOP('',(#2400,#2401,#2402,#2404,#2405));
#2407=FACE_OUTER_BOUND('',#2406,.F.);
#2408=ADVANCED_FACE('',(#2407),#2399,.F.);
#2409=CARTESIAN_POINT('',(8.3E0,0.E0,2.15E0));
#2410=DIRECTION('',(0.E0,0.E0,1.E0));
#2411=DIRECTION('',(-1.E0,0.E0,0.E0));
#2412=AXIS2_PLACEMENT_3D('',#2409,#2410,#2411);
#2413=PLANE('',#2412);
#2414=ORIENTED_EDGE('',*,*,#2389,.T.);
#2415=ORIENTED_EDGE('',*,*,#2403,.F.);
#2416=ORIENTED_EDGE('',*,*,#2281,.F.);
#2418=ORIENTED_EDGE('',*,*,#2417,.T.);
#2419=EDGE_LOOP('',(#2414,#2415,#2416,#2418));
#2420=FACE_OUTER_BOUND('',#2419,.F.);
#2421=ADVANCED_FACE('',(#2420),#2413,.F.);
#2422=CARTESIAN_POINT('',(8.3E0,0.E0,-2.15E0));
#2423=DIRECTION('',(1.E0,0.E0,0.E0));
#2424=DIRECTION('',(0.E0,0.E0,1.E0));
#2425=AXIS2_PLACEMENT_3D('',#2422,#2423,#2424);
#2426=PLANE('',#2425);
#2427=ORIENTED_EDGE('',*,*,#2375,.T.);
#2428=ORIENTED_EDGE('',*,*,#2417,.F.);
#2429=ORIENTED_EDGE('',*,*,#2279,.F.);
#2431=ORIENTED_EDGE('',*,*,#2430,.T.);
#2432=EDGE_LOOP('',(#2427,#2428,#2429,#2431));
#2433=FACE_OUTER_BOUND('',#2432,.F.);
#2434=ADVANCED_FACE('',(#2433),#2426,.F.);
#2435=CARTESIAN_POINT('',(-8.3E0,0.E0,-2.15E0));
#2436=DIRECTION('',(0.E0,0.E0,-1.E0));
#2437=DIRECTION('',(1.E0,0.E0,0.E0));
#2438=AXIS2_PLACEMENT_3D('',#2435,#2436,#2437);
#2439=PLANE('',#2438);
#2440=ORIENTED_EDGE('',*,*,#2361,.T.);
#2441=ORIENTED_EDGE('',*,*,#2430,.F.);
#2442=ORIENTED_EDGE('',*,*,#2277,.F.);
#2444=ORIENTED_EDGE('',*,*,#2443,.T.);
#2445=EDGE_LOOP('',(#2440,#2441,#2442,#2444));
#2446=FACE_OUTER_BOUND('',#2445,.F.);
#2447=ADVANCED_FACE('',(#2446),#2439,.F.);
#2448=CARTESIAN_POINT('',(-8.3E0,0.E0,2.15E0));
#2449=DIRECTION('',(-1.E0,0.E0,0.E0));
#2450=DIRECTION('',(0.E0,0.E0,-1.E0));
#2451=AXIS2_PLACEMENT_3D('',#2448,#2449,#2450);
#2452=PLANE('',#2451);
#2453=ORIENTED_EDGE('',*,*,#2347,.T.);
#2454=ORIENTED_EDGE('',*,*,#2443,.F.);
#2455=ORIENTED_EDGE('',*,*,#2275,.F.);
#2457=ORIENTED_EDGE('',*,*,#2456,.T.);
#2458=EDGE_LOOP('',(#2453,#2454,#2455,#2457));
#2459=FACE_OUTER_BOUND('',#2458,.F.);
#2460=ADVANCED_FACE('',(#2459),#2452,.F.);
#2461=CARTESIAN_POINT('',(-1.05E0,0.E0,2.15E0));
#2462=DIRECTION('',(0.E0,0.E0,1.E0));
#2463=DIRECTION('',(-1.E0,0.E0,0.E0));
#2464=AXIS2_PLACEMENT_3D('',#2461,#2462,#2463);
#2465=PLANE('',#2464);
#2466=ORIENTED_EDGE('',*,*,#2333,.T.);
#2467=ORIENTED_EDGE('',*,*,#2456,.F.);
#2468=ORIENTED_EDGE('',*,*,#2273,.F.);
#2469=ORIENTED_EDGE('',*,*,#2318,.T.);
#2470=EDGE_LOOP('',(#2466,#2467,#2468,#2469));
#2471=FACE_OUTER_BOUND('',#2470,.F.);
#2472=ADVANCED_FACE('',(#2471),#2465,.F.);
#2473=CARTESIAN_POINT('',(-2.E0,0.E0,0.E0));
#2474=DIRECTION('',(0.E0,-1.E0,0.E0));
#2475=DIRECTION('',(1.E0,0.E0,0.E0));
#2476=AXIS2_PLACEMENT_3D('',#2473,#2474,#2475);
#2477=CYLINDRICAL_SURFACE('',#2476,1.365E0);
#2479=ORIENTED_EDGE('',*,*,#2478,.F.);
#2481=ORIENTED_EDGE('',*,*,#2480,.F.);
#2482=ORIENTED_EDGE('',*,*,#2291,.T.);
#2484=ORIENTED_EDGE('',*,*,#2483,.T.);
#2485=EDGE_LOOP('',(#2479,#2481,#2482,#2484));
#2486=FACE_OUTER_BOUND('',#2485,.F.);
#2487=ADVANCED_FACE('',(#2486),#2477,.F.);
#2488=CARTESIAN_POINT('',(-4.5E-1,-1.7E0,3.38E0));
#2489=DIRECTION('',(0.E0,1.E0,0.E0));
#2490=DIRECTION('',(-1.E0,0.E0,0.E0));
#2491=AXIS2_PLACEMENT_3D('',#2488,#2489,#2490);
#2492=PLANE('',#2491);
#2493=ORIENTED_EDGE('',*,*,#1910,.F.);
#2495=ORIENTED_EDGE('',*,*,#2494,.T.);
#2496=ORIENTED_EDGE('',*,*,#2039,.T.);
#2498=ORIENTED_EDGE('',*,*,#2497,.F.);
#2499=EDGE_LOOP('',(#2493,#2495,#2496,#2498));
#2500=FACE_OUTER_BOUND('',#2499,.F.);
#2501=ORIENTED_EDGE('',*,*,#2478,.T.);
#2503=ORIENTED_EDGE('',*,*,#2502,.T.);
#2504=EDGE_LOOP('',(#2501,#2503));
#2505=FACE_BOUND('',#2504,.F.);
#2506=ADVANCED_FACE('',(#2500,#2505),#2492,.F.);
#2507=CARTESIAN_POINT('',(-4.5E-1,-2.2E0,3.38E0));
#2508=DIRECTION('',(1.E0,0.E0,0.E0));
#2509=DIRECTION('',(0.E0,1.E0,0.E0));
#2510=AXIS2_PLACEMENT_3D('',#2507,#2508,#2509);
#2511=PLANE('',#2510);
#2512=ORIENTED_EDGE('',*,*,#1613,.T.);
#2513=ORIENTED_EDGE('',*,*,#2041,.T.);
#2514=ORIENTED_EDGE('',*,*,#2494,.F.);
#2515=ORIENTED_EDGE('',*,*,#1908,.F.);
#2516=EDGE_LOOP('',(#2512,#2513,#2514,#2515));
#2517=FACE_OUTER_BOUND('',#2516,.F.);
#2518=ADVANCED_FACE('',(#2517),#2511,.F.);
#2519=CARTESIAN_POINT('',(-3.55E0,-1.7E0,3.38E0));
#2520=DIRECTION('',(-1.E0,0.E0,0.E0));
#2521=DIRECTION('',(0.E0,-1.E0,0.E0));
#2522=AXIS2_PLACEMENT_3D('',#2519,#2520,#2521);
#2523=PLANE('',#2522);
#2524=ORIENTED_EDGE('',*,*,#1593,.F.);
#2525=ORIENTED_EDGE('',*,*,#1912,.T.);
#2526=ORIENTED_EDGE('',*,*,#2497,.T.);
#2527=ORIENTED_EDGE('',*,*,#2037,.F.);
#2528=EDGE_LOOP('',(#2524,#2525,#2526,#2527));
#2529=FACE_OUTER_BOUND('',#2528,.F.);
#2530=ADVANCED_FACE('',(#2529),#2523,.F.);
#2531=CARTESIAN_POINT('',(-2.E0,0.E0,0.E0));
#2532=DIRECTION('',(0.E0,-1.E0,0.E0));
#2533=DIRECTION('',(1.E0,0.E0,0.E0));
#2534=AXIS2_PLACEMENT_3D('',#2531,#2532,#2533);
#2535=CYLINDRICAL_SURFACE('',#2534,1.365E0);
#2536=ORIENTED_EDGE('',*,*,#2502,.F.);
#2537=ORIENTED_EDGE('',*,*,#2483,.F.);
#2538=ORIENTED_EDGE('',*,*,#2293,.T.);
#2539=ORIENTED_EDGE('',*,*,#2480,.T.);
#2540=EDGE_LOOP('',(#2536,#2537,#2538,#2539));
#2541=FACE_OUTER_BOUND('',#2540,.F.);
#2542=ADVANCED_FACE('',(#2541),#2535,.F.);
#2543=CARTESIAN_POINT('',(2.E0,0.E0,0.E0));
#2544=DIRECTION('',(0.E0,-1.E0,0.E0));
#2545=DIRECTION('',(1.E0,0.E0,0.E0));
#2546=AXIS2_PLACEMENT_3D('',#2543,#2544,#2545);
#2547=CYLINDRICAL_SURFACE('',#2546,1.365E0);
#2549=ORIENTED_EDGE('',*,*,#2548,.F.);
#2551=ORIENTED_EDGE('',*,*,#2550,.F.);
#2552=ORIENTED_EDGE('',*,*,#2297,.T.);
#2554=ORIENTED_EDGE('',*,*,#2553,.T.);
#2555=EDGE_LOOP('',(#2549,#2551,#2552,#2554));
#2556=FACE_OUTER_BOUND('',#2555,.F.);
#2557=ADVANCED_FACE('',(#2556),#2547,.F.);
#2558=CARTESIAN_POINT('',(3.55E0,-1.7E0,3.38E0));
#2559=DIRECTION('',(0.E0,1.E0,0.E0));
#2560=DIRECTION('',(-1.E0,0.E0,0.E0));
#2561=AXIS2_PLACEMENT_3D('',#2558,#2559,#2560);
#2562=PLANE('',#2561);
#2563=ORIENTED_EDGE('',*,*,#1903,.F.);
#2565=ORIENTED_EDGE('',*,*,#2564,.T.);
#2566=ORIENTED_EDGE('',*,*,#2046,.T.);
#2568=ORIENTED_EDGE('',*,*,#2567,.F.);
#2569=EDGE_LOOP('',(#2563,#2565,#2566,#2568));
#2570=FACE_OUTER_BOUND('',#2569,.F.);
#2571=ORIENTED_EDGE('',*,*,#2548,.T.);
#2573=ORIENTED_EDGE('',*,*,#2572,.T.);
#2574=EDGE_LOOP('',(#2571,#2573));
#2575=FACE_BOUND('',#2574,.F.);
#2576=ADVANCED_FACE('',(#2570,#2575),#2562,.F.);
#2577=CARTESIAN_POINT('',(3.55E0,-2.2E0,3.38E0));
#2578=DIRECTION('',(1.E0,0.E0,0.E0));
#2579=DIRECTION('',(0.E0,1.E0,0.E0));
#2580=AXIS2_PLACEMENT_3D('',#2577,#2578,#2579);
#2581=PLANE('',#2580);
#2582=ORIENTED_EDGE('',*,*,#1629,.T.);
#2583=ORIENTED_EDGE('',*,*,#2048,.T.);
#2584=ORIENTED_EDGE('',*,*,#2564,.F.);
#2585=ORIENTED_EDGE('',*,*,#1901,.F.);
#2586=EDGE_LOOP('',(#2582,#2583,#2584,#2585));
#2587=FACE_OUTER_BOUND('',#2586,.F.);
#2588=ADVANCED_FACE('',(#2587),#2581,.F.);
#2589=CARTESIAN_POINT('',(4.5E-1,-1.7E0,3.38E0));
#2590=DIRECTION('',(-1.E0,0.E0,0.E0));
#2591=DIRECTION('',(0.E0,-1.E0,0.E0));
#2592=AXIS2_PLACEMENT_3D('',#2589,#2590,#2591);
#2593=PLANE('',#2592);
#2594=ORIENTED_EDGE('',*,*,#1609,.F.);
#2595=ORIENTED_EDGE('',*,*,#1905,.T.);
#2596=ORIENTED_EDGE('',*,*,#2567,.T.);
#2597=ORIENTED_EDGE('',*,*,#2044,.F.);
#2598=EDGE_LOOP('',(#2594,#2595,#2596,#2597));
#2599=FACE_OUTER_BOUND('',#2598,.F.);
#2600=ADVANCED_FACE('',(#2599),#2593,.F.);
#2601=CARTESIAN_POINT('',(2.E0,0.E0,0.E0));
#2602=DIRECTION('',(0.E0,-1.E0,0.E0));
#2603=DIRECTION('',(1.E0,0.E0,0.E0));
#2604=AXIS2_PLACEMENT_3D('',#2601,#2602,#2603);
#2605=CYLINDRICAL_SURFACE('',#2604,1.365E0);
#2606=ORIENTED_EDGE('',*,*,#2572,.F.);
#2607=ORIENTED_EDGE('',*,*,#2553,.F.);
#2608=ORIENTED_EDGE('',*,*,#2299,.T.);
#2609=ORIENTED_EDGE('',*,*,#2550,.T.);
#2610=EDGE_LOOP('',(#2606,#2607,#2608,#2609));
#2611=FACE_OUTER_BOUND('',#2610,.F.);
#2612=ADVANCED_FACE('',(#2611),#2605,.F.);
#2613=CARTESIAN_POINT('',(6.E0,0.E0,0.E0));
#2614=DIRECTION('',(0.E0,-1.E0,0.E0));
#2615=DIRECTION('',(1.E0,0.E0,0.E0));
#2616=AXIS2_PLACEMENT_3D('',#2613,#2614,#2615);
#2617=CYLINDRICAL_SURFACE('',#2616,1.365E0);
#2618=ORIENTED_EDGE('',*,*,#1968,.F.);
#2620=ORIENTED_EDGE('',*,*,#2619,.F.);
#2621=ORIENTED_EDGE('',*,*,#2303,.T.);
#2623=ORIENTED_EDGE('',*,*,#2622,.T.);
#2624=EDGE_LOOP('',(#2618,#2620,#2621,#2623));
#2625=FACE_OUTER_BOUND('',#2624,.F.);
#2626=ADVANCED_FACE('',(#2625),#2617,.F.);
#2627=CARTESIAN_POINT('',(6.E0,0.E0,0.E0));
#2628=DIRECTION('',(0.E0,-1.E0,0.E0));
#2629=DIRECTION('',(1.E0,0.E0,0.E0));
#2630=AXIS2_PLACEMENT_3D('',#2627,#2628,#2629);
#2631=CYLINDRICAL_SURFACE('',#2630,1.365E0);
#2632=ORIENTED_EDGE('',*,*,#1970,.F.);
#2633=ORIENTED_EDGE('',*,*,#2622,.F.);
#2634=ORIENTED_EDGE('',*,*,#2305,.T.);
#2635=ORIENTED_EDGE('',*,*,#2619,.T.);
#2636=EDGE_LOOP('',(#2632,#2633,#2634,#2635));
#2637=FACE_OUTER_BOUND('',#2636,.F.);
#2638=ADVANCED_FACE('',(#2637),#2631,.F.);
#2639=CLOSED_SHELL('',(#1329,#1344,#1357,#1373,#1388,#1401,#1429,#1444,#1458,
#1472,#1486,#1500,#1514,#1528,#1541,#1587,#1603,#1619,#1635,#1673,#1688,#1702,
#1716,#1730,#1744,#1758,#1772,#1785,#1807,#1822,#1839,#1853,#1865,#1877,#1892,
#1940,#1954,#1974,#1987,#2001,#2015,#2053,#2066,#2079,#2091,#2104,#2117,#2129,
#2142,#2155,#2167,#2180,#2193,#2205,#2224,#2236,#2251,#2264,#2309,#2324,#2338,
#2352,#2366,#2380,#2394,#2408,#2421,#2434,#2447,#2460,#2472,#2487,#2506,#2518,
#2530,#2542,#2557,#2576,#2588,#2600,#2612,#2626,#2638));
#2640=MANIFOLD_SOLID_BREP('',#2639);
#2641=(LENGTH_UNIT()NAMED_UNIT(*)SI_UNIT(.MILLI.,.METRE.));
#2642=DIMENSIONAL_EXPONENTS(0.E0,0.E0,0.E0,0.E0,0.E0,0.E0,0.E0);
#2643=(NAMED_UNIT(*)PLANE_ANGLE_UNIT()SI_UNIT($,.RADIAN.));
#2644=PLANE_ANGLE_MEASURE_WITH_UNIT(PLANE_ANGLE_MEASURE(1.745329251994E-2),
#2643);
#2645=(CONVERSION_BASED_UNIT('DEGREE',#2644)NAMED_UNIT(#2642)PLANE_ANGLE_UNIT(
));
#2646=(NAMED_UNIT(*)SI_UNIT($,.STERADIAN.)SOLID_ANGLE_UNIT());
#2647=UNCERTAINTY_MEASURE_WITH_UNIT(LENGTH_MEASURE(2.924316343842E-3),#2641,
'closure',
'Maximum model space distance between geometric entities at asserted connectivities');
#2648=(GEOMETRIC_REPRESENTATION_CONTEXT(3)GLOBAL_UNCERTAINTY_ASSIGNED_CONTEXT((
#2647))GLOBAL_UNIT_ASSIGNED_CONTEXT((#2641,#2645,#2646))REPRESENTATION_CONTEXT(
'ID1','3'));
#2649=CARTESIAN_POINT('',(0.E0,0.E0,0.E0));
#2650=DIRECTION('',(0.E0,0.E0,1.E0));
#2651=DIRECTION('',(1.E0,0.E0,0.E0));
#2654=APPLICATION_CONTEXT(
'CONFIGURATION CONTROLLED 3D DESIGNS OF MECHANICAL PARTS AND ASSEMBLIES');
#2655=APPLICATION_PROTOCOL_DEFINITION('international standard',
'config_control_design',1994,#2654);
#2656=DESIGN_CONTEXT('',#2654,'design');
#2657=MECHANICAL_CONTEXT('',#2654,'mechanical');
#2658=PRODUCT('M80-271-04-00-00','M80-271-04-00-00','NOT SPECIFIED',(#2657));
#2659=PRODUCT_DEFINITION_FORMATION_WITH_SPECIFIED_SOURCE('4','LAST_VERSION',
#2658,.MADE.);
#2668=CARTESIAN_POINT('',(0.E0,0.E0,0.E0));
#2669=DIRECTION('',(0.E0,0.E0,1.E0));
#2670=DIRECTION('',(1.E0,0.E0,0.E0));
#2671=AXIS2_PLACEMENT_3D('',#2668,#2669,#2670);
#2672=ITEM_DEFINED_TRANSFORMATION('','',#2652,#2671);
#2673=(REPRESENTATION_RELATIONSHIP('','',#2653,#2665)REPRESENTATION_RELATIONSHIP_WITH_TRANSFORMATION(#2672)SHAPE_REPRESENTATION_RELATIONSHIP());
#2674=CONTEXT_DEPENDENT_SHAPE_REPRESENTATION(#2673,#2667);
#2676=DIRECTION('',(0.E0,0.E0,1.E0));
#2677=VECTOR('',#2676,4.5E0);
#2678=CARTESIAN_POINT('',(-1.5E0,0.E0,-1.5E0));
#2679=LINE('',#2678,#2677);
#2680=DIRECTION('',(1.E0,0.E0,0.E0));
#2681=VECTOR('',#2680,3.E0);
#2682=CARTESIAN_POINT('',(-1.5E0,0.E0,3.E0));
#2683=LINE('',#2682,#2681);
#2684=DIRECTION('',(0.E0,0.E0,-1.E0));
#2685=VECTOR('',#2684,4.5E0);
#2686=CARTESIAN_POINT('',(1.5E0,0.E0,3.E0));
#2687=LINE('',#2686,#2685);
#2688=DIRECTION('',(-1.E0,0.E0,0.E0));
#2689=VECTOR('',#2688,3.E0);
#2690=CARTESIAN_POINT('',(1.5E0,0.E0,-1.5E0));
#2691=LINE('',#2690,#2689);
#2692=DIRECTION('',(0.E0,1.E0,0.E0));
#2693=VECTOR('',#2692,2.5E0);
#2694=CARTESIAN_POINT('',(-1.5E0,0.E0,-1.5E0));
#2695=LINE('',#2694,#2693);
#2696=DIRECTION('',(0.E0,1.E0,0.E0));
#2697=VECTOR('',#2696,2.5E0);
#2698=CARTESIAN_POINT('',(1.5E0,0.E0,-1.5E0));
#2699=LINE('',#2698,#2697);
#2700=DIRECTION('',(0.E0,1.E0,0.E0));
#2701=VECTOR('',#2700,2.5E0);
#2702=CARTESIAN_POINT('',(1.5E0,0.E0,3.E0));
#2703=LINE('',#2702,#2701);
#2704=DIRECTION('',(0.E0,1.E0,0.E0));
#2705=VECTOR('',#2704,2.5E0);
#2706=CARTESIAN_POINT('',(-1.5E0,0.E0,3.E0));
#2707=LINE('',#2706,#2705);
#2708=CARTESIAN_POINT('',(0.E0,1.5E0,3.E0));
#2709=DIRECTION('',(0.E0,0.E0,-1.E0));
#2710=DIRECTION('',(1.E0,0.E0,0.E0));
#2711=AXIS2_PLACEMENT_3D('',#2708,#2709,#2710);
#2713=CARTESIAN_POINT('',(0.E0,1.5E0,3.E0));
#2714=DIRECTION('',(0.E0,0.E0,-1.E0));
#2715=DIRECTION('',(-1.E0,0.E0,0.E0));
#2716=AXIS2_PLACEMENT_3D('',#2713,#2714,#2715);
#2718=DIRECTION('',(0.E0,0.E0,1.E0));
#2719=VECTOR('',#2718,4.5E0);
#2720=CARTESIAN_POINT('',(-1.5E0,2.5E0,-1.5E0));
#2721=LINE('',#2720,#2719);
#2722=DIRECTION('',(-1.E0,0.E0,0.E0));
#2723=VECTOR('',#2722,3.E0);
#2724=CARTESIAN_POINT('',(1.5E0,2.5E0,-1.5E0));
#2725=LINE('',#2724,#2723);
#2726=DIRECTION('',(0.E0,0.E0,-1.E0));
#2727=VECTOR('',#2726,4.5E0);
#2728=CARTESIAN_POINT('',(1.5E0,2.5E0,3.E0));
#2729=LINE('',#2728,#2727);
#2730=DIRECTION('',(1.E0,0.E0,0.E0));
#2731=VECTOR('',#2730,3.E0);
#2732=CARTESIAN_POINT('',(-1.5E0,2.5E0,3.E0));
#2733=LINE('',#2732,#2731);
#2734=CARTESIAN_POINT('',(0.E0,2.5E0,0.E0));
#2735=DIRECTION('',(0.E0,-1.E0,0.E0));
#2736=DIRECTION('',(1.E0,0.E0,0.E0));
#2737=AXIS2_PLACEMENT_3D('',#2734,#2735,#2736);
#2739=CARTESIAN_POINT('',(0.E0,2.5E0,0.E0));
#2740=DIRECTION('',(0.E0,-1.E0,0.E0));
#2741=DIRECTION('',(-1.E0,0.E0,0.E0));
#2742=AXIS2_PLACEMENT_3D('',#2739,#2740,#2741);
#2744=CARTESIAN_POINT('',(0.E0,3.35E0,0.E0));
#2745=DIRECTION('',(0.E0,-1.E0,0.E0));
#2746=DIRECTION('',(1.E0,0.E0,0.E0));
#2747=AXIS2_PLACEMENT_3D('',#2744,#2745,#2746);
#2749=CARTESIAN_POINT('',(0.E0,3.35E0,0.E0));
#2750=DIRECTION('',(0.E0,-1.E0,0.E0));
#2751=DIRECTION('',(0.E0,0.E0,1.E0));
#2752=AXIS2_PLACEMENT_3D('',#2749,#2750,#2751);
#2754=CARTESIAN_POINT('',(0.E0,4.15E0,0.E0));
#2755=DIRECTION('',(0.E0,-1.E0,0.E0));
#2756=DIRECTION('',(-7.071067811865E-1,0.E0,7.071067811865E-1));
#2757=AXIS2_PLACEMENT_3D('',#2754,#2755,#2756);
#2759=CARTESIAN_POINT('',(0.E0,4.15E0,0.E0));
#2760=DIRECTION('',(0.E0,-1.E0,0.E0));
#2761=DIRECTION('',(1.E0,0.E0,0.E0));
#2762=AXIS2_PLACEMENT_3D('',#2759,#2760,#2761);
#2764=CARTESIAN_POINT('',(0.E0,3.25E0,0.E0));
#2765=DIRECTION('',(0.E0,-1.E0,0.E0));
#2766=DIRECTION('',(1.E0,0.E0,0.E0));
#2767=AXIS2_PLACEMENT_3D('',#2764,#2765,#2766);
#2769=CARTESIAN_POINT('',(0.E0,3.25E0,0.E0));
#2770=DIRECTION('',(0.E0,-1.E0,0.E0));
#2771=DIRECTION('',(0.E0,0.E0,1.E0));
#2772=AXIS2_PLACEMENT_3D('',#2769,#2770,#2771);
#2774=CARTESIAN_POINT('',(0.E0,3.35E0,0.E0));
#2775=DIRECTION('',(0.E0,-1.E0,0.E0));
#2776=DIRECTION('',(0.E0,0.E0,-1.E0));
#2777=AXIS2_PLACEMENT_3D('',#2774,#2775,#2776);
#2779=DIRECTION('',(0.E0,1.E0,0.E0));
#2780=VECTOR('',#2779,8.E-1);
#2781=CARTESIAN_POINT('',(1.35E0,3.35E0,0.E0));
#2782=LINE('',#2781,#2780);
#2783=CARTESIAN_POINT('',(0.E0,4.15E0,0.E0));
#2784=DIRECTION('',(0.E0,-1.E0,0.E0));
#2785=DIRECTION('',(7.071067811865E-1,0.E0,-7.071067811865E-1));
#2786=AXIS2_PLACEMENT_3D('',#2783,#2784,#2785);
#2788=CARTESIAN_POINT('',(0.E0,4.15E0,0.E0));
#2789=DIRECTION('',(0.E0,-1.E0,0.E0));
#2790=DIRECTION('',(-1.E0,0.E0,0.E0));
#2791=AXIS2_PLACEMENT_3D('',#2788,#2789,#2790);
#2793=DIRECTION('',(0.E0,1.E0,0.E0));
#2794=VECTOR('',#2793,8.E-1);
#2795=CARTESIAN_POINT('',(-1.35E0,3.35E0,0.E0));
#2796=LINE('',#2795,#2794);
#2797=CARTESIAN_POINT('',(0.E0,3.35E0,0.E0));
#2798=DIRECTION('',(0.E0,-1.E0,0.E0));
#2799=DIRECTION('',(-1.E0,0.E0,0.E0));
#2800=AXIS2_PLACEMENT_3D('',#2797,#2798,#2799);
#2802=CARTESIAN_POINT('',(0.E0,3.25E0,0.E0));
#2803=DIRECTION('',(0.E0,-1.E0,0.E0));
#2804=DIRECTION('',(0.E0,0.E0,-1.E0));
#2805=AXIS2_PLACEMENT_3D('',#2802,#2803,#2804);
#2807=CARTESIAN_POINT('',(0.E0,3.25E0,0.E0));
#2808=DIRECTION('',(0.E0,-1.E0,0.E0));
#2809=DIRECTION('',(-1.E0,0.E0,0.E0));
#2810=AXIS2_PLACEMENT_3D('',#2807,#2808,#2809);
#2812=DIRECTION('',(0.E0,1.E0,0.E0));
#2813=VECTOR('',#2812,7.5E-1);
#2814=CARTESIAN_POINT('',(-1.35E0,2.5E0,0.E0));
#2815=LINE('',#2814,#2813);
#2816=DIRECTION('',(0.E0,1.E0,0.E0));
#2817=VECTOR('',#2816,7.5E-1);
#2818=CARTESIAN_POINT('',(1.35E0,2.5E0,0.E0));
#2819=LINE('',#2818,#2817);
#2820=DIRECTION('',(5.E-1,7.071067811866E-1,-5.E-1));
#2821=VECTOR('',#2820,7.071067811865E-2);
#2822=CARTESIAN_POINT('',(9.545941546018E-1,4.15E0,-9.545941546018E-1));
#2823=LINE('',#2822,#2821);
#2824=DIRECTION('',(-5.E-1,7.071067811866E-1,5.E-1));
#2825=VECTOR('',#2824,7.071067811865E-2);
#2826=CARTESIAN_POINT('',(-9.545941546018E-1,4.15E0,9.545941546018E-1));
#2827=LINE('',#2826,#2825);
#2828=DIRECTION('',(0.E0,1.E0,0.E0));
#2829=VECTOR('',#2828,7.E-2);
#2830=CARTESIAN_POINT('',(9.899494936612E-1,4.2E0,-9.899494936612E-1));
#2831=LINE('',#2830,#2829);
#2832=DIRECTION('',(0.E0,1.E0,0.E0));
#2833=VECTOR('',#2832,7.E-2);
#2834=CARTESIAN_POINT('',(-9.899494936612E-1,4.2E0,9.899494936612E-1));
#2835=LINE('',#2834,#2833);
#2836=CARTESIAN_POINT('',(0.E0,4.2E0,0.E0));
#2837=DIRECTION('',(0.E0,1.E0,0.E0));
#2838=DIRECTION('',(7.071067811865E-1,0.E0,-7.071067811865E-1));
#2839=AXIS2_PLACEMENT_3D('',#2836,#2837,#2838);
#2841=CARTESIAN_POINT('',(0.E0,4.2E0,0.E0));
#2842=DIRECTION('',(0.E0,-1.E0,0.E0));
#2843=DIRECTION('',(7.071067811865E-1,0.E0,-7.071067811865E-1));
#2844=AXIS2_PLACEMENT_3D('',#2841,#2842,#2843);
#2846=CARTESIAN_POINT('',(0.E0,4.27E0,0.E0));
#2847=DIRECTION('',(0.E0,-1.E0,0.E0));
#2848=DIRECTION('',(7.071067811865E-1,0.E0,-7.071067811865E-1));
#2849=AXIS2_PLACEMENT_3D('',#2846,#2847,#2848);
#2851=CARTESIAN_POINT('',(0.E0,4.4E0,0.E0));
#2852=DIRECTION('',(0.E0,-1.E0,0.E0));
#2853=DIRECTION('',(9.875221265369E-1,0.E0,1.574803149606E-1));
#2854=AXIS2_PLACEMENT_3D('',#2851,#2852,#2853);
#2856=CARTESIAN_POINT('',(0.E0,4.4E0,0.E0));
#2857=DIRECTION('',(0.E0,-1.E0,0.E0));
#2858=DIRECTION('',(-1.574803149606E-1,0.E0,9.875221265369E-1));
#2859=AXIS2_PLACEMENT_3D('',#2856,#2857,#2858);
#2861=CARTESIAN_POINT('',(0.E0,4.4E0,0.E0));
#2862=DIRECTION('',(0.E0,-1.E0,0.E0));
#2863=DIRECTION('',(-7.071067811865E-1,0.E0,7.071067811865E-1));
#2864=AXIS2_PLACEMENT_3D('',#2861,#2862,#2863);
#2866=DIRECTION('',(0.E0,-1.E0,0.E0));
#2867=VECTOR('',#2866,2.57E0);
#2868=CARTESIAN_POINT('',(2.E-1,6.97E0,1.254153100702E0));
#2869=LINE('',#2868,#2867);
#2870=DIRECTION('',(0.E0,1.E0,0.E0));
#2871=VECTOR('',#2870,3.2E0);
#2872=CARTESIAN_POINT('',(2.E-1,4.4E0,9.797958971133E-1));
#2873=LINE('',#2872,#2871);
#2874=CARTESIAN_POINT('',(2.E-1,7.6E0,1.183103310942E0));
#2875=CARTESIAN_POINT('',(2.E-1,7.571679522044E0,1.199686128704E0));
#2876=CARTESIAN_POINT('',(2.E-1,7.514658901402E0,1.233054719842E0));
#2877=CARTESIAN_POINT('',(2.E-1,7.427985051576E0,1.283723427250E0));
#2878=CARTESIAN_POINT('',(2.E-1,7.369453644337E0,1.317908181140E0));
#2879=CARTESIAN_POINT('',(2.E-1,7.34E0,1.335102992282E0));
#2881=DIRECTION('',(0.E0,-1.E0,0.E0));
#2882=VECTOR('',#2881,2.9E-1);
#2883=CARTESIAN_POINT('',(2.E-1,7.34E0,1.335102992282E0));
#2884=LINE('',#2883,#2882);
#2885=CARTESIAN_POINT('',(2.E-1,6.97E0,1.254153100702E0));
#2886=CARTESIAN_POINT('',(2.E-1,6.978798262066E0,1.263062533544E0));
#2887=CARTESIAN_POINT('',(2.E-1,6.996455307011E0,1.280937977009E0));
#2888=CARTESIAN_POINT('',(2.E-1,7.023122670704E0,1.307921702748E0));
#2889=CARTESIAN_POINT('',(2.E-1,7.041020867800E0,1.326023671406E0));
#2890=CARTESIAN_POINT('',(2.E-1,7.05E0,1.335102992282E0));
#2892=DIRECTION('',(0.E0,0.E0,1.E0));
#2893=VECTOR('',#2892,2.743572035886E-1);
#2894=CARTESIAN_POINT('',(-2.E-1,4.4E0,-1.254153100702E0));
#2895=LINE('',#2894,#2893);
#2896=CARTESIAN_POINT('',(0.E0,4.4E0,0.E0));
#2897=DIRECTION('',(0.E0,-1.E0,0.E0));
#2898=DIRECTION('',(-1.574803149606E-1,0.E0,-9.875221265369E-1));
#2899=AXIS2_PLACEMENT_3D('',#2896,#2897,#2898);
#2901=DIRECTION('',(0.E0,0.E0,-1.E0));
#2902=VECTOR('',#2901,2.743572035886E-1);
#2903=CARTESIAN_POINT('',(2.E-1,4.4E0,-9.797958971133E-1));
#2904=LINE('',#2903,#2902);
#2905=CARTESIAN_POINT('',(0.E0,4.4E0,0.E0));
#2906=DIRECTION('',(0.E0,1.E0,0.E0));
#2907=DIRECTION('',(2.E-1,0.E0,-9.797958971133E-1));
#2908=AXIS2_PLACEMENT_3D('',#2905,#2906,#2907);
#2910=DIRECTION('',(-1.E0,0.E0,0.E0));
#2911=VECTOR('',#2910,2.743572035886E-1);
#2912=CARTESIAN_POINT('',(-9.797958971133E-1,4.4E0,-2.E-1));
#2913=LINE('',#2912,#2911);
#2914=CARTESIAN_POINT('',(0.E0,4.4E0,0.E0));
#2915=DIRECTION('',(0.E0,1.E0,0.E0));
#2916=DIRECTION('',(-9.797958971133E-1,0.E0,-2.E-1));
#2917=AXIS2_PLACEMENT_3D('',#2914,#2915,#2916);
#2919=CARTESIAN_POINT('',(0.E0,4.4E0,0.E0));
#2920=DIRECTION('',(0.E0,1.E0,0.E0));
#2921=DIRECTION('',(-1.E0,0.E0,0.E0));
#2922=AXIS2_PLACEMENT_3D('',#2919,#2920,#2921);
#2924=DIRECTION('',(1.E0,0.E0,0.E0));
#2925=VECTOR('',#2924,2.743572035886E-1);
#2926=CARTESIAN_POINT('',(-1.254153100702E0,4.4E0,2.E-1));
#2927=LINE('',#2926,#2925);
#2928=CARTESIAN_POINT('',(0.E0,4.4E0,0.E0));
#2929=DIRECTION('',(0.E0,-1.E0,0.E0));
#2930=DIRECTION('',(-9.875221265369E-1,0.E0,1.574803149606E-1));
#2931=AXIS2_PLACEMENT_3D('',#2928,#2929,#2930);
#2933=DIRECTION('',(0.E0,0.E0,1.E0));
#2934=VECTOR('',#2933,2.743572035886E-1);
#2935=CARTESIAN_POINT('',(-2.E-1,4.4E0,9.797958971133E-1));
#2936=LINE('',#2935,#2934);
#2937=CARTESIAN_POINT('',(0.E0,4.4E0,0.E0));
#2938=DIRECTION('',(0.E0,1.E0,0.E0));
#2939=DIRECTION('',(-2.E-1,0.E0,9.797958971133E-1));
#2940=AXIS2_PLACEMENT_3D('',#2937,#2938,#2939);
#2942=DIRECTION('',(0.E0,0.E0,-1.E0));
#2943=VECTOR('',#2942,2.743572035886E-1);
#2944=CARTESIAN_POINT('',(2.E-1,4.4E0,1.254153100702E0));
#2945=LINE('',#2944,#2943);
#2946=CARTESIAN_POINT('',(0.E0,4.4E0,0.E0));
#2947=DIRECTION('',(0.E0,-1.E0,0.E0));
#2948=DIRECTION('',(1.574803149606E-1,0.E0,9.875221265369E-1));
#2949=AXIS2_PLACEMENT_3D('',#2946,#2947,#2948);
#2951=DIRECTION('',(1.E0,0.E0,0.E0));
#2952=VECTOR('',#2951,2.743572035886E-1);
#2953=CARTESIAN_POINT('',(9.797958971133E-1,4.4E0,2.E-1));
#2954=LINE('',#2953,#2952);
#2955=CARTESIAN_POINT('',(0.E0,4.4E0,0.E0));
#2956=DIRECTION('',(0.E0,1.E0,0.E0));
#2957=DIRECTION('',(9.797958971133E-1,0.E0,2.E-1));
#2958=AXIS2_PLACEMENT_3D('',#2955,#2956,#2957);
#2960=CARTESIAN_POINT('',(0.E0,4.4E0,0.E0));
#2961=DIRECTION('',(0.E0,1.E0,0.E0));
#2962=DIRECTION('',(1.E0,0.E0,0.E0));
#2963=AXIS2_PLACEMENT_3D('',#2960,#2961,#2962);
#2965=DIRECTION('',(-1.E0,0.E0,0.E0));
#2966=VECTOR('',#2965,2.743572035886E-1);
#2967=CARTESIAN_POINT('',(1.254153100702E0,4.4E0,-2.E-1));
#2968=LINE('',#2967,#2966);
#2969=CARTESIAN_POINT('',(0.E0,4.4E0,0.E0));
#2970=DIRECTION('',(0.E0,-1.E0,0.E0));
#2971=DIRECTION('',(9.875221265369E-1,0.E0,-1.574803149606E-1));
#2972=AXIS2_PLACEMENT_3D('',#2969,#2970,#2971);
#2974=DIRECTION('',(0.E0,-1.E0,0.E0));
#2975=VECTOR('',#2974,2.57E0);
#2976=CARTESIAN_POINT('',(-2.E-1,6.97E0,-1.254153100702E0));
#2977=LINE('',#2976,#2975);
#2978=DIRECTION('',(0.E0,1.E0,0.E0));
#2979=VECTOR('',#2978,3.2E0);
#2980=CARTESIAN_POINT('',(-2.E-1,4.4E0,-9.797958971133E-1));
#2981=LINE('',#2980,#2979);
#2982=CARTESIAN_POINT('',(-2.E-1,7.6E0,-1.183103310942E0));
#2983=CARTESIAN_POINT('',(-2.E-1,7.571679522044E0,-1.199686128704E0));
#2984=CARTESIAN_POINT('',(-2.E-1,7.514658901402E0,-1.233054719842E0));
#2985=CARTESIAN_POINT('',(-2.E-1,7.427985051576E0,-1.283723427250E0));
#2986=CARTESIAN_POINT('',(-2.E-1,7.369453644337E0,-1.317908181140E0));
#2987=CARTESIAN_POINT('',(-2.E-1,7.34E0,-1.335102992282E0));
#2989=DIRECTION('',(0.E0,-1.E0,0.E0));
#2990=VECTOR('',#2989,2.9E-1);
#2991=CARTESIAN_POINT('',(-2.E-1,7.34E0,-1.335102992282E0));
#2992=LINE('',#2991,#2990);
#2993=CARTESIAN_POINT('',(-2.E-1,6.97E0,-1.254153100702E0));
#2994=CARTESIAN_POINT('',(-2.E-1,6.978798262066E0,-1.263062533544E0));
#2995=CARTESIAN_POINT('',(-2.E-1,6.996455307011E0,-1.280937977009E0));
#2996=CARTESIAN_POINT('',(-2.E-1,7.023122670704E0,-1.307921702748E0));
#2997=CARTESIAN_POINT('',(-2.E-1,7.041020867800E0,-1.326023671406E0));
#2998=CARTESIAN_POINT('',(-2.E-1,7.05E0,-1.335102992282E0));
#3000=CARTESIAN_POINT('',(0.E0,4.4E0,0.E0));
#3001=DIRECTION('',(0.E0,-1.E0,0.E0));
#3002=DIRECTION('',(-9.875221265369E-1,0.E0,-1.574803149606E-1));
#3003=AXIS2_PLACEMENT_3D('',#3000,#3001,#3002);
#3005=CARTESIAN_POINT('',(0.E0,4.4E0,0.E0));
#3006=DIRECTION('',(0.E0,-1.E0,0.E0));
#3007=DIRECTION('',(1.574803149606E-1,0.E0,-9.875221265369E-1));
#3008=AXIS2_PLACEMENT_3D('',#3005,#3006,#3007);
#3010=CARTESIAN_POINT('',(0.E0,4.4E0,0.E0));
#3011=DIRECTION('',(0.E0,-1.E0,0.E0));
#3012=DIRECTION('',(7.071067811865E-1,0.E0,-7.071067811865E-1));
#3013=AXIS2_PLACEMENT_3D('',#3010,#3011,#3012);
#3015=DIRECTION('',(5.E-1,7.071067811866E-1,-5.E-1));
#3016=VECTOR('',#3015,1.838477631085E-1);
#3017=CARTESIAN_POINT('',(-9.899494936612E-1,4.27E0,9.899494936612E-1));
#3018=LINE('',#3017,#3016);
#3019=CARTESIAN_POINT('',(0.E0,4.27E0,0.E0));
#3020=DIRECTION('',(0.E0,1.E0,0.E0));
#3021=DIRECTION('',(7.071067811865E-1,0.E0,-7.071067811865E-1));
#3022=AXIS2_PLACEMENT_3D('',#3019,#3020,#3021);
#3024=DIRECTION('',(-5.E-1,7.071067811866E-1,5.E-1));
#3025=VECTOR('',#3024,1.838477631085E-1);
#3026=CARTESIAN_POINT('',(9.899494936612E-1,4.27E0,-9.899494936612E-1));
#3027=LINE('',#3026,#3025);
#3028=CARTESIAN_POINT('',(0.E0,6.97E0,0.E0));
#3029=DIRECTION('',(0.E0,1.E0,0.E0));
#3030=DIRECTION('',(-1.574803149606E-1,0.E0,-9.875221265369E-1));
#3031=AXIS2_PLACEMENT_3D('',#3028,#3029,#3030);
#3033=CARTESIAN_POINT('',(0.E0,6.97E0,0.E0));
#3034=DIRECTION('',(0.E0,1.E0,0.E0));
#3035=DIRECTION('',(9.875221265369E-1,0.E0,-1.574803149606E-1));
#3036=AXIS2_PLACEMENT_3D('',#3033,#3034,#3035);
#3038=CARTESIAN_POINT('',(0.E0,7.05E0,0.E0));
#3039=DIRECTION('',(0.E0,1.E0,0.E0));
#3040=DIRECTION('',(-1.481481481481E-1,0.E0,-9.889651794681E-1));
#3041=AXIS2_PLACEMENT_3D('',#3038,#3039,#3040);
#3043=CARTESIAN_POINT('',(0.E0,7.05E0,0.E0));
#3044=DIRECTION('',(0.E0,1.E0,0.E0));
#3045=DIRECTION('',(9.889651794681E-1,0.E0,-1.481481481481E-1));
#3046=AXIS2_PLACEMENT_3D('',#3043,#3044,#3045);
#3048=CARTESIAN_POINT('',(0.E0,7.34E0,0.E0));
#3049=DIRECTION('',(0.E0,1.E0,0.E0));
#3050=DIRECTION('',(-1.481481481481E-1,0.E0,-9.889651794681E-1));
#3051=AXIS2_PLACEMENT_3D('',#3048,#3049,#3050);
#3053=CARTESIAN_POINT('',(0.E0,7.34E0,0.E0));
#3054=DIRECTION('',(0.E0,1.E0,0.E0));
#3055=DIRECTION('',(9.889651794681E-1,0.E0,-1.481481481481E-1));
#3056=AXIS2_PLACEMENT_3D('',#3053,#3054,#3055);
#3058=DIRECTION('',(0.E0,0.E0,1.E0));
#3059=VECTOR('',#3058,2.033074138289E-1);
#3060=CARTESIAN_POINT('',(-2.E-1,7.6E0,-1.183103310942E0));
#3061=LINE('',#3060,#3059);
#3062=CARTESIAN_POINT('',(0.E0,7.6E0,0.E0));
#3063=DIRECTION('',(0.E0,1.E0,0.E0));
#3064=DIRECTION('',(-2.E-1,0.E0,-9.797958971133E-1));
#3065=AXIS2_PLACEMENT_3D('',#3062,#3063,#3064);
#3067=DIRECTION('',(1.E0,0.E0,0.E0));
#3068=VECTOR('',#3067,2.033074138289E-1);
#3069=CARTESIAN_POINT('',(-1.183103310942E0,7.6E0,-2.E-1));
#3070=LINE('',#3069,#3068);
#3071=CARTESIAN_POINT('',(0.E0,7.6E0,0.E0));
#3072=DIRECTION('',(0.E0,1.E0,0.E0));
#3073=DIRECTION('',(-1.666820944820E-1,0.E0,-9.860106892824E-1));
#3074=AXIS2_PLACEMENT_3D('',#3071,#3072,#3073);
#3076=DIRECTION('',(1.E0,0.E0,0.E0));
#3077=VECTOR('',#3076,2.033074138289E-1);
#3078=CARTESIAN_POINT('',(-1.183103310942E0,7.6E0,2.E-1));
#3079=LINE('',#3078,#3077);
#3080=CARTESIAN_POINT('',(0.E0,7.6E0,0.E0));
#3081=DIRECTION('',(0.E0,1.E0,0.E0));
#3082=DIRECTION('',(-9.797958971133E-1,0.E0,2.E-1));
#3083=AXIS2_PLACEMENT_3D('',#3080,#3081,#3082);
#3085=DIRECTION('',(0.E0,0.E0,-1.E0));
#3086=VECTOR('',#3085,2.033074138289E-1);
#3087=CARTESIAN_POINT('',(-2.E-1,7.6E0,1.183103310942E0));
#3088=LINE('',#3087,#3086);
#3089=CARTESIAN_POINT('',(0.E0,7.6E0,0.E0));
#3090=DIRECTION('',(0.E0,-1.E0,0.E0));
#3091=DIRECTION('',(-1.666820944820E-1,0.E0,9.860106892824E-1));
#3092=AXIS2_PLACEMENT_3D('',#3089,#3090,#3091);
#3094=DIRECTION('',(0.E0,0.E0,-1.E0));
#3095=VECTOR('',#3094,2.033074138289E-1);
#3096=CARTESIAN_POINT('',(2.E-1,7.6E0,1.183103310942E0));
#3097=LINE('',#3096,#3095);
#3098=CARTESIAN_POINT('',(0.E0,7.6E0,0.E0));
#3099=DIRECTION('',(0.E0,1.E0,0.E0));
#3100=DIRECTION('',(2.E-1,0.E0,9.797958971133E-1));
#3101=AXIS2_PLACEMENT_3D('',#3098,#3099,#3100);
#3103=DIRECTION('',(-1.E0,0.E0,0.E0));
#3104=VECTOR('',#3103,2.033074138289E-1);
#3105=CARTESIAN_POINT('',(1.183103310942E0,7.6E0,2.E-1));
#3106=LINE('',#3105,#3104);
#3107=CARTESIAN_POINT('',(0.E0,7.6E0,0.E0));
#3108=DIRECTION('',(0.E0,-1.E0,0.E0));
#3109=DIRECTION('',(9.860106892824E-1,0.E0,1.666820944820E-1));
#3110=AXIS2_PLACEMENT_3D('',#3107,#3108,#3109);
#3112=DIRECTION('',(-1.E0,0.E0,0.E0));
#3113=VECTOR('',#3112,2.033074138289E-1);
#3114=CARTESIAN_POINT('',(1.183103310942E0,7.6E0,-2.E-1));
#3115=LINE('',#3114,#3113);
#3116=CARTESIAN_POINT('',(0.E0,7.6E0,0.E0));
#3117=DIRECTION('',(0.E0,1.E0,0.E0));
#3118=DIRECTION('',(9.797958971133E-1,0.E0,-2.E-1));
#3119=AXIS2_PLACEMENT_3D('',#3116,#3117,#3118);
#3121=DIRECTION('',(0.E0,0.E0,1.E0));
#3122=VECTOR('',#3121,2.033074138289E-1);
#3123=CARTESIAN_POINT('',(2.E-1,7.6E0,-1.183103310942E0));
#3124=LINE('',#3123,#3122);
#3125=CARTESIAN_POINT('',(0.E0,7.6E0,0.E0));
#3126=DIRECTION('',(0.E0,1.E0,0.E0));
#3127=DIRECTION('',(9.860106892824E-1,0.E0,-1.666820944820E-1));
#3128=AXIS2_PLACEMENT_3D('',#3125,#3126,#3127);
#3130=CARTESIAN_POINT('',(0.E0,4.25E0,0.E0));
#3131=DIRECTION('',(0.E0,1.E0,0.E0));
#3132=DIRECTION('',(1.E0,0.E0,0.E0));
#3133=AXIS2_PLACEMENT_3D('',#3130,#3131,#3132);
#3135=DIRECTION('',(0.E0,-1.E0,0.E0));
#3136=VECTOR('',#3135,2.57E0);
#3137=CARTESIAN_POINT('',(2.E-1,6.97E0,-1.254153100702E0));
#3138=LINE('',#3137,#3136);
#3139=CARTESIAN_POINT('',(2.E-1,7.05E0,-1.335102992282E0));
#3140=CARTESIAN_POINT('',(2.E-1,7.041021735250E0,-1.326024548534E0));
#3141=CARTESIAN_POINT('',(2.E-1,7.023124694318E0,-1.307923749734E0));
#3142=CARTESIAN_POINT('',(2.E-1,6.996457326753E0,-1.280940021355E0));
#3143=CARTESIAN_POINT('',(2.E-1,6.978799127458E0,-1.263063409870E0));
#3144=CARTESIAN_POINT('',(2.E-1,6.97E0,-1.254153100702E0));
#3146=DIRECTION('',(0.E0,-1.E0,0.E0));
#3147=VECTOR('',#3146,2.9E-1);
#3148=CARTESIAN_POINT('',(2.E-1,7.34E0,-1.335102992282E0));
#3149=LINE('',#3148,#3147);
#3150=CARTESIAN_POINT('',(2.E-1,7.34E0,-1.335102992282E0));
#3151=CARTESIAN_POINT('',(2.E-1,7.369443011866E0,-1.317914388295E0));
#3152=CARTESIAN_POINT('',(2.E-1,7.427960248216E0,-1.283737917964E0));
#3153=CARTESIAN_POINT('',(2.E-1,7.514634198144E0,-1.233069170450E0));
#3154=CARTESIAN_POINT('',(2.E-1,7.571668938043E0,-1.199692326077E0));
#3155=CARTESIAN_POINT('',(2.E-1,7.6E0,-1.183103310942E0));
#3157=DIRECTION('',(0.E0,1.E0,0.E0));
#3158=VECTOR('',#3157,3.2E0);
#3159=CARTESIAN_POINT('',(2.E-1,4.4E0,-9.797958971133E-1));
#3160=LINE('',#3159,#3158);
#3161=DIRECTION('',(0.E0,-1.E0,0.E0));
#3162=VECTOR('',#3161,2.57E0);
#3163=CARTESIAN_POINT('',(1.254153100702E0,6.97E0,-2.E-1));
#3164=LINE('',#3163,#3162);
#3165=DIRECTION('',(0.E0,1.E0,0.E0));
#3166=VECTOR('',#3165,3.2E0);
#3167=CARTESIAN_POINT('',(9.797958971133E-1,4.4E0,-2.E-1));
#3168=LINE('',#3167,#3166);
#3169=CARTESIAN_POINT('',(1.183103310942E0,7.6E0,-2.E-1));
#3170=CARTESIAN_POINT('',(1.199686128704E0,7.571679522044E0,-2.E-1));
#3171=CARTESIAN_POINT('',(1.233054719842E0,7.514658901402E0,-2.E-1));
#3172=CARTESIAN_POINT('',(1.283723427250E0,7.427985051576E0,-2.E-1));
#3173=CARTESIAN_POINT('',(1.317908181140E0,7.369453644337E0,-2.E-1));
#3174=CARTESIAN_POINT('',(1.335102992282E0,7.34E0,-2.E-1));
#3176=DIRECTION('',(0.E0,-1.E0,0.E0));
#3177=VECTOR('',#3176,2.9E-1);
#3178=CARTESIAN_POINT('',(1.335102992282E0,7.34E0,-2.E-1));
#3179=LINE('',#3178,#3177);
#3180=CARTESIAN_POINT('',(1.254153100702E0,6.97E0,-2.E-1));
#3181=CARTESIAN_POINT('',(1.263062533544E0,6.978798262066E0,-2.E-1));
#3182=CARTESIAN_POINT('',(1.280937977009E0,6.996455307011E0,-2.E-1));
#3183=CARTESIAN_POINT('',(1.307921702748E0,7.023122670704E0,-2.E-1));
#3184=CARTESIAN_POINT('',(1.326023671406E0,7.041020867800E0,-2.E-1));
#3185=CARTESIAN_POINT('',(1.335102992282E0,7.05E0,-2.E-1));
#3187=DIRECTION('',(0.E0,1.E0,0.E0));
#3188=VECTOR('',#3187,1.5E-1);
#3189=CARTESIAN_POINT('',(-1.E0,4.25E0,0.E0));
#3190=LINE('',#3189,#3188);
#3191=CARTESIAN_POINT('',(0.E0,4.25E0,0.E0));
#3192=DIRECTION('',(0.E0,-1.E0,0.E0));
#3193=DIRECTION('',(1.E0,0.E0,0.E0));
#3194=AXIS2_PLACEMENT_3D('',#3191,#3192,#3193);
#3196=DIRECTION('',(0.E0,1.E0,0.E0));
#3197=VECTOR('',#3196,1.5E-1);
#3198=CARTESIAN_POINT('',(1.E0,4.25E0,0.E0));
#3199=LINE('',#3198,#3197);
#3200=DIRECTION('',(0.E0,-1.E0,0.E0));
#3201=VECTOR('',#3200,2.57E0);
#3202=CARTESIAN_POINT('',(-1.254153100702E0,6.97E0,2.E-1));
#3203=LINE('',#3202,#3201);
#3204=DIRECTION('',(0.E0,1.E0,0.E0));
#3205=VECTOR('',#3204,3.2E0);
#3206=CARTESIAN_POINT('',(-9.797958971133E-1,4.4E0,2.E-1));
#3207=LINE('',#3206,#3205);
#3208=CARTESIAN_POINT('',(-1.183103310942E0,7.6E0,2.E-1));
#3209=CARTESIAN_POINT('',(-1.199686128704E0,7.571679522044E0,2.E-1));
#3210=CARTESIAN_POINT('',(-1.233054719842E0,7.514658901402E0,2.E-1));
#3211=CARTESIAN_POINT('',(-1.283723427250E0,7.427985051576E0,2.E-1));
#3212=CARTESIAN_POINT('',(-1.317908181140E0,7.369453644337E0,2.E-1));
#3213=CARTESIAN_POINT('',(-1.335102992282E0,7.34E0,2.E-1));
#3215=DIRECTION('',(0.E0,-1.E0,0.E0));
#3216=VECTOR('',#3215,2.9E-1);
#3217=CARTESIAN_POINT('',(-1.335102992282E0,7.34E0,2.E-1));
#3218=LINE('',#3217,#3216);
#3219=CARTESIAN_POINT('',(-1.254153100702E0,6.97E0,2.E-1));
#3220=CARTESIAN_POINT('',(-1.263062533544E0,6.978798262066E0,2.E-1));
#3221=CARTESIAN_POINT('',(-1.280937977009E0,6.996455307011E0,2.E-1));
#3222=CARTESIAN_POINT('',(-1.307921702748E0,7.023122670704E0,2.E-1));
#3223=CARTESIAN_POINT('',(-1.326023671406E0,7.041020867800E0,2.E-1));
#3224=CARTESIAN_POINT('',(-1.335102992282E0,7.05E0,2.E-1));
#3226=CARTESIAN_POINT('',(0.E0,7.34E0,0.E0));
#3227=DIRECTION('',(0.E0,-1.E0,0.E0));
#3228=DIRECTION('',(-1.481481481481E-1,0.E0,9.889651794681E-1));
#3229=AXIS2_PLACEMENT_3D('',#3226,#3227,#3228);
#3231=CARTESIAN_POINT('',(0.E0,7.34E0,0.E0));
#3232=DIRECTION('',(0.E0,-1.E0,0.E0));
#3233=DIRECTION('',(9.889651794681E-1,0.E0,1.481481481481E-1));
#3234=AXIS2_PLACEMENT_3D('',#3231,#3232,#3233);
#3236=DIRECTION('',(0.E0,-1.E0,0.E0));
#3237=VECTOR('',#3236,2.57E0);
#3238=CARTESIAN_POINT('',(-2.E-1,6.97E0,1.254153100702E0));
#3239=LINE('',#3238,#3237);
#3240=CARTESIAN_POINT('',(-2.E-1,7.05E0,1.335102992282E0));
#3241=CARTESIAN_POINT('',(-2.E-1,7.041021735250E0,1.326024548534E0));
#3242=CARTESIAN_POINT('',(-2.E-1,7.023124694318E0,1.307923749734E0));
#3243=CARTESIAN_POINT('',(-2.E-1,6.996457326753E0,1.280940021355E0));
#3244=CARTESIAN_POINT('',(-2.E-1,6.978799127458E0,1.263063409870E0));
#3245=CARTESIAN_POINT('',(-2.E-1,6.97E0,1.254153100702E0));
#3247=DIRECTION('',(0.E0,-1.E0,0.E0));
#3248=VECTOR('',#3247,2.9E-1);
#3249=CARTESIAN_POINT('',(-2.E-1,7.34E0,1.335102992282E0));
#3250=LINE('',#3249,#3248);
#3251=CARTESIAN_POINT('',(-2.E-1,7.34E0,1.335102992282E0));
#3252=CARTESIAN_POINT('',(-2.E-1,7.369443011866E0,1.317914388295E0));
#3253=CARTESIAN_POINT('',(-2.E-1,7.427960248216E0,1.283737917964E0));
#3254=CARTESIAN_POINT('',(-2.E-1,7.514634198144E0,1.233069170450E0));
#3255=CARTESIAN_POINT('',(-2.E-1,7.571668938043E0,1.199692326077E0));
#3256=CARTESIAN_POINT('',(-2.E-1,7.6E0,1.183103310942E0));
#3258=DIRECTION('',(0.E0,1.E0,0.E0));
#3259=VECTOR('',#3258,3.2E0);
#3260=CARTESIAN_POINT('',(-2.E-1,4.4E0,9.797958971133E-1));
#3261=LINE('',#3260,#3259);
#3262=CARTESIAN_POINT('',(0.E0,6.97E0,0.E0));
#3263=DIRECTION('',(0.E0,-1.E0,0.E0));
#3264=DIRECTION('',(-1.574803149606E-1,0.E0,9.875221265369E-1));
#3265=AXIS2_PLACEMENT_3D('',#3262,#3263,#3264);
#3267=CARTESIAN_POINT('',(0.E0,6.97E0,0.E0));
#3268=DIRECTION('',(0.E0,-1.E0,0.E0));
#3269=DIRECTION('',(9.875221265369E-1,0.E0,1.574803149606E-1));
#3270=AXIS2_PLACEMENT_3D('',#3267,#3268,#3269);
#3272=CARTESIAN_POINT('',(0.E0,7.05E0,0.E0));
#3273=DIRECTION('',(0.E0,-1.E0,0.E0));
#3274=DIRECTION('',(-1.481481481481E-1,0.E0,9.889651794681E-1));
#3275=AXIS2_PLACEMENT_3D('',#3272,#3273,#3274);
#3277=CARTESIAN_POINT('',(0.E0,7.05E0,0.E0));
#3278=DIRECTION('',(0.E0,-1.E0,0.E0));
#3279=DIRECTION('',(9.889651794681E-1,0.E0,1.481481481481E-1));
#3280=AXIS2_PLACEMENT_3D('',#3277,#3278,#3279);
#3282=DIRECTION('',(0.E0,-1.E0,0.E0));
#3283=VECTOR('',#3282,2.57E0);
#3284=CARTESIAN_POINT('',(1.254153100702E0,6.97E0,2.E-1));
#3285=LINE('',#3284,#3283);
#3286=CARTESIAN_POINT('',(1.335102992282E0,7.05E0,2.E-1));
#3287=CARTESIAN_POINT('',(1.326024548534E0,7.041021735250E0,2.E-1));
#3288=CARTESIAN_POINT('',(1.307923749734E0,7.023124694318E0,2.E-1));
#3289=CARTESIAN_POINT('',(1.280940021355E0,6.996457326753E0,2.E-1));
#3290=CARTESIAN_POINT('',(1.263063409870E0,6.978799127458E0,2.E-1));
#3291=CARTESIAN_POINT('',(1.254153100702E0,6.97E0,2.E-1));
#3293=DIRECTION('',(0.E0,-1.E0,0.E0));
#3294=VECTOR('',#3293,2.9E-1);
#3295=CARTESIAN_POINT('',(1.335102992282E0,7.34E0,2.E-1));
#3296=LINE('',#3295,#3294);
#3297=CARTESIAN_POINT('',(1.335102992282E0,7.34E0,2.E-1));
#3298=CARTESIAN_POINT('',(1.317914388295E0,7.369443011866E0,2.E-1));
#3299=CARTESIAN_POINT('',(1.283737917964E0,7.427960248216E0,2.E-1));
#3300=CARTESIAN_POINT('',(1.233069170450E0,7.514634198144E0,2.E-1));
#3301=CARTESIAN_POINT('',(1.199692326077E0,7.571668938043E0,2.E-1));
#3302=CARTESIAN_POINT('',(1.183103310942E0,7.6E0,2.E-1));
#3304=DIRECTION('',(0.E0,1.E0,0.E0));
#3305=VECTOR('',#3304,3.2E0);
#3306=CARTESIAN_POINT('',(9.797958971133E-1,4.4E0,2.E-1));
#3307=LINE('',#3306,#3305);
#3308=DIRECTION('',(8.571673007021E-1,5.150380749101E-1,0.E0));
#3309=VECTOR('',#3308,1.166633397215E0);
#3310=CARTESIAN_POINT('',(0.E0,3.649139380972E0,0.E0));
#3311=LINE('',#3310,#3309);
#3312=DIRECTION('',(-8.571673007021E-1,5.150380749101E-1,0.E0));
#3313=VECTOR('',#3312,1.166633397215E0);
#3314=CARTESIAN_POINT('',(0.E0,3.649139380972E0,0.E0));
#3315=LINE('',#3314,#3313);
#3316=DIRECTION('',(0.E0,-1.E0,0.E0));
#3317=VECTOR('',#3316,2.57E0);
#3318=CARTESIAN_POINT('',(-1.254153100702E0,6.97E0,-2.E-1));
#3319=LINE('',#3318,#3317);
#3320=CARTESIAN_POINT('',(-1.335102992282E0,7.05E0,-2.E-1));
#3321=CARTESIAN_POINT('',(-1.326024548534E0,7.041021735250E0,-2.E-1));
#3322=CARTESIAN_POINT('',(-1.307923749734E0,7.023124694318E0,-2.E-1));
#3323=CARTESIAN_POINT('',(-1.280940021355E0,6.996457326753E0,-2.E-1));
#3324=CARTESIAN_POINT('',(-1.263063409870E0,6.978799127458E0,-2.E-1));
#3325=CARTESIAN_POINT('',(-1.254153100702E0,6.97E0,-2.E-1));
#3327=DIRECTION('',(0.E0,-1.E0,0.E0));
#3328=VECTOR('',#3327,2.9E-1);
#3329=CARTESIAN_POINT('',(-1.335102992282E0,7.34E0,-2.E-1));
#3330=LINE('',#3329,#3328);
#3331=CARTESIAN_POINT('',(-1.335102992282E0,7.34E0,-2.E-1));
#3332=CARTESIAN_POINT('',(-1.317914388295E0,7.369443011866E0,-2.E-1));
#3333=CARTESIAN_POINT('',(-1.283737917964E0,7.427960248216E0,-2.E-1));
#3334=CARTESIAN_POINT('',(-1.233069170450E0,7.514634198144E0,-2.E-1));
#3335=CARTESIAN_POINT('',(-1.199692326077E0,7.571668938043E0,-2.E-1));
#3336=CARTESIAN_POINT('',(-1.183103310942E0,7.6E0,-2.E-1));
#3338=DIRECTION('',(0.E0,1.E0,0.E0));
#3339=VECTOR('',#3338,3.2E0);
#3340=CARTESIAN_POINT('',(-9.797958971133E-1,4.4E0,-2.E-1));
#3341=LINE('',#3340,#3339);
#3342=DIRECTION('',(0.E0,-7.071067811865E-1,-7.071067811866E-1));
#3343=VECTOR('',#3342,7.071067811865E-2);
#3344=CARTESIAN_POINT('',(0.E0,3.35E0,1.35E0));
#3345=LINE('',#3344,#3343);
#3346=DIRECTION('',(0.E0,-7.071067811865E-1,7.071067811866E-1));
#3347=VECTOR('',#3346,7.071067811865E-2);
#3348=CARTESIAN_POINT('',(0.E0,3.35E0,-1.35E0));
#3349=LINE('',#3348,#3347);
#3350=DIRECTION('',(0.E0,-7.071067811865E-1,-7.071067811866E-1));
#3351=VECTOR('',#3350,7.071067811865E-2);
#3352=CARTESIAN_POINT('',(0.E0,3.3E0,-1.3E0));
#3353=LINE('',#3352,#3351);
#3354=CARTESIAN_POINT('',(0.E0,3.3E0,0.E0));
#3355=DIRECTION('',(0.E0,1.E0,0.E0));
#3356=DIRECTION('',(0.E0,0.E0,-1.E0));
#3357=AXIS2_PLACEMENT_3D('',#3354,#3355,#3356);
#3359=DIRECTION('',(0.E0,-7.071067811865E-1,7.071067811866E-1));
#3360=VECTOR('',#3359,7.071067811865E-2);
#3361=CARTESIAN_POINT('',(0.E0,3.3E0,1.3E0));
#3362=LINE('',#3361,#3360);
#3363=CARTESIAN_POINT('',(0.E0,3.3E0,0.E0));
#3364=DIRECTION('',(0.E0,-1.E0,0.E0));
#3365=DIRECTION('',(0.E0,0.E0,-1.E0));
#3366=AXIS2_PLACEMENT_3D('',#3363,#3364,#3365);
#3368=DIRECTION('',(0.E0,0.E0,1.E0));
#3369=VECTOR('',#3368,3.E0);
#3370=CARTESIAN_POINT('',(7.5E-1,1.5E0,3.E0));
#3371=LINE('',#3370,#3369);
#3372=DIRECTION('',(0.E0,0.E0,1.E0));
#3373=VECTOR('',#3372,3.E0);
#3374=CARTESIAN_POINT('',(-7.5E-1,1.5E0,3.E0));
#3375=LINE('',#3374,#3373);
#3376=CARTESIAN_POINT('',(0.E0,1.5E0,6.5E0));
#3377=DIRECTION('',(0.E0,0.E0,1.E0));
#3378=DIRECTION('',(1.E0,0.E0,0.E0));
#3379=AXIS2_PLACEMENT_3D('',#3376,#3377,#3378);
#3381=CARTESIAN_POINT('',(0.E0,1.5E0,6.E0));
#3382=DIRECTION('',(0.E0,0.E0,1.E0));
#3383=DIRECTION('',(1.E0,0.E0,0.E0));
#3384=AXIS2_PLACEMENT_3D('',#3381,#3382,#3383);
#3386=CARTESIAN_POINT('',(0.E0,1.5E0,6.5E0));
#3387=DIRECTION('',(0.E0,0.E0,-1.E0));
#3388=DIRECTION('',(1.E0,0.E0,0.E0));
#3389=AXIS2_PLACEMENT_3D('',#3386,#3387,#3388);
#3391=DIRECTION('',(7.071067811865E-1,0.E0,-7.071067811865E-1));
#3392=VECTOR('',#3391,7.071067811865E-1);
#3393=CARTESIAN_POINT('',(2.5E-1,1.5E0,6.5E0));
#3394=LINE('',#3393,#3392);
#3395=CARTESIAN_POINT('',(0.E0,1.5E0,6.E0));
#3396=DIRECTION('',(0.E0,0.E0,-1.E0));
#3397=DIRECTION('',(1.E0,0.E0,0.E0));
#3398=AXIS2_PLACEMENT_3D('',#3395,#3396,#3397);
#3400=DIRECTION('',(-7.071067811865E-1,0.E0,-7.071067811865E-1));
#3401=VECTOR('',#3400,7.071067811865E-1);
#3402=CARTESIAN_POINT('',(-2.5E-1,1.5E0,6.5E0));
#3403=LINE('',#3402,#3401);
#3404=CARTESIAN_POINT('',(-1.5E0,0.E0,-1.5E0));
#3405=CARTESIAN_POINT('',(-1.5E0,0.E0,3.E0));
#3406=VERTEX_POINT('',#3404);
#3407=VERTEX_POINT('',#3405);
#3408=CARTESIAN_POINT('',(1.5E0,0.E0,3.E0));
#3409=VERTEX_POINT('',#3408);
#3410=CARTESIAN_POINT('',(1.5E0,0.E0,-1.5E0));
#3411=VERTEX_POINT('',#3410);
#3412=CARTESIAN_POINT('',(-1.5E0,2.5E0,-1.5E0));
#3413=CARTESIAN_POINT('',(-1.5E0,2.5E0,3.E0));
#3414=VERTEX_POINT('',#3412);
#3415=VERTEX_POINT('',#3413);
#3416=CARTESIAN_POINT('',(1.5E0,2.5E0,3.E0));
#3417=VERTEX_POINT('',#3416);
#3418=CARTESIAN_POINT('',(1.5E0,2.5E0,-1.5E0));
#3419=VERTEX_POINT('',#3418);
#3420=CARTESIAN_POINT('',(1.35E0,2.5E0,0.E0));
#3421=CARTESIAN_POINT('',(-1.35E0,2.5E0,0.E0));
#3422=VERTEX_POINT('',#3420);
#3423=VERTEX_POINT('',#3421);
#3424=VERTEX_POINT('',#3219);
#3425=VERTEX_POINT('',#3224);
#3426=VERTEX_POINT('',#3240);
#3427=VERTEX_POINT('',#3245);
#3428=VERTEX_POINT('',#2885);
#3429=VERTEX_POINT('',#2890);
#3430=VERTEX_POINT('',#3286);
#3431=VERTEX_POINT('',#3291);
#3432=CARTESIAN_POINT('',(-1.335102992282E0,7.34E0,2.E-1));
#3433=VERTEX_POINT('',#3432);
#3434=CARTESIAN_POINT('',(-2.E-1,7.34E0,1.335102992282E0));
#3435=VERTEX_POINT('',#3434);
#3436=CARTESIAN_POINT('',(2.E-1,7.34E0,1.335102992282E0));
#3437=VERTEX_POINT('',#3436);
#3438=CARTESIAN_POINT('',(1.335102992282E0,7.34E0,2.E-1));
#3439=VERTEX_POINT('',#3438);
#3440=VERTEX_POINT('',#3208);
#3441=VERTEX_POINT('',#3256);
#3442=VERTEX_POINT('',#2874);
#3443=VERTEX_POINT('',#3302);
#3444=CARTESIAN_POINT('',(-2.E-1,7.6E0,-1.183103310942E0));
#3445=CARTESIAN_POINT('',(-2.E-1,7.6E0,-9.797958971133E-1));
#3446=VERTEX_POINT('',#3444);
#3447=VERTEX_POINT('',#3445);
#3448=CARTESIAN_POINT('',(-1.183103310942E0,7.6E0,-2.E-1));
#3449=CARTESIAN_POINT('',(-9.797958971133E-1,7.6E0,-2.E-1));
#3450=VERTEX_POINT('',#3448);
#3451=VERTEX_POINT('',#3449);
#3452=CARTESIAN_POINT('',(-9.797958971133E-1,7.6E0,2.E-1));
#3453=VERTEX_POINT('',#3452);
#3454=CARTESIAN_POINT('',(-2.E-1,7.6E0,9.797958971133E-1));
#3455=VERTEX_POINT('',#3454);
#3456=CARTESIAN_POINT('',(2.E-1,7.6E0,9.797958971133E-1));
#3457=VERTEX_POINT('',#3456);
#3458=CARTESIAN_POINT('',(9.797958971133E-1,7.6E0,2.E-1));
#3459=VERTEX_POINT('',#3458);
#3460=CARTESIAN_POINT('',(1.183103310942E0,7.6E0,-2.E-1));
#3461=CARTESIAN_POINT('',(9.797958971133E-1,7.6E0,-2.E-1));
#3462=VERTEX_POINT('',#3460);
#3463=VERTEX_POINT('',#3461);
#3464=CARTESIAN_POINT('',(2.E-1,7.6E0,-1.183103310942E0));
#3465=CARTESIAN_POINT('',(2.E-1,7.6E0,-9.797958971133E-1));
#3466=VERTEX_POINT('',#3464);
#3467=VERTEX_POINT('',#3465);
#3468=VERTEX_POINT('',#2993);
#3469=VERTEX_POINT('',#2998);
#3470=VERTEX_POINT('',#3320);
#3471=VERTEX_POINT('',#3325);
#3472=VERTEX_POINT('',#3180);
#3473=VERTEX_POINT('',#3185);
#3474=VERTEX_POINT('',#3139);
#3475=VERTEX_POINT('',#3144);
#3476=CARTESIAN_POINT('',(-2.E-1,7.34E0,-1.335102992282E0));
#3477=VERTEX_POINT('',#3476);
#3478=CARTESIAN_POINT('',(-1.335102992282E0,7.34E0,-2.E-1));
#3479=VERTEX_POINT('',#3478);
#3480=CARTESIAN_POINT('',(1.335102992282E0,7.34E0,-2.E-1));
#3481=VERTEX_POINT('',#3480);
#3482=CARTESIAN_POINT('',(2.E-1,7.34E0,-1.335102992282E0));
#3483=VERTEX_POINT('',#3482);
#3484=CARTESIAN_POINT('',(-2.E-1,4.4E0,-9.797958971133E-1));
#3485=VERTEX_POINT('',#3484);
#3486=CARTESIAN_POINT('',(-9.797958971133E-1,4.4E0,-2.E-1));
#3487=VERTEX_POINT('',#3486);
#3488=CARTESIAN_POINT('',(9.797958971133E-1,4.4E0,-2.E-1));
#3489=VERTEX_POINT('',#3488);
#3490=CARTESIAN_POINT('',(2.E-1,4.4E0,-9.797958971133E-1));
#3491=VERTEX_POINT('',#3490);
#3492=CARTESIAN_POINT('',(-9.797958971133E-1,4.4E0,2.E-1));
#3493=VERTEX_POINT('',#3492);
#3494=CARTESIAN_POINT('',(-2.E-1,4.4E0,9.797958971133E-1));
#3495=VERTEX_POINT('',#3494);
#3496=CARTESIAN_POINT('',(2.E-1,4.4E0,9.797958971133E-1));
#3497=VERTEX_POINT('',#3496);
#3498=CARTESIAN_POINT('',(9.797958971133E-1,4.4E0,2.E-1));
#3499=VERTEX_POINT('',#3498);
#3500=CARTESIAN_POINT('',(7.5E-1,1.5E0,3.E0));
#3501=CARTESIAN_POINT('',(-7.5E-1,1.5E0,3.E0));
#3502=VERTEX_POINT('',#3500);
#3503=VERTEX_POINT('',#3501);
#3504=CARTESIAN_POINT('',(2.5E-1,1.5E0,6.5E0));
#3505=CARTESIAN_POINT('',(-2.5E-1,1.5E0,6.5E0));
#3506=VERTEX_POINT('',#3504);
#3507=VERTEX_POINT('',#3505);
#3508=CARTESIAN_POINT('',(7.5E-1,1.5E0,6.E0));
#3509=CARTESIAN_POINT('',(-7.5E-1,1.5E0,6.E0));
#3510=VERTEX_POINT('',#3508);
#3511=VERTEX_POINT('',#3509);
#3512=CARTESIAN_POINT('',(0.E0,3.649139380972E0,0.E0));
#3513=CARTESIAN_POINT('',(1.E0,4.25E0,0.E0));
#3514=VERTEX_POINT('',#3512);
#3515=VERTEX_POINT('',#3513);
#3516=CARTESIAN_POINT('',(-1.E0,4.25E0,0.E0));
#3517=VERTEX_POINT('',#3516);
#3518=CARTESIAN_POINT('',(9.899494936612E-1,4.2E0,-9.899494936612E-1));
#3519=CARTESIAN_POINT('',(9.899494936612E-1,4.27E0,-9.899494936612E-1));
#3520=VERTEX_POINT('',#3518);
#3521=VERTEX_POINT('',#3519);
#3522=CARTESIAN_POINT('',(-9.899494936612E-1,4.2E0,9.899494936612E-1));
#3523=CARTESIAN_POINT('',(-9.899494936612E-1,4.27E0,9.899494936612E-1));
#3524=VERTEX_POINT('',#3522);
#3525=VERTEX_POINT('',#3523);
#3526=CARTESIAN_POINT('',(1.35E0,4.15E0,0.E0));
#3527=CARTESIAN_POINT('',(-9.545941546018E-1,4.15E0,9.545941546018E-1));
#3528=VERTEX_POINT('',#3526);
#3529=VERTEX_POINT('',#3527);
#3530=CARTESIAN_POINT('',(-1.35E0,4.15E0,0.E0));
#3531=CARTESIAN_POINT('',(9.545941546018E-1,4.15E0,-9.545941546018E-1));
#3532=VERTEX_POINT('',#3530);
#3533=VERTEX_POINT('',#3531);
#3534=CARTESIAN_POINT('',(1.254153100702E0,4.4E0,2.E-1));
#3535=CARTESIAN_POINT('',(2.E-1,4.4E0,1.254153100702E0));
#3536=VERTEX_POINT('',#3534);
#3537=VERTEX_POINT('',#3535);
#3538=CARTESIAN_POINT('',(-2.E-1,4.4E0,1.254153100702E0));
#3539=CARTESIAN_POINT('',(-8.980256121069E-1,4.4E0,8.980256121069E-1));
#3540=VERTEX_POINT('',#3538);
#3541=VERTEX_POINT('',#3539);
#3542=CARTESIAN_POINT('',(-1.254153100702E0,4.4E0,-2.E-1));
#3543=CARTESIAN_POINT('',(-2.E-1,4.4E0,-1.254153100702E0));
#3544=VERTEX_POINT('',#3542);
#3545=VERTEX_POINT('',#3543);
#3546=CARTESIAN_POINT('',(2.E-1,4.4E0,-1.254153100702E0));
#3547=CARTESIAN_POINT('',(8.980256121069E-1,4.4E0,-8.980256121069E-1));
#3548=VERTEX_POINT('',#3546);
#3549=VERTEX_POINT('',#3547);
#3550=CARTESIAN_POINT('',(-1.254153100702E0,4.4E0,2.E-1));
#3551=VERTEX_POINT('',#3550);
#3552=CARTESIAN_POINT('',(1.254153100702E0,4.4E0,-2.E-1));
#3553=VERTEX_POINT('',#3552);
#3554=CARTESIAN_POINT('',(1.E0,4.4E0,0.E0));
#3555=VERTEX_POINT('',#3554);
#3556=CARTESIAN_POINT('',(-1.E0,4.4E0,0.E0));
#3557=VERTEX_POINT('',#3556);
#3558=CARTESIAN_POINT('',(0.E0,3.3E0,-1.3E0));
#3559=CARTESIAN_POINT('',(0.E0,3.3E0,1.3E0));
#3560=VERTEX_POINT('',#3558);
#3561=VERTEX_POINT('',#3559);
#3562=CARTESIAN_POINT('',(1.35E0,3.35E0,0.E0));
#3563=CARTESIAN_POINT('',(0.E0,3.35E0,1.35E0));
#3564=VERTEX_POINT('',#3562);
#3565=VERTEX_POINT('',#3563);
#3566=CARTESIAN_POINT('',(1.35E0,3.25E0,0.E0));
#3567=CARTESIAN_POINT('',(0.E0,3.25E0,1.35E0));
#3568=VERTEX_POINT('',#3566);
#3569=VERTEX_POINT('',#3567);
#3570=CARTESIAN_POINT('',(-1.35E0,3.35E0,0.E0));
#3571=VERTEX_POINT('',#3570);
#3572=CARTESIAN_POINT('',(-1.35E0,3.25E0,0.E0));
#3573=VERTEX_POINT('',#3572);
#3574=CARTESIAN_POINT('',(0.E0,3.35E0,-1.35E0));
#3575=VERTEX_POINT('',#3574);
#3576=CARTESIAN_POINT('',(0.E0,3.25E0,-1.35E0));
#3577=VERTEX_POINT('',#3576);
#3578=CARTESIAN_POINT('',(0.E0,0.E0,0.E0));
#3579=DIRECTION('',(0.E0,1.E0,0.E0));
#3580=DIRECTION('',(1.E0,0.E0,0.E0));
#3581=AXIS2_PLACEMENT_3D('',#3578,#3579,#3580);
#3582=PLANE('',#3581);
#3584=ORIENTED_EDGE('',*,*,#3583,.T.);
#3586=ORIENTED_EDGE('',*,*,#3585,.T.);
#3588=ORIENTED_EDGE('',*,*,#3587,.T.);
#3590=ORIENTED_EDGE('',*,*,#3589,.T.);
#3591=EDGE_LOOP('',(#3584,#3586,#3588,#3590));
#3592=FACE_OUTER_BOUND('',#3591,.F.);
#3593=ADVANCED_FACE('',(#3592),#3582,.F.);
#3594=CARTESIAN_POINT('',(-1.5E0,0.E0,-1.5E0));
#3595=DIRECTION('',(-1.E0,0.E0,0.E0));
#3596=DIRECTION('',(0.E0,0.E0,1.E0));
#3597=AXIS2_PLACEMENT_3D('',#3594,#3595,#3596);
#3598=PLANE('',#3597);
#3599=ORIENTED_EDGE('',*,*,#3583,.F.);
#3601=ORIENTED_EDGE('',*,*,#3600,.T.);
#3603=ORIENTED_EDGE('',*,*,#3602,.T.);
#3605=ORIENTED_EDGE('',*,*,#3604,.F.);
#3606=EDGE_LOOP('',(#3599,#3601,#3603,#3605));
#3607=FACE_OUTER_BOUND('',#3606,.F.);
#3608=ADVANCED_FACE('',(#3607),#3598,.T.);
#3609=CARTESIAN_POINT('',(1.5E0,0.E0,-1.5E0));
#3610=DIRECTION('',(0.E0,0.E0,-1.E0));
#3611=DIRECTION('',(-1.E0,0.E0,0.E0));
#3612=AXIS2_PLACEMENT_3D('',#3609,#3610,#3611);
#3613=PLANE('',#3612);
#3614=ORIENTED_EDGE('',*,*,#3589,.F.);
#3616=ORIENTED_EDGE('',*,*,#3615,.T.);
#3618=ORIENTED_EDGE('',*,*,#3617,.T.);
#3619=ORIENTED_EDGE('',*,*,#3600,.F.);
#3620=EDGE_LOOP('',(#3614,#3616,#3618,#3619));
#3621=FACE_OUTER_BOUND('',#3620,.F.);
#3622=ADVANCED_FACE('',(#3621),#3613,.T.);
#3623=CARTESIAN_POINT('',(1.5E0,0.E0,3.E0));
#3624=DIRECTION('',(1.E0,0.E0,0.E0));
#3625=DIRECTION('',(0.E0,0.E0,-1.E0));
#3626=AXIS2_PLACEMENT_3D('',#3623,#3624,#3625);
#3627=PLANE('',#3626);
#3628=ORIENTED_EDGE('',*,*,#3587,.F.);
#3630=ORIENTED_EDGE('',*,*,#3629,.T.);
#3632=ORIENTED_EDGE('',*,*,#3631,.T.);
#3633=ORIENTED_EDGE('',*,*,#3615,.F.);
#3634=EDGE_LOOP('',(#3628,#3630,#3632,#3633));
#3635=FACE_OUTER_BOUND('',#3634,.F.);
#3636=ADVANCED_FACE('',(#3635),#3627,.T.);
#3637=CARTESIAN_POINT('',(-1.5E0,0.E0,3.E0));
#3638=DIRECTION('',(0.E0,0.E0,1.E0));
#3639=DIRECTION('',(1.E0,0.E0,0.E0));
#3640=AXIS2_PLACEMENT_3D('',#3637,#3638,#3639);
#3641=PLANE('',#3640);
#3642=ORIENTED_EDGE('',*,*,#3585,.F.);
#3643=ORIENTED_EDGE('',*,*,#3604,.T.);
#3645=ORIENTED_EDGE('',*,*,#3644,.T.);
#3646=ORIENTED_EDGE('',*,*,#3629,.F.);
#3647=EDGE_LOOP('',(#3642,#3643,#3645,#3646));
#3648=FACE_OUTER_BOUND('',#3647,.F.);
#3650=ORIENTED_EDGE('',*,*,#3649,.F.);
#3652=ORIENTED_EDGE('',*,*,#3651,.F.);
#3653=EDGE_LOOP('',(#3650,#3652));
#3654=FACE_BOUND('',#3653,.F.);
#3655=ADVANCED_FACE('',(#3648,#3654),#3641,.T.);
#3656=CARTESIAN_POINT('',(0.E0,2.5E0,0.E0));
#3657=DIRECTION('',(0.E0,1.E0,0.E0));
#3658=DIRECTION('',(1.E0,0.E0,0.E0));
#3659=AXIS2_PLACEMENT_3D('',#3656,#3657,#3658);
#3660=PLANE('',#3659);
#3661=ORIENTED_EDGE('',*,*,#3602,.F.);
#3662=ORIENTED_EDGE('',*,*,#3617,.F.);
#3663=ORIENTED_EDGE('',*,*,#3631,.F.);
#3664=ORIENTED_EDGE('',*,*,#3644,.F.);
#3665=EDGE_LOOP('',(#3661,#3662,#3663,#3664));
#3666=FACE_OUTER_BOUND('',#3665,.F.);
#3668=ORIENTED_EDGE('',*,*,#3667,.F.);
#3670=ORIENTED_EDGE('',*,*,#3669,.F.);
#3671=EDGE_LOOP('',(#3668,#3670));
#3672=FACE_BOUND('',#3671,.F.);
#3673=ADVANCED_FACE('',(#3666,#3672),#3660,.T.);
#3674=CARTESIAN_POINT('',(0.E0,4.285E0,0.E0));
#3675=DIRECTION('',(0.E0,-1.E0,0.E0));
#3676=DIRECTION('',(-1.E0,0.E0,0.E0));
#3677=AXIS2_PLACEMENT_3D('',#3674,#3675,#3676);
#3678=CYLINDRICAL_SURFACE('',#3677,1.35E0);
#3680=ORIENTED_EDGE('',*,*,#3679,.T.);
#3682=ORIENTED_EDGE('',*,*,#3681,.T.);
#3684=ORIENTED_EDGE('',*,*,#3683,.T.);
#3686=ORIENTED_EDGE('',*,*,#3685,.F.);
#3688=ORIENTED_EDGE('',*,*,#3687,.F.);
#3690=ORIENTED_EDGE('',*,*,#3689,.F.);
#3691=EDGE_LOOP('',(#3680,#3682,#3684,#3686,#3688,#3690));
#3692=FACE_OUTER_BOUND('',#3691,.F.);
#3693=ADVANCED_FACE('',(#3692),#3678,.T.);
#3694=CARTESIAN_POINT('',(0.E0,4.285E0,0.E0));
#3695=DIRECTION('',(0.E0,-1.E0,0.E0));
#3696=DIRECTION('',(-1.E0,0.E0,0.E0));
#3697=AXIS2_PLACEMENT_3D('',#3694,#3695,#3696);
#3698=CYLINDRICAL_SURFACE('',#3697,1.35E0);
#3700=ORIENTED_EDGE('',*,*,#3699,.F.);
#3702=ORIENTED_EDGE('',*,*,#3701,.F.);
#3703=ORIENTED_EDGE('',*,*,#3667,.T.);
#3705=ORIENTED_EDGE('',*,*,#3704,.T.);
#3707=ORIENTED_EDGE('',*,*,#3706,.F.);
#3708=EDGE_LOOP('',(#3700,#3702,#3703,#3705,#3707));
#3709=FACE_OUTER_BOUND('',#3708,.F.);
#3710=ADVANCED_FACE('',(#3709),#3698,.T.);
#3711=CARTESIAN_POINT('',(0.E0,3.325E0,0.E0));
#3712=DIRECTION('',(0.E0,1.E0,0.E0));
#3713=DIRECTION('',(0.E0,0.E0,-1.E0));
#3714=AXIS2_PLACEMENT_3D('',#3711,#3712,#3713);
#3715=CONICAL_SURFACE('',#3714,1.325E0,4.5E1);
#3716=ORIENTED_EDGE('',*,*,#3679,.F.);
#3718=ORIENTED_EDGE('',*,*,#3717,.F.);
#3720=ORIENTED_EDGE('',*,*,#3719,.T.);
#3722=ORIENTED_EDGE('',*,*,#3721,.T.);
#3724=ORIENTED_EDGE('',*,*,#3723,.F.);
#3725=EDGE_LOOP('',(#3716,#3718,#3720,#3722,#3724));
#3726=FACE_OUTER_BOUND('',#3725,.F.);
#3727=ADVANCED_FACE('',(#3726),#3715,.T.);
#3728=CARTESIAN_POINT('',(0.E0,4.285E0,0.E0));
#3729=DIRECTION('',(0.E0,-1.E0,0.E0));
#3730=DIRECTION('',(-1.E0,0.E0,0.E0));
#3731=AXIS2_PLACEMENT_3D('',#3728,#3729,#3730);
#3732=CYLINDRICAL_SURFACE('',#3731,1.35E0);
#3733=ORIENTED_EDGE('',*,*,#3717,.T.);
#3734=ORIENTED_EDGE('',*,*,#3689,.T.);
#3736=ORIENTED_EDGE('',*,*,#3735,.F.);
#3738=ORIENTED_EDGE('',*,*,#3737,.F.);
#3739=ORIENTED_EDGE('',*,*,#3683,.F.);
#3741=ORIENTED_EDGE('',*,*,#3740,.T.);
#3742=EDGE_LOOP('',(#3733,#3734,#3736,#3738,#3739,#3741));
#3743=FACE_OUTER_BOUND('',#3742,.F.);
#3744=ADVANCED_FACE('',(#3743),#3732,.T.);
#3745=CARTESIAN_POINT('',(0.E0,4.285E0,0.E0));
#3746=DIRECTION('',(0.E0,-1.E0,0.E0));
#3747=DIRECTION('',(-1.E0,0.E0,0.E0));
#3748=AXIS2_PLACEMENT_3D('',#3745,#3746,#3747);
#3749=CYLINDRICAL_SURFACE('',#3748,1.35E0);
#3751=ORIENTED_EDGE('',*,*,#3750,.F.);
#3753=ORIENTED_EDGE('',*,*,#3752,.F.);
#3754=ORIENTED_EDGE('',*,*,#3704,.F.);
#3755=ORIENTED_EDGE('',*,*,#3669,.T.);
#3756=ORIENTED_EDGE('',*,*,#3701,.T.);
#3757=EDGE_LOOP('',(#3751,#3753,#3754,#3755,#3756));
#3758=FACE_OUTER_BOUND('',#3757,.F.);
#3759=ADVANCED_FACE('',(#3758),#3749,.T.);
#3760=CARTESIAN_POINT('',(0.E0,4.175E0,0.E0));
#3761=DIRECTION('',(0.E0,1.E0,0.E0));
#3762=DIRECTION('',(7.071067811865E-1,0.E0,-7.071067811865E-1));
#3763=AXIS2_PLACEMENT_3D('',#3760,#3761,#3762);
#3764=CONICAL_SURFACE('',#3763,1.375E0,4.5E1);
#3765=ORIENTED_EDGE('',*,*,#3687,.T.);
#3767=ORIENTED_EDGE('',*,*,#3766,.T.);
#3769=ORIENTED_EDGE('',*,*,#3768,.F.);
#3771=ORIENTED_EDGE('',*,*,#3770,.F.);
#3772=ORIENTED_EDGE('',*,*,#3735,.T.);
#3773=EDGE_LOOP('',(#3765,#3767,#3769,#3771,#3772));
#3774=FACE_OUTER_BOUND('',#3773,.F.);
#3775=ADVANCED_FACE('',(#3774),#3764,.T.);
#3776=CARTESIAN_POINT('',(0.E0,4.175E0,0.E0));
#3777=DIRECTION('',(0.E0,1.E0,0.E0));
#3778=DIRECTION('',(7.071067811865E-1,0.E0,-7.071067811865E-1));
#3779=AXIS2_PLACEMENT_3D('',#3776,#3777,#3778);
#3780=CONICAL_SURFACE('',#3779,1.375E0,4.5E1);
#3781=ORIENTED_EDGE('',*,*,#3737,.T.);
#3782=ORIENTED_EDGE('',*,*,#3770,.T.);
#3784=ORIENTED_EDGE('',*,*,#3783,.T.);
#3785=ORIENTED_EDGE('',*,*,#3766,.F.);
#3786=ORIENTED_EDGE('',*,*,#3685,.T.);
#3787=EDGE_LOOP('',(#3781,#3782,#3784,#3785,#3786));
#3788=FACE_OUTER_BOUND('',#3787,.F.);
#3789=ADVANCED_FACE('',(#3788),#3780,.T.);
#3790=CARTESIAN_POINT('',(0.E0,4.4125E0,0.E0));
#3791=DIRECTION('',(0.E0,-1.E0,0.E0));
#3792=DIRECTION('',(-7.071067811865E-1,0.E0,7.071067811865E-1));
#3793=AXIS2_PLACEMENT_3D('',#3790,#3791,#3792);
#3794=CYLINDRICAL_SURFACE('',#3793,1.4E0);
#3796=ORIENTED_EDGE('',*,*,#3795,.T.);
#3798=ORIENTED_EDGE('',*,*,#3797,.T.);
#3800=ORIENTED_EDGE('',*,*,#3799,.F.);
#3801=ORIENTED_EDGE('',*,*,#3783,.F.);
#3802=EDGE_LOOP('',(#3796,#3798,#3800,#3801));
#3803=FACE_OUTER_BOUND('',#3802,.F.);
#3804=ADVANCED_FACE('',(#3803),#3794,.T.);
#3805=CARTESIAN_POINT('',(0.E0,4.4125E0,0.E0));
#3806=DIRECTION('',(0.E0,-1.E0,0.E0));
#3807=DIRECTION('',(-7.071067811865E-1,0.E0,7.071067811865E-1));
#3808=AXIS2_PLACEMENT_3D('',#3805,#3806,#3807);
#3809=CYLINDRICAL_SURFACE('',#3808,1.4E0);
#3810=ORIENTED_EDGE('',*,*,#3795,.F.);
#3811=ORIENTED_EDGE('',*,*,#3768,.T.);
#3812=ORIENTED_EDGE('',*,*,#3799,.T.);
#3814=ORIENTED_EDGE('',*,*,#3813,.F.);
#3815=EDGE_LOOP('',(#3810,#3811,#3812,#3814));
#3816=FACE_OUTER_BOUND('',#3815,.F.);
#3817=ADVANCED_FACE('',(#3816),#3809,.T.);
#3818=CARTESIAN_POINT('',(0.E0,4.335E0,0.E0));
#3819=DIRECTION('',(0.E0,-1.E0,0.E0));
#3820=DIRECTION('',(-7.071067811865E-1,0.E0,7.071067811865E-1));
#3821=AXIS2_PLACEMENT_3D('',#3818,#3819,#3820);
#3822=CONICAL_SURFACE('',#3821,1.335E0,4.5E1);
#3824=ORIENTED_EDGE('',*,*,#3823,.F.);
#3826=ORIENTED_EDGE('',*,*,#3825,.F.);
#3828=ORIENTED_EDGE('',*,*,#3827,.F.);
#3830=ORIENTED_EDGE('',*,*,#3829,.F.);
#3831=ORIENTED_EDGE('',*,*,#3813,.T.);
#3833=ORIENTED_EDGE('',*,*,#3832,.T.);
#3835=ORIENTED_EDGE('',*,*,#3834,.F.);
#3837=ORIENTED_EDGE('',*,*,#3836,.F.);
#3838=EDGE_LOOP('',(#3824,#3826,#3828,#3830,#3831,#3833,#3835,#3837));
#3839=FACE_OUTER_BOUND('',#3838,.F.);
#3840=ADVANCED_FACE('',(#3839),#3822,.T.);
#3841=CARTESIAN_POINT('',(0.E0,7.98E0,0.E0));
#3842=DIRECTION('',(0.E0,-1.E0,0.E0));
#3843=DIRECTION('',(-1.E0,0.E0,0.E0));
#3844=AXIS2_PLACEMENT_3D('',#3841,#3842,#3843);
#3845=CYLINDRICAL_SURFACE('',#3844,1.27E0);
#3846=ORIENTED_EDGE('',*,*,#3823,.T.);
#3848=ORIENTED_EDGE('',*,*,#3847,.F.);
#3850=ORIENTED_EDGE('',*,*,#3849,.F.);
#3852=ORIENTED_EDGE('',*,*,#3851,.T.);
#3853=EDGE_LOOP('',(#3846,#3848,#3850,#3852));
#3854=FACE_OUTER_BOUND('',#3853,.F.);
#3855=ADVANCED_FACE('',(#3854),#3845,.T.);
#3856=CARTESIAN_POINT('',(0.E0,7.98E0,0.E0));
#3857=DIRECTION('',(0.E0,-1.E0,0.E0));
#3858=DIRECTION('',(-1.E0,0.E0,0.E0));
#3859=AXIS2_PLACEMENT_3D('',#3856,#3857,#3858);
#3860=CYLINDRICAL_SURFACE('',#3859,1.27E0);
#3861=ORIENTED_EDGE('',*,*,#3834,.T.);
#3863=ORIENTED_EDGE('',*,*,#3862,.T.);
#3865=ORIENTED_EDGE('',*,*,#3864,.F.);
#3867=ORIENTED_EDGE('',*,*,#3866,.F.);
#3869=ORIENTED_EDGE('',*,*,#3868,.T.);
#3870=EDGE_LOOP('',(#3861,#3863,#3865,#3867,#3869));
#3871=FACE_OUTER_BOUND('',#3870,.F.);
#3872=ADVANCED_FACE('',(#3871),#3860,.T.);
#3873=CARTESIAN_POINT('',(2.E-1,7.6E0,3.E0));
#3874=DIRECTION('',(1.E0,0.E0,0.E0));
#3875=DIRECTION('',(0.E0,0.E0,-1.E0));
#3876=AXIS2_PLACEMENT_3D('',#3873,#3874,#3875);
#3877=PLANE('',#3876);
#3878=ORIENTED_EDGE('',*,*,#3847,.T.);
#3880=ORIENTED_EDGE('',*,*,#3879,.T.);
#3882=ORIENTED_EDGE('',*,*,#3881,.T.);
#3884=ORIENTED_EDGE('',*,*,#3883,.F.);
#3886=ORIENTED_EDGE('',*,*,#3885,.T.);
#3888=ORIENTED_EDGE('',*,*,#3887,.T.);
#3890=ORIENTED_EDGE('',*,*,#3889,.F.);
#3891=EDGE_LOOP('',(#3878,#3880,#3882,#3884,#3886,#3888,#3890));
#3892=FACE_OUTER_BOUND('',#3891,.F.);
#3893=ADVANCED_FACE('',(#3892),#3877,.F.);
#3894=CARTESIAN_POINT('',(0.E0,4.4E0,0.E0));
#3895=DIRECTION('',(0.E0,1.E0,0.E0));
#3896=DIRECTION('',(1.E0,0.E0,0.E0));
#3897=AXIS2_PLACEMENT_3D('',#3894,#3895,#3896);
#3898=PLANE('',#3897);
#3900=ORIENTED_EDGE('',*,*,#3899,.F.);
#3902=ORIENTED_EDGE('',*,*,#3901,.T.);
#3904=ORIENTED_EDGE('',*,*,#3903,.F.);
#3906=ORIENTED_EDGE('',*,*,#3905,.T.);
#3907=EDGE_LOOP('',(#3900,#3902,#3904,#3906));
#3908=FACE_OUTER_BOUND('',#3907,.F.);
#3909=ADVANCED_FACE('',(#3908),#3898,.T.);
#3910=CARTESIAN_POINT('',(0.E0,4.4E0,0.E0));
#3911=DIRECTION('',(0.E0,1.E0,0.E0));
#3912=DIRECTION('',(1.E0,0.E0,0.E0));
#3913=AXIS2_PLACEMENT_3D('',#3910,#3911,#3912);
#3914=PLANE('',#3913);
#3916=ORIENTED_EDGE('',*,*,#3915,.F.);
#3918=ORIENTED_EDGE('',*,*,#3917,.T.);
#3920=ORIENTED_EDGE('',*,*,#3919,.T.);
#3922=ORIENTED_EDGE('',*,*,#3921,.F.);
#3924=ORIENTED_EDGE('',*,*,#3923,.T.);
#3925=EDGE_LOOP('',(#3916,#3918,#3920,#3922,#3924));
#3926=FACE_OUTER_BOUND('',#3925,.F.);
#3927=ADVANCED_FACE('',(#3926),#3914,.T.);
#3928=CARTESIAN_POINT('',(0.E0,4.4E0,0.E0));
#3929=DIRECTION('',(0.E0,1.E0,0.E0));
#3930=DIRECTION('',(1.E0,0.E0,0.E0));
#3931=AXIS2_PLACEMENT_3D('',#3928,#3929,#3930);
#3932=PLANE('',#3931);
#3934=ORIENTED_EDGE('',*,*,#3933,.F.);
#3936=ORIENTED_EDGE('',*,*,#3935,.T.);
#3937=ORIENTED_EDGE('',*,*,#3879,.F.);
#3938=ORIENTED_EDGE('',*,*,#3836,.T.);
#3939=EDGE_LOOP('',(#3934,#3936,#3937,#3938));
#3940=FACE_OUTER_BOUND('',#3939,.F.);
#3941=ADVANCED_FACE('',(#3940),#3932,.T.);
#3942=CARTESIAN_POINT('',(0.E0,4.4E0,0.E0));
#3943=DIRECTION('',(0.E0,1.E0,0.E0));
#3944=DIRECTION('',(1.E0,0.E0,0.E0));
#3945=AXIS2_PLACEMENT_3D('',#3942,#3943,#3944);
#3946=PLANE('',#3945);
#3948=ORIENTED_EDGE('',*,*,#3947,.F.);
#3950=ORIENTED_EDGE('',*,*,#3949,.T.);
#3952=ORIENTED_EDGE('',*,*,#3951,.T.);
#3954=ORIENTED_EDGE('',*,*,#3953,.F.);
#3955=ORIENTED_EDGE('',*,*,#3825,.T.);
#3956=EDGE_LOOP('',(#3948,#3950,#3952,#3954,#3955));
#3957=FACE_OUTER_BOUND('',#3956,.F.);
#3958=ADVANCED_FACE('',(#3957),#3946,.T.);
#3959=CARTESIAN_POINT('',(-2.E-1,7.6E0,-1.5E0));
#3960=DIRECTION('',(-1.E0,0.E0,0.E0));
#3961=DIRECTION('',(0.E0,0.E0,1.E0));
#3962=AXIS2_PLACEMENT_3D('',#3959,#3960,#3961);
#3963=PLANE('',#3962);
#3965=ORIENTED_EDGE('',*,*,#3964,.T.);
#3966=ORIENTED_EDGE('',*,*,#3899,.T.);
#3968=ORIENTED_EDGE('',*,*,#3967,.T.);
#3970=ORIENTED_EDGE('',*,*,#3969,.F.);
#3972=ORIENTED_EDGE('',*,*,#3971,.T.);
#3974=ORIENTED_EDGE('',*,*,#3973,.T.);
#3976=ORIENTED_EDGE('',*,*,#3975,.F.);
#3977=EDGE_LOOP('',(#3965,#3966,#3968,#3970,#3972,#3974,#3976));
#3978=FACE_OUTER_BOUND('',#3977,.F.);
#3979=ADVANCED_FACE('',(#3978),#3963,.F.);
#3980=CARTESIAN_POINT('',(0.E0,7.98E0,0.E0));
#3981=DIRECTION('',(0.E0,-1.E0,0.E0));
#3982=DIRECTION('',(-1.E0,0.E0,0.E0));
#3983=AXIS2_PLACEMENT_3D('',#3980,#3981,#3982);
#3984=CYLINDRICAL_SURFACE('',#3983,1.27E0);
#3986=ORIENTED_EDGE('',*,*,#3985,.T.);
#3987=ORIENTED_EDGE('',*,*,#3964,.F.);
#3989=ORIENTED_EDGE('',*,*,#3988,.T.);
#3991=ORIENTED_EDGE('',*,*,#3990,.T.);
#3992=EDGE_LOOP('',(#3986,#3987,#3989,#3991));
#3993=FACE_OUTER_BOUND('',#3992,.F.);
#3994=ADVANCED_FACE('',(#3993),#3984,.T.);
#3995=CARTESIAN_POINT('',(0.E0,7.98E0,0.E0));
#3996=DIRECTION('',(0.E0,-1.E0,0.E0));
#3997=DIRECTION('',(-1.E0,0.E0,0.E0));
#3998=AXIS2_PLACEMENT_3D('',#3995,#3996,#3997);
#3999=CYLINDRICAL_SURFACE('',#3998,1.27E0);
#4001=ORIENTED_EDGE('',*,*,#4000,.T.);
#4002=ORIENTED_EDGE('',*,*,#3827,.T.);
#4004=ORIENTED_EDGE('',*,*,#4003,.F.);
#4006=ORIENTED_EDGE('',*,*,#4005,.T.);
#4008=ORIENTED_EDGE('',*,*,#4007,.T.);
#4009=EDGE_LOOP('',(#4001,#4002,#4004,#4006,#4008));
#4010=FACE_OUTER_BOUND('',#4009,.F.);
#4011=ADVANCED_FACE('',(#4010),#3999,.T.);
#4012=CARTESIAN_POINT('',(0.E0,4.335E0,0.E0));
#4013=DIRECTION('',(0.E0,-1.E0,0.E0));
#4014=DIRECTION('',(-7.071067811865E-1,0.E0,7.071067811865E-1));
#4015=AXIS2_PLACEMENT_3D('',#4012,#4013,#4014);
#4016=CONICAL_SURFACE('',#4015,1.335E0,4.5E1);
#4017=ORIENTED_EDGE('',*,*,#3985,.F.);
#4018=ORIENTED_EDGE('',*,*,#3923,.F.);
#4019=ORIENTED_EDGE('',*,*,#3862,.F.);
#4020=ORIENTED_EDGE('',*,*,#3832,.F.);
#4021=ORIENTED_EDGE('',*,*,#3797,.F.);
#4022=ORIENTED_EDGE('',*,*,#3829,.T.);
#4023=ORIENTED_EDGE('',*,*,#4000,.F.);
#4024=ORIENTED_EDGE('',*,*,#3901,.F.);
#4025=EDGE_LOOP('',(#4017,#4018,#4019,#4020,#4021,#4022,#4023,#4024));
#4026=FACE_OUTER_BOUND('',#4025,.F.);
#4027=ADVANCED_FACE('',(#4026),#4016,.T.);
#4028=CARTESIAN_POINT('',(0.E0,7.01E0,0.E0));
#4029=DIRECTION('',(0.E0,1.E0,0.E0));
#4030=DIRECTION('',(1.E0,0.E0,0.E0));
#4031=AXIS2_PLACEMENT_3D('',#4028,#4029,#4030);
#4032=CONICAL_SURFACE('',#4031,1.31E0,4.5E1);
#4033=ORIENTED_EDGE('',*,*,#3975,.T.);
#4035=ORIENTED_EDGE('',*,*,#4034,.T.);
#4037=ORIENTED_EDGE('',*,*,#4036,.T.);
#4038=ORIENTED_EDGE('',*,*,#3988,.F.);
#4039=EDGE_LOOP('',(#4033,#4035,#4037,#4038));
#4040=FACE_OUTER_BOUND('',#4039,.F.);
#4041=ADVANCED_FACE('',(#4040),#4032,.T.);
#4042=CARTESIAN_POINT('',(0.E0,7.01E0,0.E0));
#4043=DIRECTION('',(0.E0,1.E0,0.E0));
#4044=DIRECTION('',(1.E0,0.E0,0.E0));
#4045=AXIS2_PLACEMENT_3D('',#4042,#4043,#4044);
#4046=CONICAL_SURFACE('',#4045,1.31E0,4.5E1);
#4048=ORIENTED_EDGE('',*,*,#4047,.T.);
#4050=ORIENTED_EDGE('',*,*,#4049,.T.);
#4052=ORIENTED_EDGE('',*,*,#4051,.T.);
#4053=ORIENTED_EDGE('',*,*,#4005,.F.);
#4054=EDGE_LOOP('',(#4048,#4050,#4052,#4053));
#4055=FACE_OUTER_BOUND('',#4054,.F.);
#4056=ADVANCED_FACE('',(#4055),#4046,.T.);
#4057=CARTESIAN_POINT('',(0.E0,7.98E0,0.E0));
#4058=DIRECTION('',(0.E0,-1.E0,0.E0));
#4059=DIRECTION('',(-1.E0,0.E0,0.E0));
#4060=AXIS2_PLACEMENT_3D('',#4057,#4058,#4059);
#4061=CYLINDRICAL_SURFACE('',#4060,1.35E0);
#4062=ORIENTED_EDGE('',*,*,#3973,.F.);
#4064=ORIENTED_EDGE('',*,*,#4063,.T.);
#4066=ORIENTED_EDGE('',*,*,#4065,.T.);
#4067=ORIENTED_EDGE('',*,*,#4034,.F.);
#4068=EDGE_LOOP('',(#4062,#4064,#4066,#4067));
#4069=FACE_OUTER_BOUND('',#4068,.F.);
#4070=ADVANCED_FACE('',(#4069),#4061,.T.);
#4071=CARTESIAN_POINT('',(0.E0,7.98E0,0.E0));
#4072=DIRECTION('',(0.E0,-1.E0,0.E0));
#4073=DIRECTION('',(-1.E0,0.E0,0.E0));
#4074=AXIS2_PLACEMENT_3D('',#4071,#4072,#4073);
#4075=CYLINDRICAL_SURFACE('',#4074,1.35E0);
#4077=ORIENTED_EDGE('',*,*,#4076,.F.);
#4079=ORIENTED_EDGE('',*,*,#4078,.T.);
#4081=ORIENTED_EDGE('',*,*,#4080,.T.);
#4082=ORIENTED_EDGE('',*,*,#4049,.F.);
#4083=EDGE_LOOP('',(#4077,#4079,#4081,#4082));
#4084=FACE_OUTER_BOUND('',#4083,.F.);
#4085=ADVANCED_FACE('',(#4084),#4075,.T.);
#4086=CARTESIAN_POINT('',(0.E0,7.47E0,0.E0));
#4087=DIRECTION('',(0.E0,-1.E0,0.E0));
#4088=DIRECTION('',(-1.E0,0.E0,0.E0));
#4089=AXIS2_PLACEMENT_3D('',#4086,#4087,#4088);
#4090=CONICAL_SURFACE('',#4089,1.274944465005E0,3.E1);
#4091=ORIENTED_EDGE('',*,*,#3971,.F.);
#4093=ORIENTED_EDGE('',*,*,#4092,.T.);
#4095=ORIENTED_EDGE('',*,*,#4094,.F.);
#4096=ORIENTED_EDGE('',*,*,#4063,.F.);
#4097=EDGE_LOOP('',(#4091,#4093,#4095,#4096));
#4098=FACE_OUTER_BOUND('',#4097,.F.);
#4099=ADVANCED_FACE('',(#4098),#4090,.T.);
#4100=CARTESIAN_POINT('',(0.E0,7.47E0,0.E0));
#4101=DIRECTION('',(0.E0,-1.E0,0.E0));
#4102=DIRECTION('',(-1.E0,0.E0,0.E0));
#4103=AXIS2_PLACEMENT_3D('',#4100,#4101,#4102);
#4104=CONICAL_SURFACE('',#4103,1.274944465005E0,3.E1);
#4106=ORIENTED_EDGE('',*,*,#4105,.F.);
#4108=ORIENTED_EDGE('',*,*,#4107,.T.);
#4110=ORIENTED_EDGE('',*,*,#4109,.F.);
#4111=ORIENTED_EDGE('',*,*,#4078,.F.);
#4112=EDGE_LOOP('',(#4106,#4108,#4110,#4111));
#4113=FACE_OUTER_BOUND('',#4112,.F.);
#4114=ADVANCED_FACE('',(#4113),#4104,.T.);
#4115=CARTESIAN_POINT('',(0.E0,7.6E0,0.E0));
#4116=DIRECTION('',(0.E0,-1.E0,0.E0));
#4117=DIRECTION('',(-1.E0,0.E0,0.E0));
#4118=AXIS2_PLACEMENT_3D('',#4115,#4116,#4117);
#4119=PLANE('',#4118);
#4120=ORIENTED_EDGE('',*,*,#3969,.T.);
#4122=ORIENTED_EDGE('',*,*,#4121,.T.);
#4124=ORIENTED_EDGE('',*,*,#4123,.F.);
#4125=ORIENTED_EDGE('',*,*,#4092,.F.);
#4126=EDGE_LOOP('',(#4120,#4122,#4124,#4125));
#4127=FACE_OUTER_BOUND('',#4126,.F.);
#4128=ADVANCED_FACE('',(#4127),#4119,.F.);
#4129=CARTESIAN_POINT('',(0.E0,7.6E0,0.E0));
#4130=DIRECTION('',(0.E0,-1.E0,0.E0));
#4131=DIRECTION('',(-1.E0,0.E0,0.E0));
#4132=AXIS2_PLACEMENT_3D('',#4129,#4130,#4131);
#4133=PLANE('',#4132);
#4135=ORIENTED_EDGE('',*,*,#4134,.T.);
#4137=ORIENTED_EDGE('',*,*,#4136,.T.);
#4139=ORIENTED_EDGE('',*,*,#4138,.F.);
#4141=ORIENTED_EDGE('',*,*,#4140,.T.);
#4142=EDGE_LOOP('',(#4135,#4137,#4139,#4141));
#4143=FACE_OUTER_BOUND('',#4142,.F.);
#4144=ADVANCED_FACE('',(#4143),#4133,.F.);
#4145=CARTESIAN_POINT('',(0.E0,7.6E0,0.E0));
#4146=DIRECTION('',(0.E0,-1.E0,0.E0));
#4147=DIRECTION('',(-1.E0,0.E0,0.E0));
#4148=AXIS2_PLACEMENT_3D('',#4145,#4146,#4147);
#4149=PLANE('',#4148);
#4150=ORIENTED_EDGE('',*,*,#3883,.T.);
#4152=ORIENTED_EDGE('',*,*,#4151,.T.);
#4154=ORIENTED_EDGE('',*,*,#4153,.F.);
#4156=ORIENTED_EDGE('',*,*,#4155,.T.);
#4157=EDGE_LOOP('',(#4150,#4152,#4154,#4156));
#4158=FACE_OUTER_BOUND('',#4157,.F.);
#4159=ADVANCED_FACE('',(#4158),#4149,.F.);
#4160=CARTESIAN_POINT('',(0.E0,7.6E0,0.E0));
#4161=DIRECTION('',(0.E0,-1.E0,0.E0));
#4162=DIRECTION('',(-1.E0,0.E0,0.E0));
#4163=AXIS2_PLACEMENT_3D('',#4160,#4161,#4162);
#4164=PLANE('',#4163);
#4166=ORIENTED_EDGE('',*,*,#4165,.T.);
#4168=ORIENTED_EDGE('',*,*,#4167,.T.);
#4170=ORIENTED_EDGE('',*,*,#4169,.F.);
#4171=ORIENTED_EDGE('',*,*,#4107,.F.);
#4172=EDGE_LOOP('',(#4166,#4168,#4170,#4171));
#4173=FACE_OUTER_BOUND('',#4172,.F.);
#4174=ADVANCED_FACE('',(#4173),#4164,.F.);
#4175=CARTESIAN_POINT('',(0.E0,3.451596350021E0,0.E0));
#4176=DIRECTION('',(0.E0,1.E0,0.E0));
#4177=DIRECTION('',(1.E0,0.E0,0.E0));
#4178=AXIS2_PLACEMENT_3D('',#4175,#4176,#4177);
#4179=CYLINDRICAL_SURFACE('',#4178,1.E0);
#4180=ORIENTED_EDGE('',*,*,#3967,.F.);
#4181=ORIENTED_EDGE('',*,*,#3905,.F.);
#4183=ORIENTED_EDGE('',*,*,#4182,.T.);
#4184=ORIENTED_EDGE('',*,*,#4167,.F.);
#4186=ORIENTED_EDGE('',*,*,#4185,.F.);
#4187=ORIENTED_EDGE('',*,*,#3951,.F.);
#4189=ORIENTED_EDGE('',*,*,#4188,.F.);
#4191=ORIENTED_EDGE('',*,*,#4190,.T.);
#4193=ORIENTED_EDGE('',*,*,#4192,.T.);
#4194=ORIENTED_EDGE('',*,*,#3917,.F.);
#4196=ORIENTED_EDGE('',*,*,#4195,.T.);
#4197=ORIENTED_EDGE('',*,*,#4121,.F.);
#4198=EDGE_LOOP('',(#4180,#4181,#4183,#4184,#4186,#4187,#4189,#4191,#4193,#4194,
#4196,#4197));
#4199=FACE_OUTER_BOUND('',#4198,.F.);
#4200=ADVANCED_FACE('',(#4199),#4179,.F.);
#4201=CARTESIAN_POINT('',(2.E-1,7.6E0,-2.E-1));
#4202=DIRECTION('',(1.E0,0.E0,0.E0));
#4203=DIRECTION('',(0.E0,0.E0,-1.E0));
#4204=AXIS2_PLACEMENT_3D('',#4201,#4202,#4203);
#4205=PLANE('',#4204);
#4206=ORIENTED_EDGE('',*,*,#4007,.F.);
#4207=ORIENTED_EDGE('',*,*,#4051,.F.);
#4208=ORIENTED_EDGE('',*,*,#4080,.F.);
#4209=ORIENTED_EDGE('',*,*,#4109,.T.);
#4210=ORIENTED_EDGE('',*,*,#4169,.T.);
#4211=ORIENTED_EDGE('',*,*,#4182,.F.);
#4212=ORIENTED_EDGE('',*,*,#3903,.T.);
#4213=EDGE_LOOP('',(#4206,#4207,#4208,#4209,#4210,#4211,#4212));
#4214=FACE_OUTER_BOUND('',#4213,.F.);
#4215=ADVANCED_FACE('',(#4214),#4205,.F.);
#4216=CARTESIAN_POINT('',(1.5E0,7.6E0,-2.E-1));
#4217=DIRECTION('',(0.E0,0.E0,-1.E0));
#4218=DIRECTION('',(-1.E0,0.E0,0.E0));
#4219=AXIS2_PLACEMENT_3D('',#4216,#4217,#4218);
#4220=PLANE('',#4219);
#4221=ORIENTED_EDGE('',*,*,#4003,.T.);
#4222=ORIENTED_EDGE('',*,*,#3953,.T.);
#4223=ORIENTED_EDGE('',*,*,#4185,.T.);
#4224=ORIENTED_EDGE('',*,*,#4165,.F.);
#4225=ORIENTED_EDGE('',*,*,#4105,.T.);
#4226=ORIENTED_EDGE('',*,*,#4076,.T.);
#4227=ORIENTED_EDGE('',*,*,#4047,.F.);
#4228=EDGE_LOOP('',(#4221,#4222,#4223,#4224,#4225,#4226,#4227));
#4229=FACE_OUTER_BOUND('',#4228,.F.);
#4230=ADVANCED_FACE('',(#4229),#4220,.F.);
#4231=CARTESIAN_POINT('',(0.E0,3.451596350021E0,0.E0));
#4232=DIRECTION('',(0.E0,1.E0,0.E0));
#4233=DIRECTION('',(1.E0,0.E0,0.E0));
#4234=AXIS2_PLACEMENT_3D('',#4231,#4232,#4233);
#4235=CYLINDRICAL_SURFACE('',#4234,1.E0);
#4237=ORIENTED_EDGE('',*,*,#4236,.F.);
#4238=ORIENTED_EDGE('',*,*,#3919,.F.);
#4239=ORIENTED_EDGE('',*,*,#4192,.F.);
#4241=ORIENTED_EDGE('',*,*,#4240,.F.);
#4242=ORIENTED_EDGE('',*,*,#4188,.T.);
#4243=ORIENTED_EDGE('',*,*,#3949,.F.);
#4245=ORIENTED_EDGE('',*,*,#4244,.T.);
#4246=ORIENTED_EDGE('',*,*,#4151,.F.);
#4247=ORIENTED_EDGE('',*,*,#3881,.F.);
#4248=ORIENTED_EDGE('',*,*,#3935,.F.);
#4250=ORIENTED_EDGE('',*,*,#4249,.T.);
#4251=ORIENTED_EDGE('',*,*,#4136,.F.);
#4252=EDGE_LOOP('',(#4237,#4238,#4239,#4241,#4242,#4243,#4245,#4246,#4247,#4248,
#4250,#4251));
#4253=FACE_OUTER_BOUND('',#4252,.F.);
#4254=ADVANCED_FACE('',(#4253),#4235,.F.);
#4255=CARTESIAN_POINT('',(-1.5E0,7.6E0,2.E-1));
#4256=DIRECTION('',(0.E0,0.E0,1.E0));
#4257=DIRECTION('',(1.E0,0.E0,0.E0));
#4258=AXIS2_PLACEMENT_3D('',#4255,#4256,#4257);
#4259=PLANE('',#4258);
#4260=ORIENTED_EDGE('',*,*,#3864,.T.);
#4261=ORIENTED_EDGE('',*,*,#3921,.T.);
#4262=ORIENTED_EDGE('',*,*,#4236,.T.);
#4263=ORIENTED_EDGE('',*,*,#4134,.F.);
#4265=ORIENTED_EDGE('',*,*,#4264,.T.);
#4267=ORIENTED_EDGE('',*,*,#4266,.T.);
#4269=ORIENTED_EDGE('',*,*,#4268,.F.);
#4270=EDGE_LOOP('',(#4260,#4261,#4262,#4263,#4265,#4267,#4269));
#4271=FACE_OUTER_BOUND('',#4270,.F.);
#4272=ADVANCED_FACE('',(#4271),#4259,.F.);
#4273=CARTESIAN_POINT('',(0.E0,7.47E0,0.E0));
#4274=DIRECTION('',(0.E0,-1.E0,0.E0));
#4275=DIRECTION('',(-1.E0,0.E0,0.E0));
#4276=AXIS2_PLACEMENT_3D('',#4273,#4274,#4275);
#4277=CONICAL_SURFACE('',#4276,1.274944465005E0,3.E1);
#4278=ORIENTED_EDGE('',*,*,#4264,.F.);
#4279=ORIENTED_EDGE('',*,*,#4140,.F.);
#4281=ORIENTED_EDGE('',*,*,#4280,.F.);
#4283=ORIENTED_EDGE('',*,*,#4282,.T.);
#4284=EDGE_LOOP('',(#4278,#4279,#4281,#4283));
#4285=FACE_OUTER_BOUND('',#4284,.F.);
#4286=ADVANCED_FACE('',(#4285),#4277,.T.);
#4287=CARTESIAN_POINT('',(0.E0,7.47E0,0.E0));
#4288=DIRECTION('',(0.E0,-1.E0,0.E0));
#4289=DIRECTION('',(-1.E0,0.E0,0.E0));
#4290=AXIS2_PLACEMENT_3D('',#4287,#4288,#4289);
#4291=CONICAL_SURFACE('',#4290,1.274944465005E0,3.E1);
#4292=ORIENTED_EDGE('',*,*,#3885,.F.);
#4293=ORIENTED_EDGE('',*,*,#4155,.F.);
#4295=ORIENTED_EDGE('',*,*,#4294,.F.);
#4297=ORIENTED_EDGE('',*,*,#4296,.T.);
#4298=EDGE_LOOP('',(#4292,#4293,#4295,#4297));
#4299=FACE_OUTER_BOUND('',#4298,.F.);
#4300=ADVANCED_FACE('',(#4299),#4291,.T.);
#4301=CARTESIAN_POINT('',(-2.E-1,7.6E0,2.E-1));
#4302=DIRECTION('',(-1.E0,0.E0,0.E0));
#4303=DIRECTION('',(0.E0,0.E0,1.E0));
#4304=AXIS2_PLACEMENT_3D('',#4301,#4302,#4303);
#4305=PLANE('',#4304);
#4306=ORIENTED_EDGE('',*,*,#3868,.F.);
#4308=ORIENTED_EDGE('',*,*,#4307,.F.);
#4310=ORIENTED_EDGE('',*,*,#4309,.F.);
#4311=ORIENTED_EDGE('',*,*,#4280,.T.);
#4312=ORIENTED_EDGE('',*,*,#4138,.T.);
#4313=ORIENTED_EDGE('',*,*,#4249,.F.);
#4314=ORIENTED_EDGE('',*,*,#3933,.T.);
#4315=EDGE_LOOP('',(#4306,#4308,#4310,#4311,#4312,#4313,#4314));
#4316=FACE_OUTER_BOUND('',#4315,.F.);
#4317=ADVANCED_FACE('',(#4316),#4305,.F.);
#4318=CARTESIAN_POINT('',(0.E0,7.01E0,0.E0));
#4319=DIRECTION('',(0.E0,1.E0,0.E0));
#4320=DIRECTION('',(1.E0,0.E0,0.E0));
#4321=AXIS2_PLACEMENT_3D('',#4318,#4319,#4320);
#4322=CONICAL_SURFACE('',#4321,1.31E0,4.5E1);
#4323=ORIENTED_EDGE('',*,*,#4268,.T.);
#4325=ORIENTED_EDGE('',*,*,#4324,.F.);
#4326=ORIENTED_EDGE('',*,*,#4307,.T.);
#4327=ORIENTED_EDGE('',*,*,#3866,.T.);
#4328=EDGE_LOOP('',(#4323,#4325,#4326,#4327));
#4329=FACE_OUTER_BOUND('',#4328,.F.);
#4330=ADVANCED_FACE('',(#4329),#4322,.T.);
#4331=CARTESIAN_POINT('',(0.E0,7.01E0,0.E0));
#4332=DIRECTION('',(0.E0,1.E0,0.E0));
#4333=DIRECTION('',(1.E0,0.E0,0.E0));
#4334=AXIS2_PLACEMENT_3D('',#4331,#4332,#4333);
#4335=CONICAL_SURFACE('',#4334,1.31E0,4.5E1);
#4336=ORIENTED_EDGE('',*,*,#3889,.T.);
#4338=ORIENTED_EDGE('',*,*,#4337,.F.);
#4340=ORIENTED_EDGE('',*,*,#4339,.T.);
#4341=ORIENTED_EDGE('',*,*,#3849,.T.);
#4342=EDGE_LOOP('',(#4336,#4338,#4340,#4341));
#4343=FACE_OUTER_BOUND('',#4342,.F.);
#4344=ADVANCED_FACE('',(#4343),#4335,.T.);
#4345=CARTESIAN_POINT('',(0.E0,7.98E0,0.E0));
#4346=DIRECTION('',(0.E0,-1.E0,0.E0));
#4347=DIRECTION('',(-1.E0,0.E0,0.E0));
#4348=AXIS2_PLACEMENT_3D('',#4345,#4346,#4347);
#4349=CYLINDRICAL_SURFACE('',#4348,1.35E0);
#4350=ORIENTED_EDGE('',*,*,#4266,.F.);
#4351=ORIENTED_EDGE('',*,*,#4282,.F.);
#4352=ORIENTED_EDGE('',*,*,#4309,.T.);
#4353=ORIENTED_EDGE('',*,*,#4324,.T.);
#4354=EDGE_LOOP('',(#4350,#4351,#4352,#4353));
#4355=FACE_OUTER_BOUND('',#4354,.F.);
#4356=ADVANCED_FACE('',(#4355),#4349,.T.);
#4357=CARTESIAN_POINT('',(0.E0,7.98E0,0.E0));
#4358=DIRECTION('',(0.E0,-1.E0,0.E0));
#4359=DIRECTION('',(-1.E0,0.E0,0.E0));
#4360=AXIS2_PLACEMENT_3D('',#4357,#4358,#4359);
#4361=CYLINDRICAL_SURFACE('',#4360,1.35E0);
#4362=ORIENTED_EDGE('',*,*,#3887,.F.);
#4363=ORIENTED_EDGE('',*,*,#4296,.F.);
#4365=ORIENTED_EDGE('',*,*,#4364,.T.);
#4366=ORIENTED_EDGE('',*,*,#4337,.T.);
#4367=EDGE_LOOP('',(#4362,#4363,#4365,#4366));
#4368=FACE_OUTER_BOUND('',#4367,.F.);
#4369=ADVANCED_FACE('',(#4368),#4361,.T.);
#4370=CARTESIAN_POINT('',(2.E-1,7.6E0,2.E-1));
#4371=DIRECTION('',(0.E0,0.E0,1.E0));
#4372=DIRECTION('',(1.E0,0.E0,0.E0));
#4373=AXIS2_PLACEMENT_3D('',#4370,#4371,#4372);
#4374=PLANE('',#4373);
#4375=ORIENTED_EDGE('',*,*,#3851,.F.);
#4376=ORIENTED_EDGE('',*,*,#4339,.F.);
#4377=ORIENTED_EDGE('',*,*,#4364,.F.);
#4378=ORIENTED_EDGE('',*,*,#4294,.T.);
#4379=ORIENTED_EDGE('',*,*,#4153,.T.);
#4380=ORIENTED_EDGE('',*,*,#4244,.F.);
#4381=ORIENTED_EDGE('',*,*,#3947,.T.);
#4382=EDGE_LOOP('',(#4375,#4376,#4377,#4378,#4379,#4380,#4381));
#4383=FACE_OUTER_BOUND('',#4382,.F.);
#4384=ADVANCED_FACE('',(#4383),#4374,.F.);
#4385=CARTESIAN_POINT('',(0.E0,3.955578296676E0,0.E0));
#4386=DIRECTION('',(0.E0,1.E0,0.E0));
#4387=DIRECTION('',(1.E0,0.E0,0.E0));
#4388=AXIS2_PLACEMENT_3D('',#4385,#4386,#4387);
#4389=CONICAL_SURFACE('',#4388,5.1E-1,5.9E1);
#4391=ORIENTED_EDGE('',*,*,#4390,.T.);
#4392=ORIENTED_EDGE('',*,*,#4240,.T.);
#4394=ORIENTED_EDGE('',*,*,#4393,.F.);
#4395=EDGE_LOOP('',(#4391,#4392,#4394));
#4396=FACE_OUTER_BOUND('',#4395,.F.);
#4397=ADVANCED_FACE('',(#4396),#4389,.F.);
#4398=CARTESIAN_POINT('',(0.E0,3.955578296676E0,0.E0));
#4399=DIRECTION('',(0.E0,1.E0,0.E0));
#4400=DIRECTION('',(1.E0,0.E0,0.E0));
#4401=AXIS2_PLACEMENT_3D('',#4398,#4399,#4400);
#4402=CONICAL_SURFACE('',#4401,5.1E-1,5.9E1);
#4403=ORIENTED_EDGE('',*,*,#4390,.F.);
#4404=ORIENTED_EDGE('',*,*,#4393,.T.);
#4405=ORIENTED_EDGE('',*,*,#4190,.F.);
#4406=EDGE_LOOP('',(#4403,#4404,#4405));
#4407=FACE_OUTER_BOUND('',#4406,.F.);
#4408=ADVANCED_FACE('',(#4407),#4402,.F.);
#4409=CARTESIAN_POINT('',(-2.E-1,7.6E0,-2.E-1));
#4410=DIRECTION('',(0.E0,0.E0,-1.E0));
#4411=DIRECTION('',(-1.E0,0.E0,0.E0));
#4412=AXIS2_PLACEMENT_3D('',#4409,#4410,#4411);
#4413=PLANE('',#4412);
#4414=ORIENTED_EDGE('',*,*,#3990,.F.);
#4415=ORIENTED_EDGE('',*,*,#4036,.F.);
#4416=ORIENTED_EDGE('',*,*,#4065,.F.);
#4417=ORIENTED_EDGE('',*,*,#4094,.T.);
#4418=ORIENTED_EDGE('',*,*,#4123,.T.);
#4419=ORIENTED_EDGE('',*,*,#4195,.F.);
#4420=ORIENTED_EDGE('',*,*,#3915,.T.);
#4421=EDGE_LOOP('',(#4414,#4415,#4416,#4417,#4418,#4419,#4420));
#4422=FACE_OUTER_BOUND('',#4421,.F.);
#4423=ADVANCED_FACE('',(#4422),#4413,.F.);
#4424=CARTESIAN_POINT('',(0.E0,3.325E0,0.E0));
#4425=DIRECTION('',(0.E0,1.E0,0.E0));
#4426=DIRECTION('',(0.E0,0.E0,-1.E0));
#4427=AXIS2_PLACEMENT_3D('',#4424,#4425,#4426);
#4428=CONICAL_SURFACE('',#4427,1.325E0,4.5E1);
#4429=ORIENTED_EDGE('',*,*,#3681,.F.);
#4430=ORIENTED_EDGE('',*,*,#3723,.T.);
#4432=ORIENTED_EDGE('',*,*,#4431,.F.);
#4433=ORIENTED_EDGE('',*,*,#3719,.F.);
#4434=ORIENTED_EDGE('',*,*,#3740,.F.);
#4435=EDGE_LOOP('',(#4429,#4430,#4432,#4433,#4434));
#4436=FACE_OUTER_BOUND('',#4435,.F.);
#4437=ADVANCED_FACE('',(#4436),#4428,.T.);
#4438=CARTESIAN_POINT('',(0.E0,3.275E0,0.E0));
#4439=DIRECTION('',(0.E0,-1.E0,0.E0));
#4440=DIRECTION('',(0.E0,0.E0,1.E0));
#4441=AXIS2_PLACEMENT_3D('',#4438,#4439,#4440);
#4442=CONICAL_SURFACE('',#4441,1.325E0,4.5E1);
#4443=ORIENTED_EDGE('',*,*,#3706,.T.);
#4444=ORIENTED_EDGE('',*,*,#3752,.T.);
#4446=ORIENTED_EDGE('',*,*,#4445,.F.);
#4447=ORIENTED_EDGE('',*,*,#4431,.T.);
#4449=ORIENTED_EDGE('',*,*,#4448,.T.);
#4450=EDGE_LOOP('',(#4443,#4444,#4446,#4447,#4449));
#4451=FACE_OUTER_BOUND('',#4450,.F.);
#4452=ADVANCED_FACE('',(#4451),#4442,.T.);
#4453=CARTESIAN_POINT('',(0.E0,3.275E0,0.E0));
#4454=DIRECTION('',(0.E0,-1.E0,0.E0));
#4455=DIRECTION('',(0.E0,0.E0,1.E0));
#4456=AXIS2_PLACEMENT_3D('',#4453,#4454,#4455);
#4457=CONICAL_SURFACE('',#4456,1.325E0,4.5E1);
#4458=ORIENTED_EDGE('',*,*,#3699,.T.);
#4459=ORIENTED_EDGE('',*,*,#4448,.F.);
#4460=ORIENTED_EDGE('',*,*,#3721,.F.);
#4461=ORIENTED_EDGE('',*,*,#4445,.T.);
#4462=ORIENTED_EDGE('',*,*,#3750,.T.);
#4463=EDGE_LOOP('',(#4458,#4459,#4460,#4461,#4462));
#4464=FACE_OUTER_BOUND('',#4463,.F.);
#4465=ADVANCED_FACE('',(#4464),#4457,.T.);
#4466=CARTESIAN_POINT('',(0.E0,1.5E0,6.675E0));
#4467=DIRECTION('',(0.E0,0.E0,-1.E0));
#4468=DIRECTION('',(-1.E0,0.E0,0.E0));
#4469=AXIS2_PLACEMENT_3D('',#4466,#4467,#4468);
#4470=CYLINDRICAL_SURFACE('',#4469,7.5E-1);
#4471=ORIENTED_EDGE('',*,*,#3649,.T.);
#4473=ORIENTED_EDGE('',*,*,#4472,.T.);
#4475=ORIENTED_EDGE('',*,*,#4474,.F.);
#4477=ORIENTED_EDGE('',*,*,#4476,.F.);
#4478=EDGE_LOOP('',(#4471,#4473,#4475,#4477));
#4479=FACE_OUTER_BOUND('',#4478,.F.);
#4480=ADVANCED_FACE('',(#4479),#4470,.T.);
#4481=CARTESIAN_POINT('',(0.E0,1.5E0,6.675E0));
#4482=DIRECTION('',(0.E0,0.E0,-1.E0));
#4483=DIRECTION('',(-1.E0,0.E0,0.E0));
#4484=AXIS2_PLACEMENT_3D('',#4481,#4482,#4483);
#4485=CYLINDRICAL_SURFACE('',#4484,7.5E-1);
#4486=ORIENTED_EDGE('',*,*,#3651,.T.);
#4487=ORIENTED_EDGE('',*,*,#4476,.T.);
#4489=ORIENTED_EDGE('',*,*,#4488,.T.);
#4490=ORIENTED_EDGE('',*,*,#4472,.F.);
#4491=EDGE_LOOP('',(#4486,#4487,#4489,#4490));
#4492=FACE_OUTER_BOUND('',#4491,.F.);
#4493=ADVANCED_FACE('',(#4492),#4485,.T.);
#4494=CARTESIAN_POINT('',(0.E0,1.5E0,6.25E0));
#4495=DIRECTION('',(0.E0,0.E0,-1.E0));
#4496=DIRECTION('',(-1.E0,0.E0,0.E0));
#4497=AXIS2_PLACEMENT_3D('',#4494,#4495,#4496);
#4498=CONICAL_SURFACE('',#4497,5.E-1,4.5E1);
#4500=ORIENTED_EDGE('',*,*,#4499,.T.);
#4502=ORIENTED_EDGE('',*,*,#4501,.T.);
#4503=ORIENTED_EDGE('',*,*,#4488,.F.);
#4505=ORIENTED_EDGE('',*,*,#4504,.F.);
#4506=EDGE_LOOP('',(#4500,#4502,#4503,#4505));
#4507=FACE_OUTER_BOUND('',#4506,.F.);
#4508=ADVANCED_FACE('',(#4507),#4498,.T.);
#4509=CARTESIAN_POINT('',(0.E0,1.5E0,6.5E0));
#4510=DIRECTION('',(0.E0,0.E0,-1.E0));
#4511=DIRECTION('',(-1.E0,0.E0,0.E0));
#4512=AXIS2_PLACEMENT_3D('',#4509,#4510,#4511);
#4513=PLANE('',#4512);
#4514=ORIENTED_EDGE('',*,*,#4499,.F.);
#4516=ORIENTED_EDGE('',*,*,#4515,.T.);
#4517=EDGE_LOOP('',(#4514,#4516));
#4518=FACE_OUTER_BOUND('',#4517,.F.);
#4519=ADVANCED_FACE('',(#4518),#4513,.F.);
#4520=CARTESIAN_POINT('',(0.E0,1.5E0,6.25E0));
#4521=DIRECTION('',(0.E0,0.E0,-1.E0));
#4522=DIRECTION('',(-1.E0,0.E0,0.E0));
#4523=AXIS2_PLACEMENT_3D('',#4520,#4521,#4522);
#4524=CONICAL_SURFACE('',#4523,5.E-1,4.5E1);
#4525=ORIENTED_EDGE('',*,*,#4515,.F.);
#4526=ORIENTED_EDGE('',*,*,#4504,.T.);
#4527=ORIENTED_EDGE('',*,*,#4474,.T.);
#4528=ORIENTED_EDGE('',*,*,#4501,.F.);
#4529=EDGE_LOOP('',(#4525,#4526,#4527,#4528));
#4530=FACE_OUTER_BOUND('',#4529,.F.);
#4531=ADVANCED_FACE('',(#4530),#4524,.T.);
#4532=CLOSED_SHELL('',(#3593,#3608,#3622,#3636,#3655,#3673,#3693,#3710,#3727,
#3744,#3759,#3775,#3789,#3804,#3817,#3840,#3855,#3872,#3893,#3909,#3927,#3941,
#3958,#3979,#3994,#4011,#4027,#4041,#4056,#4070,#4085,#4099,#4114,#4128,#4144,
#4159,#4174,#4200,#4215,#4230,#4254,#4272,#4286,#4300,#4317,#4330,#4344,#4356,
#4369,#4384,#4397,#4408,#4423,#4437,#4452,#4465,#4480,#4493,#4508,#4519,#4531));
#4533=MANIFOLD_SOLID_BREP('',#4532);
#4534=(LENGTH_UNIT()NAMED_UNIT(*)SI_UNIT(.MILLI.,.METRE.));
#4535=DIMENSIONAL_EXPONENTS(0.E0,0.E0,0.E0,0.E0,0.E0,0.E0,0.E0);
#4536=(NAMED_UNIT(*)PLANE_ANGLE_UNIT()SI_UNIT($,.RADIAN.));
#4537=PLANE_ANGLE_MEASURE_WITH_UNIT(PLANE_ANGLE_MEASURE(1.745329251994E-2),
#4536);
#4538=(CONVERSION_BASED_UNIT('DEGREE',#4537)NAMED_UNIT(#4535)PLANE_ANGLE_UNIT(
));
#4539=(NAMED_UNIT(*)SI_UNIT($,.STERADIAN.)SOLID_ANGLE_UNIT());
#4540=UNCERTAINTY_MEASURE_WITH_UNIT(LENGTH_MEASURE(1.143457648578E-3),#4534,
'closure',
'Maximum model space distance between geometric entities at asserted connectivities');
#4541=(GEOMETRIC_REPRESENTATION_CONTEXT(3)GLOBAL_UNCERTAINTY_ASSIGNED_CONTEXT((
#4540))GLOBAL_UNIT_ASSIGNED_CONTEXT((#4534,#4538,#4539))REPRESENTATION_CONTEXT(
'ID2','3'));
#4542=CARTESIAN_POINT('',(0.E0,0.E0,0.E0));
#4543=DIRECTION('',(0.E0,0.E0,1.E0));
#4544=DIRECTION('',(1.E0,0.E0,0.E0));
#4547=MECHANICAL_CONTEXT('',#2654,'mechanical');
#4548=PRODUCT('M80-333','M80-333','NOT SPECIFIED',(#4547));
#4549=PRODUCT_DEFINITION_FORMATION_WITH_SPECIFIED_SOURCE('35','LAST_VERSION',
#4548,.MADE.);
#4555=CARTESIAN_POINT('',(-6.E0,-4.2E0,0.E0));
#4556=DIRECTION('',(0.E0,0.E0,-1.E0));
#4557=DIRECTION('',(-1.E0,0.E0,0.E0));
#4558=AXIS2_PLACEMENT_3D('',#4555,#4556,#4557);
#4559=ITEM_DEFINED_TRANSFORMATION('','',#4545,#4558);
#4560=(REPRESENTATION_RELATIONSHIP('','',#4546,#2665)REPRESENTATION_RELATIONSHIP_WITH_TRANSFORMATION(#4559)SHAPE_REPRESENTATION_RELATIONSHIP());
#4561=CONTEXT_DEPENDENT_SHAPE_REPRESENTATION(#4560,#4554);
#4564=CARTESIAN_POINT('',(-2.E0,-4.2E0,0.E0));
#4565=DIRECTION('',(0.E0,0.E0,-1.E0));
#4566=DIRECTION('',(-1.E0,0.E0,0.E0));
#4567=AXIS2_PLACEMENT_3D('',#4564,#4565,#4566);
#4568=ITEM_DEFINED_TRANSFORMATION('','',#4545,#4567);
#4569=(REPRESENTATION_RELATIONSHIP('','',#4546,#2665)REPRESENTATION_RELATIONSHIP_WITH_TRANSFORMATION(#4568)SHAPE_REPRESENTATION_RELATIONSHIP());
#4570=CONTEXT_DEPENDENT_SHAPE_REPRESENTATION(#4569,#4563);
#4573=CARTESIAN_POINT('',(2.E0,-4.2E0,0.E0));
#4574=DIRECTION('',(0.E0,0.E0,-1.E0));
#4575=DIRECTION('',(-1.E0,0.E0,0.E0));
#4576=AXIS2_PLACEMENT_3D('',#4573,#4574,#4575);
#4577=ITEM_DEFINED_TRANSFORMATION('','',#4545,#4576);
#4578=(REPRESENTATION_RELATIONSHIP('','',#4546,#2665)REPRESENTATION_RELATIONSHIP_WITH_TRANSFORMATION(#4577)SHAPE_REPRESENTATION_RELATIONSHIP());
#4579=CONTEXT_DEPENDENT_SHAPE_REPRESENTATION(#4578,#4572);
#4582=CARTESIAN_POINT('',(6.E0,-4.2E0,0.E0));
#4583=DIRECTION('',(0.E0,0.E0,-1.E0));
#4584=DIRECTION('',(-1.E0,0.E0,0.E0));
#4585=AXIS2_PLACEMENT_3D('',#4582,#4583,#4584);
#4586=ITEM_DEFINED_TRANSFORMATION('','',#4545,#4585);
#4587=(REPRESENTATION_RELATIONSHIP('','',#4546,#2665)REPRESENTATION_RELATIONSHIP_WITH_TRANSFORMATION(#4586)SHAPE_REPRESENTATION_RELATIONSHIP());
#4588=CONTEXT_DEPENDENT_SHAPE_REPRESENTATION(#4587,#4581);
#4589=DIRECTION('',(0.E0,0.E0,-1.E0));
#4590=VECTOR('',#4589,3.E0);
#4591=CARTESIAN_POINT('',(1.5E0,0.E0,1.5E0));
#4592=LINE('',#4591,#4590);
#4593=DIRECTION('',(-1.E0,0.E0,0.E0));
#4594=VECTOR('',#4593,3.E0);
#4595=CARTESIAN_POINT('',(1.5E0,0.E0,-1.5E0));
#4596=LINE('',#4595,#4594);
#4597=DIRECTION('',(0.E0,0.E0,1.E0));
#4598=VECTOR('',#4597,3.E0);
#4599=CARTESIAN_POINT('',(-1.5E0,0.E0,-1.5E0));
#4600=LINE('',#4599,#4598);
#4601=DIRECTION('',(1.E0,0.E0,0.E0));
#4602=VECTOR('',#4601,3.E0);
#4603=CARTESIAN_POINT('',(-1.5E0,0.E0,1.5E0));
#4604=LINE('',#4603,#4602);
#4605=DIRECTION('',(0.E0,0.E0,-1.E0));
#4606=VECTOR('',#4605,3.E0);
#4607=CARTESIAN_POINT('',(1.5E0,6.5E-1,1.5E0));
#4608=LINE('',#4607,#4606);
#4609=DIRECTION('',(0.E0,1.E0,0.E0));
#4610=VECTOR('',#4609,6.5E-1);
#4611=CARTESIAN_POINT('',(1.5E0,0.E0,1.5E0));
#4612=LINE('',#4611,#4610);
#4613=CARTESIAN_POINT('',(0.E0,6.5E-1,0.E0));
#4614=DIRECTION('',(0.E0,1.E0,0.E0));
#4615=DIRECTION('',(-1.E0,0.E0,0.E0));
#4616=AXIS2_PLACEMENT_3D('',#4613,#4614,#4615);
#4618=CARTESIAN_POINT('',(0.E0,6.5E-1,0.E0));
#4619=DIRECTION('',(0.E0,1.E0,0.E0));
#4620=DIRECTION('',(1.E0,0.E0,0.E0));
#4621=AXIS2_PLACEMENT_3D('',#4618,#4619,#4620);
#4623=CARTESIAN_POINT('',(0.E0,1.5E0,0.E0));
#4624=DIRECTION('',(0.E0,1.E0,0.E0));
#4625=DIRECTION('',(-1.E0,0.E0,0.E0));
#4626=AXIS2_PLACEMENT_3D('',#4623,#4624,#4625);
#4628=DIRECTION('',(0.E0,1.E0,0.E0));
#4629=VECTOR('',#4628,8.5E-1);
#4630=CARTESIAN_POINT('',(-1.49E0,6.5E-1,0.E0));
#4631=LINE('',#4630,#4629);
#4632=DIRECTION('',(0.E0,1.E0,0.E0));
#4633=VECTOR('',#4632,2.45E0);
#4634=CARTESIAN_POINT('',(-1.49E0,1.75E0,0.E0));
#4635=LINE('',#4634,#4633);
#4636=DIRECTION('',(-1.E0,0.E0,0.E0));
#4637=VECTOR('',#4636,7.810249675908E-1);
#4638=CARTESIAN_POINT('',(3.905124837954E-1,1.5E0,-1.5E0));
#4639=LINE('',#4638,#4637);
#4640=DIRECTION('',(0.E0,0.E0,1.E0));
#4641=VECTOR('',#4640,7.810249675908E-1);
#4642=CARTESIAN_POINT('',(-1.5E0,1.5E0,-3.905124837954E-1));
#4643=LINE('',#4642,#4641);
#4644=DIRECTION('',(1.E0,0.E0,0.E0));
#4645=VECTOR('',#4644,7.810249675908E-1);
#4646=CARTESIAN_POINT('',(-3.905124837954E-1,1.5E0,1.5E0));
#4647=LINE('',#4646,#4645);
#4648=DIRECTION('',(0.E0,0.E0,-1.E0));
#4649=VECTOR('',#4648,7.810249675908E-1);
#4650=CARTESIAN_POINT('',(1.5E0,1.5E0,3.905124837954E-1));
#4651=LINE('',#4650,#4649);
#4652=CARTESIAN_POINT('',(0.E0,1.5E0,0.E0));
#4653=DIRECTION('',(0.E0,1.E0,0.E0));
#4654=DIRECTION('',(1.E0,0.E0,0.E0));
#4655=AXIS2_PLACEMENT_3D('',#4652,#4653,#4654);
#4657=DIRECTION('',(0.E0,1.E0,0.E0));
#4658=VECTOR('',#4657,8.5E-1);
#4659=CARTESIAN_POINT('',(1.49E0,6.5E-1,0.E0));
#4660=LINE('',#4659,#4658);
#4661=DIRECTION('',(0.E0,1.E0,0.E0));
#4662=VECTOR('',#4661,2.45E0);
#4663=CARTESIAN_POINT('',(1.49E0,1.75E0,0.E0));
#4664=LINE('',#4663,#4662);
#4665=CARTESIAN_POINT('',(0.E0,1.5E0,0.E0));
#4666=DIRECTION('',(0.E0,-1.E0,0.E0));
#4667=DIRECTION('',(2.519435379325E-1,0.E0,-9.677419354839E-1));
#4668=AXIS2_PLACEMENT_3D('',#4665,#4666,#4667);
#4670=CARTESIAN_POINT('',(0.E0,1.5E0,0.E0));
#4671=DIRECTION('',(0.E0,-1.E0,0.E0));
#4672=DIRECTION('',(9.677419354839E-1,0.E0,2.519435379325E-1));
#4673=AXIS2_PLACEMENT_3D('',#4670,#4671,#4672);
#4675=CARTESIAN_POINT('',(0.E0,1.75E0,0.E0));
#4676=DIRECTION('',(0.E0,-1.E0,0.E0));
#4677=DIRECTION('',(1.E0,0.E0,0.E0));
#4678=AXIS2_PLACEMENT_3D('',#4675,#4676,#4677);
#4680=CARTESIAN_POINT('',(0.E0,1.75E0,0.E0));
#4681=DIRECTION('',(0.E0,-1.E0,0.E0));
#4682=DIRECTION('',(0.E0,0.E0,-1.E0));
#4683=AXIS2_PLACEMENT_3D('',#4680,#4681,#4682);
#4685=CARTESIAN_POINT('',(0.E0,1.708333333333E0,-1.5E0));
#4686=CARTESIAN_POINT('',(2.349485665169E-2,1.708333333333E0,-1.5E0));
#4687=CARTESIAN_POINT('',(7.163108385847E-2,1.703688692150E0,-1.5E0));
#4688=CARTESIAN_POINT('',(1.465513158150E-1,1.681314010519E0,-1.5E0));
#4689=CARTESIAN_POINT('',(2.263911908374E-1,1.640504188402E0,-1.5E0));
#4690=CARTESIAN_POINT('',(3.079848248007E-1,1.580874897491E0,-1.5E0));
#4691=CARTESIAN_POINT('',(3.628840130020E-1,1.529003394497E0,-1.5E0));
#4692=CARTESIAN_POINT('',(3.905124837954E-1,1.5E0,-1.5E0));
#4694=CARTESIAN_POINT('',(-3.905124837954E-1,1.5E0,-1.5E0));
#4695=CARTESIAN_POINT('',(-3.628710823502E-1,1.529016968640E0,-1.5E0));
#4696=CARTESIAN_POINT('',(-3.079483957070E-1,1.580907627963E0,-1.5E0));
#4697=CARTESIAN_POINT('',(-2.263309659903E-1,1.640542904480E0,-1.5E0));
#4698=CARTESIAN_POINT('',(-1.464784193605E-1,1.681344440764E0,-1.5E0));
#4699=CARTESIAN_POINT('',(-7.155804093785E-2,1.703701300565E0,-1.5E0));
#4700=CARTESIAN_POINT('',(-2.346525070211E-2,1.708333333333E0,-1.5E0));
#4701=CARTESIAN_POINT('',(0.E0,1.708333333333E0,-1.5E0));
#4703=DIRECTION('',(-3.442854490966E-14,9.723873019805E-1,2.333729524753E-1));
#4704=VECTOR('',#4703,4.284986710722E-2);
#4705=CARTESIAN_POINT('',(0.E0,1.708333333333E0,-1.5E0));
#4706=LINE('',#4705,#4704);
#4707=CARTESIAN_POINT('',(0.E0,1.75E0,0.E0));
#4708=DIRECTION('',(0.E0,-1.E0,0.E0));
#4709=DIRECTION('',(-1.E0,0.E0,0.E0));
#4710=AXIS2_PLACEMENT_3D('',#4707,#4708,#4709);
#4712=CARTESIAN_POINT('',(0.E0,1.75E0,0.E0));
#4713=DIRECTION('',(0.E0,-1.E0,0.E0));
#4714=DIRECTION('',(0.E0,0.E0,1.E0));
#4715=AXIS2_PLACEMENT_3D('',#4712,#4713,#4714);
#4717=DIRECTION('',(0.E0,9.723873019805E-1,-2.333729524753E-1));
#4718=VECTOR('',#4717,4.284986710722E-2);
#4719=CARTESIAN_POINT('',(0.E0,1.708333333333E0,1.5E0));
#4720=LINE('',#4719,#4718);
#4721=CARTESIAN_POINT('',(0.E0,1.5E0,0.E0));
#4722=DIRECTION('',(0.E0,1.E0,0.E0));
#4723=DIRECTION('',(-9.677419354839E-1,0.E0,2.519435379325E-1));
#4724=AXIS2_PLACEMENT_3D('',#4721,#4722,#4723);
#4726=CARTESIAN_POINT('',(0.E0,1.5E0,0.E0));
#4727=DIRECTION('',(0.E0,1.E0,0.E0));
#4728=DIRECTION('',(-2.519435379325E-1,0.E0,-9.677419354839E-1));
#4729=AXIS2_PLACEMENT_3D('',#4726,#4727,#4728);
#4731=CARTESIAN_POINT('',(0.E0,1.708333333333E0,1.5E0));
#4732=CARTESIAN_POINT('',(-2.349485665170E-2,1.708333333333E0,1.5E0));
#4733=CARTESIAN_POINT('',(-7.163108385846E-2,1.703688692150E0,1.5E0));
#4734=CARTESIAN_POINT('',(-1.465513158150E-1,1.681314010519E0,1.5E0));
#4735=CARTESIAN_POINT('',(-2.263911908374E-1,1.640504188402E0,1.5E0));
#4736=CARTESIAN_POINT('',(-3.079848248007E-1,1.580874897491E0,1.5E0));
#4737=CARTESIAN_POINT('',(-3.628840130020E-1,1.529003394497E0,1.5E0));
#4738=CARTESIAN_POINT('',(-3.905124837954E-1,1.5E0,1.5E0));
#4740=CARTESIAN_POINT('',(3.905124837954E-1,1.5E0,1.5E0));
#4741=CARTESIAN_POINT('',(3.628710823502E-1,1.529016968640E0,1.5E0));
#4742=CARTESIAN_POINT('',(3.079483957070E-1,1.580907627963E0,1.5E0));
#4743=CARTESIAN_POINT('',(2.263309659903E-1,1.640542904480E0,1.5E0));
#4744=CARTESIAN_POINT('',(1.464784193605E-1,1.681344440764E0,1.5E0));
#4745=CARTESIAN_POINT('',(7.155804093785E-2,1.703701300565E0,1.5E0));
#4746=CARTESIAN_POINT('',(2.346525070211E-2,1.708333333333E0,1.5E0));
#4747=CARTESIAN_POINT('',(0.E0,1.708333333333E0,1.5E0));
#4749=CARTESIAN_POINT('',(-1.5E0,1.5E0,3.905124837954E-1));
#4750=CARTESIAN_POINT('',(-1.5E0,1.528980969406E0,3.629053750178E-1));
#4751=CARTESIAN_POINT('',(-1.5E0,1.580813577006E0,3.080565603141E-1));
#4752=CARTESIAN_POINT('',(-1.5E0,1.640409118980E0,2.265175544286E-1));
#4753=CARTESIAN_POINT('',(-1.5E0,1.681204630882E0,1.468587975319E-1));
#4754=CARTESIAN_POINT('',(-1.5E0,1.703667799784E0,7.163231837503E-2));
#4755=CARTESIAN_POINT('',(-1.5E0,1.710656173206E0,7.539842948437E-5));
#4756=CARTESIAN_POINT('',(-1.5E0,1.703707430012E0,-7.135574683523E-2));
#4757=CARTESIAN_POINT('',(-1.5E0,1.681391240456E0,-1.463906353269E-1));
#4758=CARTESIAN_POINT('',(-1.5E0,1.640644637146E0,-2.261595089262E-1));
#4759=CARTESIAN_POINT('',(-1.5E0,1.580989133747E0,-3.078618561247E-1));
#4760=CARTESIAN_POINT('',(-1.5E0,1.529051934263E0,-3.628377742932E-1));
#4761=CARTESIAN_POINT('',(-1.5E0,1.5E0,-3.905124837954E-1));
#4763=CARTESIAN_POINT('',(1.5E0,1.5E0,-3.905124837954E-1));
#4764=CARTESIAN_POINT('',(1.5E0,1.528980969406E0,-3.629053750178E-1));
#4765=CARTESIAN_POINT('',(1.5E0,1.580813577006E0,-3.080565603141E-1));
#4766=CARTESIAN_POINT('',(1.5E0,1.640409118980E0,-2.265175544286E-1));
#4767=CARTESIAN_POINT('',(1.5E0,1.681204630882E0,-1.468587975319E-1));
#4768=CARTESIAN_POINT('',(1.5E0,1.703667799784E0,-7.163231837503E-2));
#4769=CARTESIAN_POINT('',(1.5E0,1.710656173206E0,-7.539842948437E-5));
#4770=CARTESIAN_POINT('',(1.5E0,1.703707430012E0,7.135574683523E-2));
#4771=CARTESIAN_POINT('',(1.5E0,1.681391240456E0,1.463906353269E-1));
#4772=CARTESIAN_POINT('',(1.5E0,1.640644637146E0,2.261595089262E-1));
#4773=CARTESIAN_POINT('',(1.5E0,1.580989133747E0,3.078618561247E-1));
#4774=CARTESIAN_POINT('',(1.5E0,1.529051934263E0,3.628377742932E-1));
#4775=CARTESIAN_POINT('',(1.5E0,1.5E0,3.905124837954E-1));
#4777=CARTESIAN_POINT('',(0.E0,4.5E0,0.E0));
#4778=DIRECTION('',(0.E0,-1.E0,0.E0));
#4779=DIRECTION('',(-1.E0,0.E0,0.E0));
#4780=AXIS2_PLACEMENT_3D('',#4777,#4778,#4779);
#4782=DIRECTION('',(-5.E-1,-8.660254037844E-1,-1.006735251657E-14));
#4783=VECTOR('',#4782,3.464101615138E-1);
#4784=CARTESIAN_POINT('',(-1.316794919243E0,4.5E0,0.E0));
#4785=LINE('',#4784,#4783);
#4786=CARTESIAN_POINT('',(0.E0,4.2E0,0.E0));
#4787=DIRECTION('',(0.E0,-1.E0,0.E0));
#4788=DIRECTION('',(-1.E0,0.E0,0.E0));
#4789=AXIS2_PLACEMENT_3D('',#4786,#4787,#4788);
#4791=DIRECTION('',(5.E-1,-8.660254037844E-1,0.E0));
#4792=VECTOR('',#4791,3.464101615138E-1);
#4793=CARTESIAN_POINT('',(1.316794919243E0,4.5E0,0.E0));
#4794=LINE('',#4793,#4792);
#4795=CARTESIAN_POINT('',(0.E0,4.5E0,0.E0));
#4796=DIRECTION('',(0.E0,-1.E0,0.E0));
#4797=DIRECTION('',(1.E0,0.E0,0.E0));
#4798=AXIS2_PLACEMENT_3D('',#4795,#4796,#4797);
#4800=CARTESIAN_POINT('',(0.E0,4.2E0,0.E0));
#4801=DIRECTION('',(0.E0,-1.E0,0.E0));
#4802=DIRECTION('',(1.E0,0.E0,0.E0));
#4803=AXIS2_PLACEMENT_3D('',#4800,#4801,#4802);
#4805=CARTESIAN_POINT('',(-9.438546479834E-1,4.3885E0,3.303610199164E-1));
#4806=CARTESIAN_POINT('',(-9.534506478734E-1,4.380819520085E0,
2.796961169634E-1));
#4807=CARTESIAN_POINT('',(-9.645372816211E-1,4.365416732344E0,
1.777324275338E-1));
#4808=CARTESIAN_POINT('',(-9.571268761195E-1,4.342192552520E0,
2.680142967524E-2));
#4809=CARTESIAN_POINT('',(-9.265512693583E-1,4.318831917931E0,
-1.184424987083E-1));
#4810=CARTESIAN_POINT('',(-8.742976505655E-1,4.295344450146E0,
-2.543670255448E-1));
#4811=CARTESIAN_POINT('',(-8.024039318461E-1,4.271723979931E0,
-3.777470723691E-1));
#4812=CARTESIAN_POINT('',(-7.133994351827E-1,4.247966814442E0,
-4.857303242232E-1));
#4813=CARTESIAN_POINT('',(-6.102398841170E-1,4.224068791951E0,
-5.759375137209E-1));
#4814=CARTESIAN_POINT('',(-5.342233965806E-1,4.208039010514E0,
-6.229970608793E-1));
#4815=CARTESIAN_POINT('',(-4.949999563872E-1,4.2E0,-6.430453274667E-1));
#4817=CARTESIAN_POINT('',(0.E0,4.2E0,0.E0));
#4818=DIRECTION('',(0.E0,1.E0,0.E0));
#4819=DIRECTION('',(-6.099814619682E-1,0.E0,-7.924156838776E-1));
#4820=AXIS2_PLACEMENT_3D('',#4817,#4818,#4819);
#4822=CARTESIAN_POINT('',(8.913151361056E-1,4.279815136106E0,0.E0));
#4823=CARTESIAN_POINT('',(8.891386713E-1,4.277638671300E0,4.806522191341E-2));
#4824=CARTESIAN_POINT('',(8.769626412562E-1,4.273280600188E0,
1.435937177893E-1));
#4825=CARTESIAN_POINT('',(8.362160530973E-1,4.266751792717E0,
2.809031182467E-1));
#4826=CARTESIAN_POINT('',(7.735674910024E-1,4.260160113343E0,
4.100285417063E-1));
#4827=CARTESIAN_POINT('',(6.919347245464E-1,4.253611296962E0,
5.256464734933E-1));
#4828=CARTESIAN_POINT('',(5.918591451587E-1,4.246961370677E0,
6.272780849048E-1));
#4829=CARTESIAN_POINT('',(4.754941388194E-1,4.240214332114E0,
7.114578376698E-1));
#4830=CARTESIAN_POINT('',(3.477276762463E-1,4.233470657753E0,
7.743103561731E-1));
#4831=CARTESIAN_POINT('',(2.155949591584E-1,4.226884003667E0,
8.140687205780E-1));
#4832=CARTESIAN_POINT('',(7.773131126348E-2,4.220195707732E0,
8.319662674980E-1));
#4833=CARTESIAN_POINT('',(-6.204682532688E-2,4.213412040885E0,
8.264816171651E-1));
#4834=CARTESIAN_POINT('',(-1.971817538745E-1,4.206658480335E0,
7.979370844304E-1));
#4835=CARTESIAN_POINT('',(-2.810995161315E-1,4.202212151221E0,
7.649110243640E-1));
#4836=CARTESIAN_POINT('',(-3.210734183457E-1,4.2E0,7.452812288202E-1));
#4838=DIRECTION('',(-7.071067811865E-1,-7.071067811865E-1,1.174118081715E-14));
#4839=VECTOR('',#4838,3.113884207487E-1);
#4840=CARTESIAN_POINT('',(1.1115E0,4.5E0,0.E0));
#4841=LINE('',#4840,#4839);
#4842=CARTESIAN_POINT('',(0.E0,4.5E0,0.E0));
#4843=DIRECTION('',(0.E0,-1.E0,0.E0));
#4844=DIRECTION('',(1.E0,0.E0,0.E0));
#4845=AXIS2_PLACEMENT_3D('',#4842,#4843,#4844);
#4847=DIRECTION('',(7.071067811865E-1,-7.071067811865E-1,0.E0));
#4848=VECTOR('',#4847,1.576848122046E-1);
#4849=CARTESIAN_POINT('',(-1.1115E0,4.5E0,0.E0));
#4850=LINE('',#4849,#4848);
#4851=CARTESIAN_POINT('',(0.E0,4.3885E0,0.E0));
#4852=DIRECTION('',(0.E0,-1.E0,0.E0));
#4853=DIRECTION('',(-9.438546479834E-1,0.E0,3.303610199164E-1));
#4854=AXIS2_PLACEMENT_3D('',#4851,#4852,#4853);
#4856=CARTESIAN_POINT('',(-8.115E-1,3.858235374937E0,0.E0));
#4857=CARTESIAN_POINT('',(-8.115E-1,3.861920193178E0,4.697042303789E-2));
#4858=CARTESIAN_POINT('',(-8.033617711074E-1,3.869324716107E0,
1.413686810574E-1));
#4859=CARTESIAN_POINT('',(-7.658984625723E-1,3.880613732722E0,
2.808948621089E-1));
#4860=CARTESIAN_POINT('',(-7.045312846014E-1,3.891852262927E0,
4.109601222587E-1));
#4861=CARTESIAN_POINT('',(-6.233275307392E-1,3.902847978324E0,
5.258477334382E-1));
#4862=CARTESIAN_POINT('',(-5.238330606473E-1,3.913833466351E0,
6.251234466254E-1));
#4863=CARTESIAN_POINT('',(-4.073776738900E-1,3.924942026394E0,
7.066265858158E-1));
#4864=CARTESIAN_POINT('',(-2.787078005332E-1,3.936032435167E0,
7.664605630267E-1));
#4865=CARTESIAN_POINT('',(-1.426034796241E-1,3.947047531752E0,
8.030705642121E-1));
#4866=CARTESIAN_POINT('',(7.857259736643E-4,3.958296534358E0,
8.157839599945E-1));
#4867=CARTESIAN_POINT('',(1.438991512688E-1,3.969526785657E0,
8.027915727091E-1));
#4868=CARTESIAN_POINT('',(2.791155937246E-1,3.980472380383E0,
7.663037900798E-1));
#4869=CARTESIAN_POINT('',(4.086717420729E-1,3.991641319615E0,
7.059946825274E-1));
#4870=CARTESIAN_POINT('',(5.267845154341E-1,4.002926224797E0,
6.228749320525E-1));
#4871=CARTESIAN_POINT('',(6.276603699132E-1,4.014141703068E0,
5.208057744168E-1));
#4872=CARTESIAN_POINT('',(7.076595039E-1,4.025114909079E0,4.054121510893E-1));
#4873=CARTESIAN_POINT('',(7.672588723577E-1,4.036208541848E0,
2.766005731554E-1));
#4874=CARTESIAN_POINT('',(8.033264630100E-1,4.047202411849E0,
1.406275248487E-1));
#4875=CARTESIAN_POINT('',(8.115E-1,4.054558439794E0,4.686993709416E-2));
#4876=CARTESIAN_POINT('',(8.115E-1,4.058235374937E0,0.E0));
#4878=CARTESIAN_POINT('',(8.115E-1,3.925896426422E0,0.E0));
#4879=CARTESIAN_POINT('',(8.115E-1,3.922245497409E0,4.653843663317E-2));
#4880=CARTESIAN_POINT('',(8.034854614694E-1,3.914906718464E0,
1.400920637972E-1));
#4881=CARTESIAN_POINT('',(7.668637789918E-1,3.903752703908E0,
2.780488745071E-1));
#4882=CARTESIAN_POINT('',(7.062963278867E-1,3.892558093342E0,
4.078519842812E-1));
#4883=CARTESIAN_POINT('',(6.258204278677E-1,3.881580557744E0,
5.229777148663E-1));
#4884=CARTESIAN_POINT('',(5.251209276154E-1,3.870421419364E0,
6.242065264764E-1));
#4885=CARTESIAN_POINT('',(4.080911175930E-1,3.859256710367E0,
7.061493968156E-1));
#4886=CARTESIAN_POINT('',(2.809831425025E-1,3.848289889586E0,
7.655798480093E-1));
#4887=CARTESIAN_POINT('',(1.446125556075E-1,3.837242779423E0,
8.027511695338E-1));
#4888=CARTESIAN_POINT('',(9.434202612221E-4,3.825970188180E0,
8.157961752920E-1));
#4889=CARTESIAN_POINT('',(-1.428094501563E-1,3.814692524024E0,
8.030609355668E-1));
#4890=CARTESIAN_POINT('',(-2.791507194425E-1,3.803656758691E0,
7.662904864092E-1));
#4891=CARTESIAN_POINT('',(-4.069971776011E-1,3.792632708352E0,
7.067350814324E-1));
#4892=CARTESIAN_POINT('',(-5.226008124803E-1,3.781621993411E0,
6.261913467373E-1));
#4893=CARTESIAN_POINT('',(-6.234366074730E-1,3.770501313648E0,
5.258163767632E-1));
#4894=CARTESIAN_POINT('',(-7.044387305653E-1,3.759524786307E0,
4.110706088489E-1));
#4895=CARTESIAN_POINT('',(-7.658932976942E-1,3.748278117704E0,
2.809414271726E-1));
#4896=CARTESIAN_POINT('',(-8.033545819540E-1,3.736988401117E0,
1.414003282064E-1));
#4897=CARTESIAN_POINT('',(-8.115E-1,3.729582003460E0,4.698009544476E-2));
#4898=CARTESIAN_POINT('',(-8.115E-1,3.725896426422E0,0.E0));
#4900=DIRECTION('',(0.E0,-1.E0,0.E0));
#4901=VECTOR('',#4900,1.323389485156E-1);
#4902=CARTESIAN_POINT('',(8.115E-1,4.058235374937E0,0.E0));
#4903=LINE('',#4902,#4901);
#4904=CARTESIAN_POINT('',(-8.115E-1,3.458235374937E0,0.E0));
#4905=CARTESIAN_POINT('',(-8.115E-1,3.461920951976E0,4.698009544476E-2));
#4906=CARTESIAN_POINT('',(-8.033545819540E-1,3.469327349633E0,
1.414003282064E-1));
#4907=CARTESIAN_POINT('',(-7.658932976942E-1,3.480617066219E0,
2.809414271726E-1));
#4908=CARTESIAN_POINT('',(-7.044387305653E-1,3.491863734823E0,
4.110706088489E-1));
#4909=CARTESIAN_POINT('',(-6.234366074730E-1,3.502840262163E0,
5.258163767632E-1));
#4910=CARTESIAN_POINT('',(-5.226008124803E-1,3.513960941926E0,
6.261913467373E-1));
#4911=CARTESIAN_POINT('',(-4.069971776011E-1,3.524971656867E0,
7.067350814324E-1));
#4912=CARTESIAN_POINT('',(-2.791507194425E-1,3.535995707207E0,
7.662904864092E-1));
#4913=CARTESIAN_POINT('',(-1.428094501563E-1,3.547031472539E0,
8.030609355668E-1));
#4914=CARTESIAN_POINT('',(9.434202612228E-4,3.558309136695E0,
8.157961752920E-1));
#4915=CARTESIAN_POINT('',(1.446125556075E-1,3.569581727938E0,
8.027511695338E-1));
#4916=CARTESIAN_POINT('',(2.809831425025E-1,3.580628838101E0,
7.655798480093E-1));
#4917=CARTESIAN_POINT('',(4.080911175930E-1,3.591595658883E0,
7.061493968156E-1));
#4918=CARTESIAN_POINT('',(5.251209276154E-1,3.602760367879E0,
6.242065264764E-1));
#4919=CARTESIAN_POINT('',(6.258204278677E-1,3.613919506260E0,
5.229777148663E-1));
#4920=CARTESIAN_POINT('',(7.062963278867E-1,3.624897041858E0,
4.078519842812E-1));
#4921=CARTESIAN_POINT('',(7.668637789918E-1,3.636091652423E0,
2.780488745071E-1));
#4922=CARTESIAN_POINT('',(8.034854614694E-1,3.647245666979E0,
1.400920637972E-1));
#4923=CARTESIAN_POINT('',(8.115E-1,3.654584445925E0,4.653843663317E-2));
#4924=CARTESIAN_POINT('',(8.115E-1,3.658235374937E0,0.E0));
#4926=CARTESIAN_POINT('',(8.115E-1,3.525896426422E0,0.E0));
#4927=CARTESIAN_POINT('',(8.115E-1,3.522211070490E0,4.697727699672E-2));
#4928=CARTESIAN_POINT('',(8.033572213885E-1,3.514805502237E0,
1.413876190799E-1));
#4929=CARTESIAN_POINT('',(7.658971401707E-1,3.503516630658E0,
2.809160243447E-1));
#4930=CARTESIAN_POINT('',(7.044894219239E-1,3.492275089974E0,
4.109975595691E-1));
#4931=CARTESIAN_POINT('',(6.234286237942E-1,3.481292505818E0,
5.257930166428E-1));
#4932=CARTESIAN_POINT('',(5.231613900703E-1,3.470230439692E0,
6.256713333008E-1));
#4933=CARTESIAN_POINT('',(4.077923946681E-1,3.459230595760E0,
7.063065968691E-1));
#4934=CARTESIAN_POINT('',(2.794345210740E-1,3.448159202820E0,
7.662039546131E-1));
#4935=CARTESIAN_POINT('',(1.432666733354E-1,3.437136810971E0,
8.029651510110E-1));
#4936=CARTESIAN_POINT('',(-4.738207145606E-4,3.425859372645E0,
8.158076048848E-1));
#4937=CARTESIAN_POINT('',(-1.441994459868E-1,3.414582396701E0,
8.028036081416E-1));
#4938=CARTESIAN_POINT('',(-2.802480589133E-1,3.403564673975E0,
7.658707243974E-1));
#4939=CARTESIAN_POINT('',(-4.084886536628E-1,3.392503943193E0,
7.060165392583E-1));
#4940=CARTESIAN_POINT('',(-5.263067940802E-1,3.381253513961E0,
6.232655274665E-1));
#4941=CARTESIAN_POINT('',(-6.270653924719E-1,3.370061032253E0,
5.214931231536E-1));
#4942=CARTESIAN_POINT('',(-7.072166849471E-1,3.359090127096E0,
4.062403778088E-1));
#4943=CARTESIAN_POINT('',(-7.672707718714E-1,3.347930826333E0,
2.767082224022E-1));
#4944=CARTESIAN_POINT('',(-8.033912574083E-1,3.336902246314E0,
1.402842472151E-1));
#4945=CARTESIAN_POINT('',(-8.115E-1,3.329559158352E0,4.668888857590E-2));
#4946=CARTESIAN_POINT('',(-8.115E-1,3.325896426422E0,0.E0));
#4948=DIRECTION('',(0.E0,-1.E0,0.E0));
#4949=VECTOR('',#4948,1.323389485154E-1);
#4950=CARTESIAN_POINT('',(8.115E-1,3.658235374937E0,0.E0));
#4951=LINE('',#4950,#4949);
#4952=CARTESIAN_POINT('',(-8.115E-1,3.058235374937E0,0.E0));
#4953=CARTESIAN_POINT('',(-8.115E-1,3.061898106868E0,4.668888857590E-2));
#4954=CARTESIAN_POINT('',(-8.033912574083E-1,3.069241194829E0,
1.402842472151E-1));
#4955=CARTESIAN_POINT('',(-7.672707718714E-1,3.080269774849E0,
2.767082224022E-1));
#4956=CARTESIAN_POINT('',(-7.072166849471E-1,3.091429075612E0,
4.062403778088E-1));
#4957=CARTESIAN_POINT('',(-6.270653924719E-1,3.102399980769E0,
5.214931231536E-1));
#4958=CARTESIAN_POINT('',(-5.263067940802E-1,3.113592462477E0,
6.232655274665E-1));
#4959=CARTESIAN_POINT('',(-4.084886536628E-1,3.124842891709E0,
7.060165392583E-1));
#4960=CARTESIAN_POINT('',(-2.802480589133E-1,3.135903622490E0,
7.658707243974E-1));
#4961=CARTESIAN_POINT('',(-1.441994459868E-1,3.146921345216E0,
8.028036081416E-1));
#4962=CARTESIAN_POINT('',(-4.738207145643E-4,3.158198321161E0,
8.158076048848E-1));
#4963=CARTESIAN_POINT('',(1.432666733354E-1,3.169475759486E0,
8.029651510110E-1));
#4964=CARTESIAN_POINT('',(2.794345210740E-1,3.180498151335E0,
7.662039546131E-1));
#4965=CARTESIAN_POINT('',(4.077923946681E-1,3.191569544276E0,
7.063065968691E-1));
#4966=CARTESIAN_POINT('',(5.231613900703E-1,3.202569388208E0,
6.256713333008E-1));
#4967=CARTESIAN_POINT('',(6.234286237942E-1,3.213631454334E0,
5.257930166428E-1));
#4968=CARTESIAN_POINT('',(7.044894219239E-1,3.224614038490E0,
4.109975595691E-1));
#4969=CARTESIAN_POINT('',(7.658971401707E-1,3.235855579173E0,
2.809160243447E-1));
#4970=CARTESIAN_POINT('',(8.033572213885E-1,3.247144450752E0,
1.413876190799E-1));
#4971=CARTESIAN_POINT('',(8.115E-1,3.254550019005E0,4.697727699672E-2));
#4972=CARTESIAN_POINT('',(8.115E-1,3.258235374937E0,0.E0));
#4974=CARTESIAN_POINT('',(8.115E-1,3.125896426422E0,0.E0));
#4975=CARTESIAN_POINT('',(8.115E-1,3.122210245095E0,4.698779831419E-2));
#4976=CARTESIAN_POINT('',(8.033542039993E-1,3.114803030376E0,
1.414197850549E-1));
#4977=CARTESIAN_POINT('',(7.658745796792E-1,3.103511571731E0,
2.809753098790E-1));
#4978=CARTESIAN_POINT('',(7.044506798865E-1,3.092267717637E0,
4.110882422484E-1));
#4979=CARTESIAN_POINT('',(6.233284386127E-1,3.081283773162E0,
5.258477086486E-1));
#4980=CARTESIAN_POINT('',(5.234959950294E-1,3.070259984180E0,
6.254861804221E-1));
#4981=CARTESIAN_POINT('',(4.059152757738E-1,3.059055813810E0,
7.075268021095E-1));
#4982=CARTESIAN_POINT('',(2.768206156342E-1,3.047942832194E0,
7.671418672509E-1));
#4983=CARTESIAN_POINT('',(1.407249753629E-1,3.036935677972E0,
8.033926714598E-1));
#4984=CARTESIAN_POINT('',(-2.133448147593E-3,3.025729987943E0,
8.157037030274E-1));
#4985=CARTESIAN_POINT('',(-1.436112207480E-1,3.014627028767E0,
8.027791237990E-1));
#4986=CARTESIAN_POINT('',(-2.786599606480E-1,3.003697337683E0,
7.664801746158E-1));
#4987=CARTESIAN_POINT('',(-4.083386366913E-1,2.992520842752E0,
7.061925012522E-1));
#4988=CARTESIAN_POINT('',(-5.265094461438E-1,2.981233235550E0,
6.231017192951E-1));
#4989=CARTESIAN_POINT('',(-6.274506284944E-1,2.970017863915E0,
5.210892899093E-1));
#4990=CARTESIAN_POINT('',(-7.075354974569E-1,2.959030117531E0,
4.055408342679E-1));
#4991=CARTESIAN_POINT('',(-7.668238605545E-1,2.948022649215E0,
2.777939262676E-1));
#4992=CARTESIAN_POINT('',(-8.033554809689E-1,2.936942134227E0,
1.408027208311E-1));
#4993=CARTESIAN_POINT('',(-8.115E-1,2.929578443434E0,4.693471574308E-2));
#4994=CARTESIAN_POINT('',(-8.115E-1,2.925896426422E0,0.E0));
#4996=DIRECTION('',(0.E0,-1.E0,0.E0));
#4997=VECTOR('',#4996,1.323389485155E-1);
#4998=CARTESIAN_POINT('',(8.115E-1,3.258235374937E0,0.E0));
#4999=LINE('',#4998,#4997);
#5000=CARTESIAN_POINT('',(-8.115E-1,2.658235374937E0,0.E0));
#5001=CARTESIAN_POINT('',(-8.115E-1,2.661917391949E0,4.693471574308E-2));
#5002=CARTESIAN_POINT('',(-8.033554809689E-1,2.669281082743E0,
1.408027208311E-1));
#5003=CARTESIAN_POINT('',(-7.668238605545E-1,2.680361597731E0,
2.777939262676E-1));
#5004=CARTESIAN_POINT('',(-7.075354974569E-1,2.691369066047E0,
4.055408342679E-1));
#5005=CARTESIAN_POINT('',(-6.274506284944E-1,2.702356812430E0,
5.210892899092E-1));
#5006=CARTESIAN_POINT('',(-5.265094461438E-1,2.713572184066E0,
6.231017192951E-1));
#5007=CARTESIAN_POINT('',(-4.083386366913E-1,2.724859791268E0,
7.061925012522E-1));
#5008=CARTESIAN_POINT('',(-2.786599606480E-1,2.736036286199E0,
7.664801746158E-1));
#5009=CARTESIAN_POINT('',(-1.436112207480E-1,2.746965977283E0,
8.027791237990E-1));
#5010=CARTESIAN_POINT('',(-2.133448147591E-3,2.758068936459E0,
8.157037030274E-1));
#5011=CARTESIAN_POINT('',(1.407249753629E-1,2.769274626488E0,
8.033926714598E-1));
#5012=CARTESIAN_POINT('',(2.768206156343E-1,2.780281780709E0,
7.671418672509E-1));
#5013=CARTESIAN_POINT('',(4.059152757738E-1,2.791394762326E0,
7.075268021095E-1));
#5014=CARTESIAN_POINT('',(5.234959950294E-1,2.802598932696E0,
6.254861804221E-1));
#5015=CARTESIAN_POINT('',(6.233284386127E-1,2.813622721678E0,
5.258477086486E-1));
#5016=CARTESIAN_POINT('',(7.044506798865E-1,2.824606666153E0,
4.110882422484E-1));
#5017=CARTESIAN_POINT('',(7.658745796792E-1,2.835850520246E0,
2.809753098790E-1));
#5018=CARTESIAN_POINT('',(8.033542039993E-1,2.847141978892E0,
1.414197850549E-1));
#5019=CARTESIAN_POINT('',(8.115E-1,2.854549193610E0,4.698779831419E-2));
#5020=CARTESIAN_POINT('',(8.115E-1,2.858235374937E0,0.E0));
#5022=CARTESIAN_POINT('',(8.115E-1,2.725896426422E0,0.E0));
#5023=CARTESIAN_POINT('',(8.115E-1,2.722215342301E0,4.692282416055E-2));
#5024=CARTESIAN_POINT('',(8.033785134971E-1,2.714827968977E0,
1.410997527348E-1));
#5025=CARTESIAN_POINT('',(7.661766581938E-1,2.703591584585E0,
2.799967395022E-1));
#5026=CARTESIAN_POINT('',(7.054797256645E-1,2.692439003248E0,
4.091424238926E-1));
#5027=CARTESIAN_POINT('',(6.253093425696E-1,2.681518058463E0,
5.235934203108E-1));
#5028=CARTESIAN_POINT('',(5.239295218390E-1,2.670295403953E0,
6.252914653666E-1));
#5029=CARTESIAN_POINT('',(4.055391663841E-1,2.659021411572E0,
7.077656436373E-1));
#5030=CARTESIAN_POINT('',(2.760636774120E-1,2.647879701945E0,
7.674299309460E-1));
#5031=CARTESIAN_POINT('',(1.402804678099E-1,2.636901659974E0,
8.033896210275E-1));
#5032=CARTESIAN_POINT('',(-5.229086872313E-4,2.625855572736E0,
8.155891801559E-1));
#5033=CARTESIAN_POINT('',(-1.409714860885E-1,2.614836309148E0,
8.032528632002E-1));
#5034=CARTESIAN_POINT('',(-2.767388655588E-1,2.603857198090E0,
7.671924730366E-1));
#5035=CARTESIAN_POINT('',(-4.061846171448E-1,2.592713442879E0,
7.073959773077E-1));
#5036=CARTESIAN_POINT('',(-5.245014798384E-1,2.581439039626E0,
6.248095512580E-1));
#5037=CARTESIAN_POINT('',(-6.257754327410E-1,2.570218418580E0,
5.230406066204E-1));
#5038=CARTESIAN_POINT('',(-7.058268313914E-1,2.559297774892E0,
4.085137637164E-1));
#5039=CARTESIAN_POINT('',(-7.662466913084E-1,2.548180477455E0,
2.797380692407E-1));
#5040=CARTESIAN_POINT('',(-8.033849169469E-1,2.536959136211E0,
1.410269795146E-1));
#5041=CARTESIAN_POINT('',(-8.115E-1,2.529576889048E0,4.691490197351E-2));
#5042=CARTESIAN_POINT('',(-8.115E-1,2.525896426422E0,0.E0));
#5044=DIRECTION('',(0.E0,-1.E0,0.E0));
#5045=VECTOR('',#5044,1.323389485156E-1);
#5046=CARTESIAN_POINT('',(8.115E-1,2.858235374937E0,0.E0));
#5047=LINE('',#5046,#5045);
#5048=CARTESIAN_POINT('',(-8.115E-1,2.258235374937E0,0.E0));
#5049=CARTESIAN_POINT('',(-8.115E-1,2.261915837564E0,4.691490197350E-2));
#5050=CARTESIAN_POINT('',(-8.033849169469E-1,2.269298084727E0,
1.410269795146E-1));
#5051=CARTESIAN_POINT('',(-7.662466913084E-1,2.280519425970E0,
2.797380692407E-1));
#5052=CARTESIAN_POINT('',(-7.058268313914E-1,2.291636723407E0,
4.085137637164E-1));
#5053=CARTESIAN_POINT('',(-6.257754327410E-1,2.302557367095E0,
5.230406066204E-1));
#5054=CARTESIAN_POINT('',(-5.245014798384E-1,2.313777988142E0,
6.248095512580E-1));
#5055=CARTESIAN_POINT('',(-4.061846171448E-1,2.325052391394E0,
7.073959773077E-1));
#5056=CARTESIAN_POINT('',(-2.767388655588E-1,2.336196146605E0,
7.671924730366E-1));
#5057=CARTESIAN_POINT('',(-1.409714860885E-1,2.347175257664E0,
8.032528632002E-1));
#5058=CARTESIAN_POINT('',(-5.229086872288E-4,2.358194521251E0,
8.155891801559E-1));
#5059=CARTESIAN_POINT('',(1.402804678099E-1,2.369240608490E0,
8.033896210275E-1));
#5060=CARTESIAN_POINT('',(2.760636774120E-1,2.380218650461E0,
7.674299309460E-1));
#5061=CARTESIAN_POINT('',(4.055391663841E-1,2.391360360087E0,
7.077656436373E-1));
#5062=CARTESIAN_POINT('',(5.239295218390E-1,2.402634352468E0,
6.252914653666E-1));
#5063=CARTESIAN_POINT('',(6.253093425696E-1,2.413857006978E0,
5.235934203108E-1));
#5064=CARTESIAN_POINT('',(7.054797256645E-1,2.424777951763E0,
4.091424238926E-1));
#5065=CARTESIAN_POINT('',(7.661766581938E-1,2.435930533100E0,
2.799967395022E-1));
#5066=CARTESIAN_POINT('',(8.033785134971E-1,2.447166917492E0,
1.410997527348E-1));
#5067=CARTESIAN_POINT('',(8.115E-1,2.454554290817E0,4.692282416056E-2));
#5068=CARTESIAN_POINT('',(8.115E-1,2.458235374937E0,0.E0));
#5070=CARTESIAN_POINT('',(8.115E-1,2.325896426422E0,0.E0));
#5071=CARTESIAN_POINT('',(8.115E-1,2.322214361253E0,4.693532959315E-2));
#5072=CARTESIAN_POINT('',(8.033538255966E-1,2.314850710288E0,
1.408024483513E-1));
#5073=CARTESIAN_POINT('',(7.668357428902E-1,2.303773070387E0,
2.777592386903E-1));
#5074=CARTESIAN_POINT('',(7.075451437999E-1,2.292764071739E0,
4.055264979658E-1));
#5075=CARTESIAN_POINT('',(6.274565114430E-1,2.281775667164E0,
5.210829953565E-1));
#5076=CARTESIAN_POINT('',(5.265069328782E-1,2.270559330593E0,
6.231043543469E-1));
#5077=CARTESIAN_POINT('',(4.083368965011E-1,2.259271871732E0,
7.061932477152E-1));
#5078=CARTESIAN_POINT('',(2.786662351245E-1,2.248096065303E0,
7.664764050458E-1));
#5079=CARTESIAN_POINT('',(1.436337566096E-1,2.237167593665E0,
8.027767367619E-1));
#5080=CARTESIAN_POINT('',(2.095300592990E-3,2.226059879895E0,
8.157066235668E-1));
#5081=CARTESIAN_POINT('',(-1.407748275978E-1,2.214853231635E0,
8.033837949802E-1));
#5082=CARTESIAN_POINT('',(-2.768698919208E-1,2.203845935999E0,
7.671243548470E-1));
#5083=CARTESIAN_POINT('',(-4.059603963138E-1,2.192732958572E0,
7.075002311184E-1));
#5084=CARTESIAN_POINT('',(-5.235136848201E-1,2.181530891598E0,
6.254679243808E-1));
#5085=CARTESIAN_POINT('',(-6.233175295831E-1,2.170510334029E0,
5.258595317415E-1));
#5086=CARTESIAN_POINT('',(-7.044529101923E-1,2.159524979884E0,
4.110873122219E-1));
#5087=CARTESIAN_POINT('',(-7.658796043002E-1,2.148280174820E0,
2.809619947347E-1));
#5088=CARTESIAN_POINT('',(-8.033556805769E-1,2.136988978774E0,
1.414090607564E-1));
#5089=CARTESIAN_POINT('',(-8.115E-1,2.129582247326E0,4.698320400017E-2));
#5090=CARTESIAN_POINT('',(-8.115E-1,2.125896426422E0,0.E0));
#5092=DIRECTION('',(0.E0,-1.E0,0.E0));
#5093=VECTOR('',#5092,1.323389485154E-1);
#5094=CARTESIAN_POINT('',(8.115E-1,2.458235374937E0,0.E0));
#5095=LINE('',#5094,#5093);
#5096=CARTESIAN_POINT('',(-8.115E-1,1.858235374937E0,0.E0));
#5097=CARTESIAN_POINT('',(-8.115E-1,1.861921195841E0,4.698320400017E-2));
#5098=CARTESIAN_POINT('',(-8.033556805769E-1,1.869327927290E0,
1.414090607564E-1));
#5099=CARTESIAN_POINT('',(-7.658796043002E-1,1.880619123335E0,
2.809619947347E-1));
#5100=CARTESIAN_POINT('',(-7.044529101923E-1,1.891863928400E0,
4.110873122219E-1));
#5101=CARTESIAN_POINT('',(-6.233175295831E-1,1.902849282545E0,
5.258595317415E-1));
#5102=CARTESIAN_POINT('',(-5.235136848201E-1,1.913869840113E0,
6.254679243808E-1));
#5103=CARTESIAN_POINT('',(-4.059603963138E-1,1.925071907087E0,
7.075002311184E-1));
#5104=CARTESIAN_POINT('',(-2.768698919209E-1,1.936184884515E0,
7.671243548470E-1));
#5105=CARTESIAN_POINT('',(-1.407748275978E-1,1.947192180150E0,
8.033837949802E-1));
#5106=CARTESIAN_POINT('',(2.095300592986E-3,1.958398828411E0,
8.157066235668E-1));
#5107=CARTESIAN_POINT('',(1.436337566096E-1,1.969506542180E0,
8.027767367619E-1));
#5108=CARTESIAN_POINT('',(2.786662351245E-1,1.980435013819E0,
7.664764050458E-1));
#5109=CARTESIAN_POINT('',(4.083368965011E-1,1.991610820247E0,
7.061932477152E-1));
#5110=CARTESIAN_POINT('',(5.265069328782E-1,2.002898279109E0,
6.231043543469E-1));
#5111=CARTESIAN_POINT('',(6.274565114430E-1,2.014114615680E0,
5.210829953565E-1));
#5112=CARTESIAN_POINT('',(7.075451437999E-1,2.025103020254E0,
4.055264979659E-1));
#5113=CARTESIAN_POINT('',(7.668357428902E-1,2.036112018902E0,
2.777592386903E-1));
#5114=CARTESIAN_POINT('',(8.033538255966E-1,2.047189658804E0,
1.408024483513E-1));
#5115=CARTESIAN_POINT('',(8.115E-1,2.054553309769E0,4.693532959315E-2));
#5116=CARTESIAN_POINT('',(8.115E-1,2.058235374937E0,0.E0));
#5118=CARTESIAN_POINT('',(8.115E-1,1.925896426422E0,0.E0));
#5119=CARTESIAN_POINT('',(8.115E-1,1.922234078166E0,4.668399786878E-2));
#5120=CARTESIAN_POINT('',(8.033941630543E-1,1.914891209569E0,
1.402769428494E-1));
#5121=CARTESIAN_POINT('',(7.672602859849E-1,1.903859196220E0,
2.767429336907E-1));
#5122=CARTESIAN_POINT('',(7.071934377505E-1,1.892699055017E0,
4.062813524479E-1));
#5123=CARTESIAN_POINT('',(6.270305020205E-1,1.881727523895E0,
5.215356466478E-1));
#5124=CARTESIAN_POINT('',(5.262651429637E-1,1.870535129639E0,
6.233000053346E-1));
#5125=CARTESIAN_POINT('',(4.084646101712E-1,1.859286889048E0,
7.060264845038E-1));
#5126=CARTESIAN_POINT('',(2.802794840972E-1,1.848230824303E0,
7.658580961968E-1));
#5127=CARTESIAN_POINT('',(1.442076935879E-1,1.837211076539E0,
8.028039438010E-1));
#5128=CARTESIAN_POINT('',(4.741411486775E-4,1.825933512350E0,
8.158073077614E-1));
#5129=CARTESIAN_POINT('',(-1.432602248270E-1,1.814656546326E0,
8.029659945387E-1));
#5130=CARTESIAN_POINT('',(-2.794251453573E-1,1.803634427887E0,
7.662071852533E-1));
#5131=CARTESIAN_POINT('',(-4.077753480212E-1,1.792563734973E0,
7.063150846652E-1));
#5132=CARTESIAN_POINT('',(-5.231347099061E-1,1.781565165615E0,
6.256943099686E-1));
#5133=CARTESIAN_POINT('',(-6.234244020206E-1,1.770500949064E0,
5.257996716809E-1));
#5134=CARTESIAN_POINT('',(-7.044872642505E-1,1.759518164788E0,
4.110021555134E-1));
#5135=CARTESIAN_POINT('',(-7.659019126531E-1,1.748275271831E0,
2.809048569406E-1));
#5136=CARTESIAN_POINT('',(-8.033583613478E-1,1.736986631384E0,
1.413783998457E-1));
#5137=CARTESIAN_POINT('',(-8.115E-1,1.729581457293E0,4.697313344391E-2));
#5138=CARTESIAN_POINT('',(-8.115E-1,1.725896426422E0,0.E0));
#5140=DIRECTION('',(0.E0,-1.E0,0.E0));
#5141=VECTOR('',#5140,1.323389485155E-1);
#5142=CARTESIAN_POINT('',(8.115E-1,2.058235374937E0,0.E0));
#5143=LINE('',#5142,#5141);
#5144=CARTESIAN_POINT('',(-8.115E-1,1.458235374937E0,0.E0));
#5145=CARTESIAN_POINT('',(-8.115E-1,1.461920405808E0,4.697313344391E-2));
#5146=CARTESIAN_POINT('',(-8.033583613478E-1,1.469325579899E0,
1.413783998457E-1));
#5147=CARTESIAN_POINT('',(-7.659019126531E-1,1.480614220347E0,
2.809048569406E-1));
#5148=CARTESIAN_POINT('',(-7.044872642505E-1,1.491857113304E0,
4.110021555134E-1));
#5149=CARTESIAN_POINT('',(-6.234244020206E-1,1.502839897580E0,
5.257996716809E-1));
#5150=CARTESIAN_POINT('',(-5.231347099061E-1,1.513904114130E0,
6.256943099686E-1));
#5151=CARTESIAN_POINT('',(-4.077753480212E-1,1.524902683489E0,
7.063150846652E-1));
#5152=CARTESIAN_POINT('',(-2.794251453573E-1,1.535973376402E0,
7.662071852533E-1));
#5153=CARTESIAN_POINT('',(-1.432602248270E-1,1.546995494841E0,
8.029659945387E-1));
#5154=CARTESIAN_POINT('',(4.741411486834E-4,1.558272460866E0,
8.158073077614E-1));
#5155=CARTESIAN_POINT('',(1.442076935879E-1,1.569550025055E0,
8.028039438010E-1));
#5156=CARTESIAN_POINT('',(2.802794840972E-1,1.580569772818E0,
7.658580961968E-1));
#5157=CARTESIAN_POINT('',(4.084646101712E-1,1.591625837563E0,
7.060264845038E-1));
#5158=CARTESIAN_POINT('',(5.262651429637E-1,1.602874078154E0,
6.233000053346E-1));
#5159=CARTESIAN_POINT('',(6.270305020205E-1,1.614066472410E0,
5.215356466478E-1));
#5160=CARTESIAN_POINT('',(7.071934377505E-1,1.625038003532E0,
4.062813524479E-1));
#5161=CARTESIAN_POINT('',(7.672602859849E-1,1.636198144736E0,
2.767429336907E-1));
#5162=CARTESIAN_POINT('',(8.033941630543E-1,1.647230158085E0,
1.402769428494E-1));
#5163=CARTESIAN_POINT('',(8.115E-1,1.654573026681E0,4.668399786878E-2));
#5164=CARTESIAN_POINT('',(8.115E-1,1.658235374937E0,0.E0));
#5166=CARTESIAN_POINT('',(8.115E-1,1.525896426422E0,0.E0));
#5167=CARTESIAN_POINT('',(8.115E-1,1.522220777925E0,4.685353619657E-2));
#5168=CARTESIAN_POINT('',(8.033980373250E-1,1.514831607339E0,
1.410545376175E-1));
#5169=CARTESIAN_POINT('',(7.660868502581E-1,1.503560981429E0,
2.803808912721E-1));
#5170=CARTESIAN_POINT('',(7.047929915318E-1,1.492323233241E0,
4.104590478637E-1));
#5171=CARTESIAN_POINT('',(6.238785045715E-1,1.481344718390E0,
5.252967606102E-1));
#5172=CARTESIAN_POINT('',(5.230268007643E-1,1.470213010032E0,
6.258602977325E-1));
#5173=CARTESIAN_POINT('',(4.071837658096E-1,1.459176811557E0,
7.066299607520E-1));
#5174=CARTESIAN_POINT('',(2.795488197188E-1,1.448169457966E0,
7.661372954239E-1));
#5175=CARTESIAN_POINT('',(1.431468137748E-1,1.437126919687E0,
8.030073928451E-1));
#5176=CARTESIAN_POINT('',(-6.190915919119E-4,1.425848013921E0,
8.157959852919E-1));
#5177=CARTESIAN_POINT('',(-1.443107850164E-1,1.414573999533E0,
8.028073051267E-1));
#5178=CARTESIAN_POINT('',(-2.807334798207E-1,1.403523863499E0,
7.656749104438E-1));
#5179=CARTESIAN_POINT('',(-4.078306985670E-1,1.392559031302E0,
7.062851956516E-1));
#5180=CARTESIAN_POINT('',(-5.246321137241E-1,1.381420302861E0,
6.245977742978E-1));
#5181=CARTESIAN_POINT('',(-6.253674548238E-1,1.370267426944E0,
5.235202485087E-1));
#5182=CARTESIAN_POINT('',(-7.059593268516E-1,1.359287716098E0,
4.084412729467E-1));
#5183=CARTESIAN_POINT('',(-7.667032206091E-1,1.348081000984E0,
2.785473469458E-1));
#5184=CARTESIAN_POINT('',(-8.034832365113E-1,1.336895404180E0,
1.402124150875E-1));
#5185=CARTESIAN_POINT('',(-8.115E-1,1.329549607127E0,4.656713899832E-2));
#5186=CARTESIAN_POINT('',(-8.115E-1,1.325896426422E0,0.E0));
#5188=DIRECTION('',(0.E0,-1.E0,0.E0));
#5189=VECTOR('',#5188,1.323389485156E-1);
#5190=CARTESIAN_POINT('',(8.115E-1,1.658235374937E0,0.E0));
#5191=LINE('',#5190,#5189);
#5192=CARTESIAN_POINT('',(-8.115E-1,1.058235374937E0,0.E0));
#5193=CARTESIAN_POINT('',(-8.115E-1,1.061888555643E0,4.656713899832E-2));
#5194=CARTESIAN_POINT('',(-8.034832365113E-1,1.069234352695E0,
1.402124150875E-1));
#5195=CARTESIAN_POINT('',(-7.667032206091E-1,1.080419949499E0,
2.785473469458E-1));
#5196=CARTESIAN_POINT('',(-7.059593268516E-1,1.091626664614E0,
4.084412729467E-1));
#5197=CARTESIAN_POINT('',(-6.253674548238E-1,1.102606375460E0,
5.235202485087E-1));
#5198=CARTESIAN_POINT('',(-5.246321137241E-1,1.113759251377E0,
6.245977742978E-1));
#5199=CARTESIAN_POINT('',(-4.078306985670E-1,1.124897979817E0,
7.062851956516E-1));
#5200=CARTESIAN_POINT('',(-2.807334798207E-1,1.135862812014E0,
7.656749104438E-1));
#5201=CARTESIAN_POINT('',(-1.443107850164E-1,1.146912948048E0,
8.028073051267E-1));
#5202=CARTESIAN_POINT('',(-6.190915919140E-4,1.158186962437E0,
8.157959852919E-1));
#5203=CARTESIAN_POINT('',(1.431468137748E-1,1.169465868203E0,
8.030073928451E-1));
#5204=CARTESIAN_POINT('',(2.795488197188E-1,1.180508406482E0,
7.661372954239E-1));
#5205=CARTESIAN_POINT('',(4.071837658096E-1,1.191515760073E0,
7.066299607520E-1));
#5206=CARTESIAN_POINT('',(5.230268007643E-1,1.202551958547E0,
6.258602977325E-1));
#5207=CARTESIAN_POINT('',(6.238785045716E-1,1.213683666906E0,
5.252967606102E-1));
#5208=CARTESIAN_POINT('',(7.047929915318E-1,1.224662181756E0,
4.104590478637E-1));
#5209=CARTESIAN_POINT('',(7.660868502581E-1,1.235899929945E0,
2.803808912721E-1));
#5210=CARTESIAN_POINT('',(8.033980373250E-1,1.247170555855E0,
1.410545376175E-1));
#5211=CARTESIAN_POINT('',(8.115E-1,1.254559726441E0,4.685353619657E-2));
#5212=CARTESIAN_POINT('',(8.115E-1,1.258235374937E0,0.E0));
#5214=CARTESIAN_POINT('',(8.115E-1,1.125896426422E0,0.E0));
#5215=CARTESIAN_POINT('',(8.115E-1,1.122211138346E0,4.697641202514E-2));
#5216=CARTESIAN_POINT('',(8.033599165559E-1,1.114805922677E0,
1.413835237871E-1));
#5217=CARTESIAN_POINT('',(7.658903874014E-1,1.103516267172E0,
2.809164681672E-1));
#5218=CARTESIAN_POINT('',(7.045242534067E-1,1.092278519997E0,
4.109711980008E-1));
#5219=CARTESIAN_POINT('',(6.233220242242E-1,1.081283197557E0,
5.258534279046E-1));
#5220=CARTESIAN_POINT('',(5.238288730940E-1,1.070297810570E0,
6.251290024873E-1));
#5221=CARTESIAN_POINT('',(4.073343989989E-1,1.059185792796E0,
7.066535439780E-1));
#5222=CARTESIAN_POINT('',(2.786554910191E-1,1.048095028366E0,
7.664795462008E-1));
#5223=CARTESIAN_POINT('',(1.425419401888E-1,1.037079385915E0,
8.030819292694E-1));
#5224=CARTESIAN_POINT('',(-8.414031816688E-4,1.025830925686E0,
8.157821648644E-1));
#5225=CARTESIAN_POINT('',(-1.439079006120E-1,1.014604279053E0,
8.027871122600E-1));
#5226=CARTESIAN_POINT('',(-2.790982050011E-1,1.003660868765E0,
7.663103464001E-1));
#5227=CARTESIAN_POINT('',(-4.086765260411E-1,9.924901055528E-1,
7.059933593391E-1));
#5228=CARTESIAN_POINT('',(-5.267906560383E-1,9.812049184203E-1,
6.228690992779E-1));
#5229=CARTESIAN_POINT('',(-6.276604874700E-1,9.699900802812E-1,
5.208055195347E-1));
#5230=CARTESIAN_POINT('',(-7.076585497260E-1,9.590169280442E-1,
4.054121948960E-1));
#5231=CARTESIAN_POINT('',(-7.672511791035E-1,9.479249333296E-1,
2.766205527091E-1));
#5232=CARTESIAN_POINT('',(-8.033254041390E-1,9.369302369563E-1,
1.406384321007E-1));
#5233=CARTESIAN_POINT('',(-8.115E-1,9.295737275994E-1,4.687460294303E-2));
#5234=CARTESIAN_POINT('',(-8.115E-1,9.258964264219E-1,0.E0));
#5236=DIRECTION('',(0.E0,-1.E0,0.E0));
#5237=VECTOR('',#5236,1.323389485154E-1);
#5238=CARTESIAN_POINT('',(8.115E-1,1.258235374937E0,0.E0));
#5239=LINE('',#5238,#5237);
#5240=CARTESIAN_POINT('',(-8.115E-1,6.582353749374E-1,0.E0));
#5241=CARTESIAN_POINT('',(-8.115E-1,6.619126761149E-1,4.687460294302E-2));
#5242=CARTESIAN_POINT('',(-8.033254041390E-1,6.692691854718E-1,
1.406384321007E-1));
#5243=CARTESIAN_POINT('',(-7.672511791035E-1,6.802638818451E-1,
2.766205527091E-1));
#5244=CARTESIAN_POINT('',(-7.076585497260E-1,6.913558765597E-1,
4.054121948960E-1));
#5245=CARTESIAN_POINT('',(-6.276604874700E-1,7.023290287967E-1,
5.208055195347E-1));
#5246=CARTESIAN_POINT('',(-5.267906560383E-1,7.135438669358E-1,
6.228690992779E-1));
#5247=CARTESIAN_POINT('',(-4.086765260411E-1,7.248290540684E-1,
7.059933593391E-1));
#5248=CARTESIAN_POINT('',(-2.790982050011E-1,7.359998172801E-1,
7.663103464001E-1));
#5249=CARTESIAN_POINT('',(-1.439079006120E-1,7.469432275689E-1,
8.027871122600E-1));
#5250=CARTESIAN_POINT('',(-8.414031816664E-4,7.581698742013E-1,
8.157821648644E-1));
#5251=CARTESIAN_POINT('',(1.425419401888E-1,7.694183344305E-1,
8.030819292694E-1));
#5252=CARTESIAN_POINT('',(2.786554910191E-1,7.804339768815E-1,
7.664795462008E-1));
#5253=CARTESIAN_POINT('',(4.073343989989E-1,7.915247413110E-1,
7.066535439780E-1));
#5254=CARTESIAN_POINT('',(5.238288730940E-1,8.026367590850E-1,
6.251290024873E-1));
#5255=CARTESIAN_POINT('',(6.233220242242E-1,8.136221460724E-1,
5.258534279046E-1));
#5256=CARTESIAN_POINT('',(7.045242534067E-1,8.246174685124E-1,
4.109711980008E-1));
#5257=CARTESIAN_POINT('',(7.658903874014E-1,8.358552156879E-1,
2.809164681672E-1));
#5258=CARTESIAN_POINT('',(8.033599165559E-1,8.471448711925E-1,
1.413835237871E-1));
#5259=CARTESIAN_POINT('',(8.115E-1,8.545500868620E-1,4.697641202514E-2));
#5260=CARTESIAN_POINT('',(8.115E-1,8.582353749371E-1,0.E0));
#5262=CARTESIAN_POINT('',(8.115E-1,7.258964264224E-1,0.E0));
#5263=CARTESIAN_POINT('',(8.115E-1,7.222138875248E-1,4.694136822446E-2));
#5264=CARTESIAN_POINT('',(8.033656447354E-1,7.148135014093E-1,
1.412841780252E-1));
#5265=CARTESIAN_POINT('',(7.659804027452E-1,7.035353173027E-1,
2.806928586483E-1));
#5266=CARTESIAN_POINT('',(7.045963316919E-1,6.922945681793E-1,
4.107701882299E-1));
#5267=CARTESIAN_POINT('',(6.238959667733E-1,6.813484301935E-1,
5.252454768780E-1));
#5268=CARTESIAN_POINT('',(5.227371484794E-1,6.701761300636E-1,
6.262484500576E-1));
#5269=CARTESIAN_POINT('',(4.043730983369E-1,6.589166928423E-1,
7.084292286044E-1));
#5270=CARTESIAN_POINT('',(2.749191233383E-1,6.477850076216E-1,
7.678257757243E-1));
#5271=CARTESIAN_POINT('',(1.390323135401E-1,6.368022582027E-1,
8.036553733196E-1));
#5272=CARTESIAN_POINT('',(-2.923940845927E-3,6.256680458936E-1,
8.156118091475E-1));
#5273=CARTESIAN_POINT('',(-1.429480944617E-1,6.146793928134E-1,
8.028723622674E-1));
#5274=CARTESIAN_POINT('',(-2.784979923428E-1,6.037111058743E-1,
7.665597998307E-1));
#5275=CARTESIAN_POINT('',(-4.079055642102E-1,5.925590137894E-1,
7.064157342289E-1));
#5276=CARTESIAN_POINT('',(-5.260475229201E-1,5.812803034832E-1,
6.234916257506E-1));
#5277=CARTESIAN_POINT('',(-6.270036892625E-1,5.700714402935E-1,
5.216086683541E-1));
#5278=CARTESIAN_POINT('',(-7.070085386909E-1,5.591092612546E-1,
4.064097112409E-1));
#5279=CARTESIAN_POINT('',(-7.664824412992E-1,5.481089586288E-1,
2.788455353077E-1));
#5280=CARTESIAN_POINT('',(-8.033973594671E-1,5.369436004437E-1,
1.408304426712E-1));
#5281=CARTESIAN_POINT('',(-8.115E-1,5.295764406708E-1,4.690918648607E-2));
#5282=CARTESIAN_POINT('',(-8.115E-1,5.258964264227E-1,0.E0));
#5284=DIRECTION('',(0.E0,-1.E0,0.E0));
#5285=VECTOR('',#5284,1.323389485148E-1);
#5286=CARTESIAN_POINT('',(8.115E-1,8.582353749371E-1,0.E0));
#5287=LINE('',#5286,#5285);
#5288=CARTESIAN_POINT('',(-6.430453274748E-1,3.E-1,4.949999563766E-1));
#5289=CARTESIAN_POINT('',(-6.157774533043E-1,3.035069231065E-1,
5.304231495500E-1));
#5290=CARTESIAN_POINT('',(-5.552161163312E-1,3.105438745424E-1,
5.970154558511E-1));
#5291=CARTESIAN_POINT('',(-4.475988848867E-1,3.212384984647E-1,
6.814774684315E-1));
#5292=CARTESIAN_POINT('',(-3.281312918961E-1,3.318626758564E-1,
7.462588207443E-1));
#5293=CARTESIAN_POINT('',(-2.017021294126E-1,3.423166408390E-1,
7.897636125609E-1));
#5294=CARTESIAN_POINT('',(-7.060186953495E-2,3.527145976574E-1,
8.120832843166E-1));
#5295=CARTESIAN_POINT('',(6.361952469007E-2,3.632087312277E-1,
8.127123672393E-1));
#5296=CARTESIAN_POINT('',(1.960992811597E-1,3.737020535960E-1,
7.912180078285E-1));
#5297=CARTESIAN_POINT('',(3.228615429608E-1,3.841595880717E-1,
7.485350729394E-1));
#5298=CARTESIAN_POINT('',(4.424666523372E-1,3.947555407438E-1,
6.847887084262E-1));
#5299=CARTESIAN_POINT('',(5.504574330959E-1,4.054208180971E-1,
6.014091336220E-1));
#5300=CARTESIAN_POINT('',(6.420239217725E-1,4.159740246720E-1,
5.022422678819E-1));
#5301=CARTESIAN_POINT('',(7.151835878673E-1,4.263688190357E-1,
3.912253418442E-1));
#5302=CARTESIAN_POINT('',(7.705992091664E-1,4.370437881079E-1,
2.664323389805E-1));
#5303=CARTESIAN_POINT('',(8.041917038002E-1,4.477306938902E-1,
1.339111918977E-1));
#5304=CARTESIAN_POINT('',(8.115E-1,4.547455650140E-1,4.448464964767E-2));
#5305=CARTESIAN_POINT('',(8.115E-1,4.582353749379E-1,0.E0));
#5307=CARTESIAN_POINT('',(8.115E-1,3.258964264229E-1,0.E0));
#5308=CARTESIAN_POINT('',(8.115E-1,3.230386398120E-1,3.642824077157E-2));
#5309=CARTESIAN_POINT('',(8.066088283031E-1,3.173093879425E-1,
1.094643142276E-1));
#5310=CARTESIAN_POINT('',(7.842370904106E-1,3.086245852919E-1,
2.181458379419E-1));
#5311=CARTESIAN_POINT('',(7.597753728235E-1,3.028738781016E-1,
2.874293580292E-1));
#5312=CARTESIAN_POINT('',(7.452812288136E-1,3.E-1,3.210734183612E-1));
#5314=DIRECTION('',(0.E0,-1.E0,0.E0));
#5315=VECTOR('',#5314,1.323389485150E-1);
#5316=CARTESIAN_POINT('',(8.115E-1,4.582353749379E-1,0.E0));
#5317=LINE('',#5316,#5315);
#5318=CARTESIAN_POINT('',(3.618242052395E-1,3.328814186279E0,
-7.263714576598E-1));
#5319=CARTESIAN_POINT('',(3.214155631333E-1,3.332355754476E0,
-7.465000360348E-1));
#5320=CARTESIAN_POINT('',(2.367501076748E-1,3.339480250728E0,
-7.802217333653E-1));
#5321=CARTESIAN_POINT('',(1.017505727290E-1,3.350271257619E0,
-8.090883206900E-1));
#5322=CARTESIAN_POINT('',(-3.829833042868E-2,3.361225978194E0,
-8.146346016977E-1));
#5323=CARTESIAN_POINT('',(-1.766348761466E-1,3.372136263286E0,
-7.960284408995E-1));
#5324=CARTESIAN_POINT('',(-3.069770061935E-1,3.382811468743E0,
-7.552863989663E-1));
#5325=CARTESIAN_POINT('',(-4.287299670284E-1,3.393485118388E0,
-6.935101232760E-1));
#5326=CARTESIAN_POINT('',(-5.391461055209E-1,3.404226182420E0,
-6.117140224189E-1));
#5327=CARTESIAN_POINT('',(-6.344979946375E-1,3.415010365285E0,
-5.120260460278E-1));
#5328=CARTESIAN_POINT('',(-7.110240606293E-1,3.425673415569E0,
-3.991013029473E-1));
#5329=CARTESIAN_POINT('',(-7.688172414257E-1,3.436584378212E0,
-2.720427982529E-1));
#5330=CARTESIAN_POINT('',(-8.038849973586E-1,3.447508672682E0,
-1.367431169049E-1));
#5331=CARTESIAN_POINT('',(-8.115E-1,3.454672535939E0,-4.541555215002E-2));
#5332=CARTESIAN_POINT('',(-8.115E-1,3.458235374937E0,0.E0));
#5334=CARTESIAN_POINT('',(8.115E-1,3.258235374937E0,0.E0));
#5335=CARTESIAN_POINT('',(8.115E-1,3.261551926032E0,-4.227611723806E-2));
#5336=CARTESIAN_POINT('',(8.048828175328E-1,3.268218376234E0,
-1.272574547944E-1));
#5337=CARTESIAN_POINT('',(7.746844774524E-1,3.278335182511E0,
-2.530547400842E-1));
#5338=CARTESIAN_POINT('',(7.244480964765E-1,3.288517858953E0,
-3.731834812096E-1));
#5339=CARTESIAN_POINT('',(6.569083591203E-1,3.298541909958E0,
-4.821217002817E-1));
#5340=CARTESIAN_POINT('',(5.729490142514E-1,3.308598747895E0,
-5.795267264564E-1));
#5341=CARTESIAN_POINT('',(4.734608707084E-1,3.318769204659E0,
-6.632877789539E-1));
#5342=CARTESIAN_POINT('',(3.999757722734E-1,3.325470436788E0,
-7.073671861192E-1));
#5343=CARTESIAN_POINT('',(3.618242052395E-1,3.328814186279E0,
-7.263714576598E-1));
#5345=CARTESIAN_POINT('',(-8.115E-1,3.325896426422E0,0.E0));
#5346=CARTESIAN_POINT('',(-8.115E-1,3.322211315619E0,-4.697415233217E-2));
#5347=CARTESIAN_POINT('',(-8.033606557236E-1,3.314806451983E0,
-1.413767447990E-1));
#5348=CARTESIAN_POINT('',(-7.658948996914E-1,3.303517353316E0,
-2.809033564454E-1));
#5349=CARTESIAN_POINT('',(-7.045337073939E-1,3.292280082801E0,
-4.109533892759E-1));
#5350=CARTESIAN_POINT('',(-6.233407316045E-1,3.281285373731E0,
-5.258329849400E-1));
#5351=CARTESIAN_POINT('',(-5.238372576819E-1,3.270298817817E0,
-6.251187292059E-1));
#5352=CARTESIAN_POINT('',(-4.074204371350E-1,3.259193737388E0,
-7.065992790792E-1));
#5353=CARTESIAN_POINT('',(-2.787682036390E-1,3.248104373753E0,
-7.664386265821E-1));
#5354=CARTESIAN_POINT('',(-1.426606094344E-1,3.237088786638E0,
-8.030613453517E-1));
#5355=CARTESIAN_POINT('',(7.521859767549E-4,3.225837881496E0,
-8.157857047195E-1));
#5356=CARTESIAN_POINT('',(1.438962447745E-1,3.214605275347E0,
-8.027939858260E-1));
#5357=CARTESIAN_POINT('',(2.791379262979E-1,3.203657587477E0,
-7.662964681268E-1));
#5358=CARTESIAN_POINT('',(4.086933189100E-1,3.192488536992E0,
-7.059821468144E-1));
#5359=CARTESIAN_POINT('',(5.268037340105E-1,3.181203597101E0,
-6.228583287227E-1));
#5360=CARTESIAN_POINT('',(6.276660722399E-1,3.169989261328E0,
-5.207966690668E-1));
#5361=CARTESIAN_POINT('',(7.076585430668E-1,3.159017178121E0,
-4.054157459056E-1));
#5362=CARTESIAN_POINT('',(7.672689171849E-1,3.147921073470E0,
-2.765745057623E-1));
#5363=CARTESIAN_POINT('',(8.033266980338E-1,3.136928727615E0,
-1.406188434913E-1));
#5364=CARTESIAN_POINT('',(8.115E-1,3.129573065216E0,-4.686615953213E-2));
#5365=CARTESIAN_POINT('',(8.115E-1,3.125896426422E0,0.E0));
#5367=DIRECTION('',(0.E0,-1.E0,0.E0));
#5368=VECTOR('',#5367,1.323389485154E-1);
#5369=CARTESIAN_POINT('',(-8.115E-1,3.458235374937E0,0.E0));
#5370=LINE('',#5369,#5368);
#5371=CARTESIAN_POINT('',(8.115E-1,3.925896426422E0,0.E0));
#5372=CARTESIAN_POINT('',(8.115E-1,3.929551514873E0,-4.659145704867E-2));
#5373=CARTESIAN_POINT('',(8.034552790303E-1,3.936861809111E0,
-1.397751211774E-1));
#5374=CARTESIAN_POINT('',(7.676069020895E-1,3.947827901030E0,
-2.754225468790E-1));
#5375=CARTESIAN_POINT('',(7.090392907558E-1,3.958793747856E0,
-4.029146075893E-1));
#5376=CARTESIAN_POINT('',(6.294936194922E-1,3.969758725777E0,
-5.184730911091E-1));
#5377=CARTESIAN_POINT('',(5.313175421439E-1,3.980723950611E0,
-6.186908486396E-1));
#5378=CARTESIAN_POINT('',(4.174197180505E-1,3.991688986495E0,
-7.005979453145E-1));
#5379=CARTESIAN_POINT('',(2.911666990654E-1,4.002654242003E0,
-7.617733341717E-1));
#5380=CARTESIAN_POINT('',(1.562989173180E-1,4.013619337813E0,
-8.004047032539E-1));
#5381=CARTESIAN_POINT('',(1.679580499762E-2,4.024585207108E0,
-8.153500328783E-1));
#5382=CARTESIAN_POINT('',(-1.232037161506E-1,4.035551018339E0,
-8.061624245978E-1));
#5383=CARTESIAN_POINT('',(-2.595477390435E-1,4.046516095805E0,
-7.731180197030E-1));
#5384=CARTESIAN_POINT('',(-3.882124618150E-1,4.057481287957E0,
-7.171946452724E-1));
#5385=CARTESIAN_POINT('',(-5.053933978439E-1,4.068446955312E0,
-6.400429076316E-1));
#5386=CARTESIAN_POINT('',(-6.076147360769E-1,4.079412462731E0,
-5.439493977523E-1));
#5387=CARTESIAN_POINT('',(-6.918502375201E-1,4.090377410306E0,
-4.317640021324E-1));
#5388=CARTESIAN_POINT('',(-7.556141030993E-1,4.101342857311E0,
-3.067957001080E-1));
#5389=CARTESIAN_POINT('',(-7.970151208100E-1,4.112307618325E0,
-1.727564706114E-1));
#5390=CARTESIAN_POINT('',(-8.148293577817E-1,4.123273879262E0,
-3.358581211882E-2));
#5391=CARTESIAN_POINT('',(-8.085335554161E-1,4.134234260267E0,
1.065037133226E-1));
#5392=CARTESIAN_POINT('',(-7.783372580910E-1,4.145194192067E0,
2.434385739130E-1));
#5393=CARTESIAN_POINT('',(-7.251220205311E-1,4.156155254953E0,
3.731893310881E-1));
#5394=CARTESIAN_POINT('',(-6.504595097537E-1,4.167116833272E0,
4.919095049479E-1));
#5395=CARTESIAN_POINT('',(-5.565589172159E-1,4.178078531578E0,
5.960828209048E-1));
#5396=CARTESIAN_POINT('',(-4.462009184994E-1,4.189039932001E0,
6.826245541743E-1));
#5397=CARTESIAN_POINT('',(-3.638415534976E-1,4.196346742758E0,
7.268563566801E-1));
#5398=CARTESIAN_POINT('',(-3.210734183457E-1,4.2E0,7.452812288202E-1));
#5400=CARTESIAN_POINT('',(8.115E-1,4.058235374937E0,0.E0));
#5401=CARTESIAN_POINT('',(8.115E-1,4.061591144803E0,-4.277603939078E-2));
#5402=CARTESIAN_POINT('',(8.047455427384E-1,4.068336997962E0,
-1.287741262078E-1));
#5403=CARTESIAN_POINT('',(7.736534591798E-1,4.078614289522E0,
-2.564766873745E-1));
#5404=CARTESIAN_POINT('',(7.223303633770E-1,4.088883378295E0,
-3.773585888567E-1));
#5405=CARTESIAN_POINT('',(6.538214497568E-1,4.098947356462E0,
-4.862945795132E-1));
#5406=CARTESIAN_POINT('',(5.696473113407E-1,4.108957098083E0,
-5.827088910803E-1));
#5407=CARTESIAN_POINT('',(4.699561965920E-1,4.119107691963E0,
-6.658370587366E-1));
#5408=CARTESIAN_POINT('',(3.577998758046E-1,4.129297900279E0,
-7.321818143498E-1));
#5409=CARTESIAN_POINT('',(2.380649431273E-1,4.139361290671E0,
-7.793236614911E-1));
#5410=CARTESIAN_POINT('',(1.120800668674E-1,4.149452181942E0,
-8.072047216548E-1));
#5411=CARTESIAN_POINT('',(-1.799654224413E-2,4.159641207954E0,
-8.147629649615E-1));
#5412=CARTESIAN_POINT('',(-1.465012750052E-1,4.169743533282E0,
-8.015805634842E-1));
#5413=CARTESIAN_POINT('',(-2.700300688421E-1,4.179738177529E0,
-7.688239209477E-1));
#5414=CARTESIAN_POINT('',(-3.881477351742E-1,4.189839494689E0,
-7.165626773710E-1));
#5415=CARTESIAN_POINT('',(-4.607139904456E-1,4.196605663256E0,
-6.694377930066E-1));
#5416=CARTESIAN_POINT('',(-4.949999563872E-1,4.2E0,-6.430453274667E-1));
#5418=CARTESIAN_POINT('',(8.115E-1,3.658235374937E0,0.E0));
#5419=CARTESIAN_POINT('',(8.115E-1,3.661920251659E0,-4.697116850201E-2));
#5420=CARTESIAN_POINT('',(8.033591644014E-1,3.669325105758E0,
-1.413724160376E-1));
#5421=CARTESIAN_POINT('',(7.659052721859E-1,3.680613325754E0,
-2.808937835552E-1));
#5422=CARTESIAN_POINT('',(7.044975583534E-1,3.691855573943E0,
-4.109855089592E-1));
#5423=CARTESIAN_POINT('',(6.234332313685E-1,3.702838631863E0,
-5.257857138285E-1));
#5424=CARTESIAN_POINT('',(5.231919255862E-1,3.713898207068E0,
-6.256449158723E-1));
#5425=CARTESIAN_POINT('',(4.078130851661E-1,3.724899408108E0,
-7.062962418716E-1));
#5426=CARTESIAN_POINT('',(2.794475033190E-1,3.735971504975E0,
-7.661989111861E-1));
#5427=CARTESIAN_POINT('',(1.432949999522E-1,3.746992732317E0,
-8.029588495671E-1));
#5428=CARTESIAN_POINT('',(-4.316534682410E-4,3.758269132086E0,
-8.158079109176E-1));
#5429=CARTESIAN_POINT('',(-1.441679991224E-1,3.769546927981E0,
-8.028088127814E-1));
#5430=CARTESIAN_POINT('',(-2.802071385251E-1,3.780563684385E0,
-7.658869659633E-1));
#5431=CARTESIAN_POINT('',(-4.084965756260E-1,3.791628467662E0,
-7.060148904732E-1));
#5432=CARTESIAN_POINT('',(-5.263276880243E-1,3.802880349644E0,
-6.232491261153E-1));
#5433=CARTESIAN_POINT('',(-6.270972388769E-1,3.814074573904E0,
-5.214562508746E-1));
#5434=CARTESIAN_POINT('',(-7.072397889220E-1,3.825045405920E0,
-4.061984198782E-1));
#5435=CARTESIAN_POINT('',(-7.672761532016E-1,3.836202680740E0,
-2.766869633378E-1));
#5436=CARTESIAN_POINT('',(-8.033882038581E-1,3.847228606024E0,
-1.402960748026E-1));
#5437=CARTESIAN_POINT('',(-8.115E-1,3.854572107375E0,-4.669571627480E-2));
#5438=CARTESIAN_POINT('',(-8.115E-1,3.858235374937E0,0.E0));
#5440=CARTESIAN_POINT('',(3.618242052395E-1,3.596475237763E0,
-7.263714576598E-1));
#5441=CARTESIAN_POINT('',(3.999757722734E-1,3.593131488272E0,
-7.073671861192E-1));
#5442=CARTESIAN_POINT('',(4.734608707084E-1,3.586430256143E0,
-6.632877789539E-1));
#5443=CARTESIAN_POINT('',(5.729490142514E-1,3.576259799379E0,
-5.795267264564E-1));
#5444=CARTESIAN_POINT('',(6.569083591203E-1,3.566202961443E0,
-4.821217002817E-1));
#5445=CARTESIAN_POINT('',(7.244480964765E-1,3.556178910437E0,
-3.731834812096E-1));
#5446=CARTESIAN_POINT('',(7.746844774524E-1,3.545996233995E0,
-2.530547400842E-1));
#5447=CARTESIAN_POINT('',(8.048828175328E-1,3.535879427718E0,
-1.272574547944E-1));
#5448=CARTESIAN_POINT('',(8.115E-1,3.529212977516E0,-4.227611723806E-2));
#5449=CARTESIAN_POINT('',(8.115E-1,3.525896426422E0,0.E0));
#5451=CARTESIAN_POINT('',(-8.115E-1,3.725896426422E0,0.E0));
#5452=CARTESIAN_POINT('',(-8.115E-1,3.722333587423E0,-4.541555215002E-2));
#5453=CARTESIAN_POINT('',(-8.038849973586E-1,3.715169724166E0,
-1.367431169049E-1));
#5454=CARTESIAN_POINT('',(-7.688172414257E-1,3.704245429696E0,
-2.720427982529E-1));
#5455=CARTESIAN_POINT('',(-7.110240606293E-1,3.693334467053E0,
-3.991013029473E-1));
#5456=CARTESIAN_POINT('',(-6.344979946375E-1,3.682671416769E0,
-5.120260460278E-1));
#5457=CARTESIAN_POINT('',(-5.391461055209E-1,3.671887233904E0,
-6.117140224189E-1));
#5458=CARTESIAN_POINT('',(-4.287299670284E-1,3.661146169873E0,
-6.935101232760E-1));
#5459=CARTESIAN_POINT('',(-3.069770061935E-1,3.650472520228E0,
-7.552863989663E-1));
#5460=CARTESIAN_POINT('',(-1.766348761466E-1,3.639797314771E0,
-7.960284408995E-1));
#5461=CARTESIAN_POINT('',(-3.829833042868E-2,3.628887029679E0,
-8.146346016977E-1));
#5462=CARTESIAN_POINT('',(1.017505727290E-1,3.617932309103E0,
-8.090883206900E-1));
#5463=CARTESIAN_POINT('',(2.367501076748E-1,3.607141302212E0,
-7.802217333653E-1));
#5464=CARTESIAN_POINT('',(3.214155631333E-1,3.600016805961E0,
-7.465000360348E-1));
#5465=CARTESIAN_POINT('',(3.618242052395E-1,3.596475237763E0,
-7.263714576598E-1));
#5467=DIRECTION('',(0.E0,-1.E0,0.E0));
#5468=VECTOR('',#5467,1.323389485155E-1);
#5469=CARTESIAN_POINT('',(-8.115E-1,3.858235374937E0,0.E0));
#5470=LINE('',#5469,#5468);
#5471=CARTESIAN_POINT('',(6.477357372185E-1,2.099392997621E0,
-4.888462587870E-1));
#5472=CARTESIAN_POINT('',(6.207702871632E-1,2.102904682198E0,
-5.245762768796E-1));
#5473=CARTESIAN_POINT('',(5.606793261312E-1,2.109960716603E0,
-5.919199076599E-1));
#5474=CARTESIAN_POINT('',(4.533114484125E-1,2.120706529022E0,
-6.777689381579E-1));
#5475=CARTESIAN_POINT('',(3.332933760324E-1,2.131422807075E0,
-7.439944577994E-1));
#5476=CARTESIAN_POINT('',(2.069359287920E-1,2.141895668076E0,
-7.884862490556E-1));
#5477=CARTESIAN_POINT('',(7.365711317762E-2,2.152475969203E0,
-8.119109917646E-1));
#5478=CARTESIAN_POINT('',(-6.107710972129E-2,2.163009274270E0,
-8.129039107403E-1));
#5479=CARTESIAN_POINT('',(-1.935982453896E-1,2.173501194503E0,
-7.918295056574E-1));
#5480=CARTESIAN_POINT('',(-3.206855723628E-1,2.183973042060E0,
-7.495206686571E-1));
#5481=CARTESIAN_POINT('',(-4.416499523053E-1,2.194675936969E0,
-6.854060755722E-1));
#5482=CARTESIAN_POINT('',(-5.505501618639E-1,2.205426230856E0,
-6.014073678424E-1));
#5483=CARTESIAN_POINT('',(-6.428838698972E-1,2.216076013492E0,
-5.012530725822E-1));
#5484=CARTESIAN_POINT('',(-7.159920116469E-1,2.226508373336E0,
-3.896312307116E-1));
#5485=CARTESIAN_POINT('',(-7.705043233322E-1,2.237039150032E0,
-2.664602979751E-1));
#5486=CARTESIAN_POINT('',(-8.041301786891E-1,2.247697924528E0,
-1.343304497254E-1));
#5487=CARTESIAN_POINT('',(-8.115E-1,2.254726713146E0,-4.472495462212E-2));
#5488=CARTESIAN_POINT('',(-8.115E-1,2.258235374937E0,0.E0));
#5490=CARTESIAN_POINT('',(8.115E-1,2.058235374937E0,0.E0));
#5491=CARTESIAN_POINT('',(8.115E-1,2.061628814850E0,-4.325621994430E-2));
#5492=CARTESIAN_POINT('',(8.045956594129E-1,2.068449858107E0,
-1.302138197589E-1));
#5493=CARTESIAN_POINT('',(7.727948854018E-1,2.078843931161E0,
-2.592893295482E-1));
#5494=CARTESIAN_POINT('',(7.203959872586E-1,2.089220458752E0,
-3.812167867409E-1));
#5495=CARTESIAN_POINT('',(6.736643802119E-1,2.096016335428E0,
-4.544900406867E-1));
#5496=CARTESIAN_POINT('',(6.477357372185E-1,2.099392997621E0,
-4.888462587870E-1));
#5498=CARTESIAN_POINT('',(-8.115E-1,2.125896426422E0,0.E0));
#5499=CARTESIAN_POINT('',(-8.115E-1,2.122220176116E0,-4.686120746461E-2));
#5500=CARTESIAN_POINT('',(-8.033279527155E-1,2.114865019497E0,
-1.406073666530E-1));
#5501=CARTESIAN_POINT('',(-7.672760464355E-1,2.103873311662E0,
-2.765562452714E-1));
#5502=CARTESIAN_POINT('',(-7.076590263810E-1,2.092775645561E0,
-4.054163992022E-1));
#5503=CARTESIAN_POINT('',(-6.276655399323E-1,2.081803522814E0,
-5.207974157570E-1));
#5504=CARTESIAN_POINT('',(-5.267973300122E-1,2.070588571479E0,
-6.228643779633E-1));
#5505=CARTESIAN_POINT('',(-4.086883402478E-1,2.059303923945E0,
-7.059835193288E-1));
#5506=CARTESIAN_POINT('',(-2.791558224272E-1,2.048136753641E0,
-7.662898081334E-1));
#5507=CARTESIAN_POINT('',(-1.438854835919E-1,2.037186679905E0,
-8.027988739262E-1));
#5508=CARTESIAN_POINT('',(-6.954514086918E-4,2.025950548226E0,
-8.157874256610E-1));
#5509=CARTESIAN_POINT('',(1.427228794095E-1,2.014699123743E0,
-8.030498257330E-1));
#5510=CARTESIAN_POINT('',(2.788207186436E-1,2.003684124025E0,
-7.664195431997E-1));
#5511=CARTESIAN_POINT('',(4.074636035993E-1,1.992595139084E0,
-7.065722996947E-1));
#5512=CARTESIAN_POINT('',(5.238407225084E-1,1.981493589429E0,
-6.251138731277E-1));
#5513=CARTESIAN_POINT('',(6.233473149403E-1,1.970506728989E0,
-5.258261184897E-1));
#5514=CARTESIAN_POINT('',(7.045410007014E-1,1.959511703177E0,
-4.109417390324E-1));
#5515=CARTESIAN_POINT('',(7.659031667499E-1,1.948273654961E0,
-2.808812377651E-1));
#5516=CARTESIAN_POINT('',(8.033625308252E-1,1.936985219314E0,
-1.413616563115E-1));
#5517=CARTESIAN_POINT('',(8.115E-1,1.929581060783E0,-4.696807913076E-2));
#5518=CARTESIAN_POINT('',(8.115E-1,1.925896426422E0,0.E0));
#5520=DIRECTION('',(0.E0,-1.E0,1.076618962837E-14));
#5521=VECTOR('',#5520,1.323389485154E-1);
#5522=CARTESIAN_POINT('',(-8.115E-1,2.258235374937E0,0.E0));
#5523=LINE('',#5522,#5521);
#5524=CARTESIAN_POINT('',(8.115E-1,2.858235374937E0,0.E0));
#5525=CARTESIAN_POINT('',(8.115E-1,2.861912013731E0,-4.686615953213E-2));
#5526=CARTESIAN_POINT('',(8.033266980338E-1,2.869267676131E0,
-1.406188434913E-1));
#5527=CARTESIAN_POINT('',(7.672689171849E-1,2.880260021986E0,
-2.765745057623E-1));
#5528=CARTESIAN_POINT('',(7.076585430668E-1,2.891356126637E0,
-4.054157459056E-1));
#5529=CARTESIAN_POINT('',(6.276660722399E-1,2.902328209844E0,
-5.207966690668E-1));
#5530=CARTESIAN_POINT('',(5.268037340105E-1,2.913542545617E0,
-6.228583287227E-1));
#5531=CARTESIAN_POINT('',(4.086933189100E-1,2.924827485508E0,
-7.059821468144E-1));
#5532=CARTESIAN_POINT('',(2.791379262979E-1,2.935996535992E0,
-7.662964681268E-1));
#5533=CARTESIAN_POINT('',(1.438962447745E-1,2.946944223863E0,
-8.027939858260E-1));
#5534=CARTESIAN_POINT('',(7.521859767469E-4,2.958176830012E0,
-8.157857047195E-1));
#5535=CARTESIAN_POINT('',(-1.426606094344E-1,2.969427735154E0,
-8.030613453517E-1));
#5536=CARTESIAN_POINT('',(-2.787682036390E-1,2.980443322269E0,
-7.664386265821E-1));
#5537=CARTESIAN_POINT('',(-4.074204371350E-1,2.991532685904E0,
-7.065992790792E-1));
#5538=CARTESIAN_POINT('',(-5.238372576819E-1,3.002637766332E0,
-6.251187292059E-1));
#5539=CARTESIAN_POINT('',(-6.233407316045E-1,3.013624322246E0,
-5.258329849400E-1));
#5540=CARTESIAN_POINT('',(-7.045337073939E-1,3.024619031317E0,
-4.109533892759E-1));
#5541=CARTESIAN_POINT('',(-7.658948996914E-1,3.035856301832E0,
-2.809033564454E-1));
#5542=CARTESIAN_POINT('',(-8.033606557236E-1,3.047145400498E0,
-1.413767447990E-1));
#5543=CARTESIAN_POINT('',(-8.115E-1,3.054550264134E0,-4.697415233217E-2));
#5544=CARTESIAN_POINT('',(-8.115E-1,3.058235374937E0,0.E0));
#5546=CARTESIAN_POINT('',(-8.115E-1,2.925896426422E0,0.E0));
#5547=CARTESIAN_POINT('',(-8.115E-1,2.922213571450E0,-4.694539722190E-2));
#5548=CARTESIAN_POINT('',(-8.033642113428E-1,2.914812540561E0,
-1.412964441907E-1));
#5549=CARTESIAN_POINT('',(-7.659727542351E-1,2.903533433448E0,
-2.807157000604E-1));
#5550=CARTESIAN_POINT('',(-7.045779110125E-1,2.892291559382E0,
-4.108042615696E-1));
#5551=CARTESIAN_POINT('',(-6.238698197074E-1,2.881345586546E0,
-5.252710176613E-1));
#5552=CARTESIAN_POINT('',(-5.227822929252E-1,2.870181035560E0,
-6.262045895369E-1));
#5553=CARTESIAN_POINT('',(-4.044553431773E-1,2.858924095778E0,
-7.083816558342E-1));
#5554=CARTESIAN_POINT('',(-2.750151737292E-1,2.847792970958E0,
-7.677913030817E-1));
#5555=CARTESIAN_POINT('',(-1.391152634941E-1,2.836808788674E0,
-8.036438484076E-1));
#5556=CARTESIAN_POINT('',(2.906433884623E-3,2.825669415684E0,
-8.156154934141E-1));
#5557=CARTESIAN_POINT('',(1.429647084389E-1,2.814678080938E0,
-8.028695854307E-1));
#5558=CARTESIAN_POINT('',(2.785049235592E-1,2.803710530894E0,
-7.665572765744E-1));
#5559=CARTESIAN_POINT('',(4.079279754213E-1,2.792557053172E0,
-7.064043159484E-1));
#5560=CARTESIAN_POINT('',(5.260764420638E-1,2.781277350125E0,
-6.234672987434E-1));
#5561=CARTESIAN_POINT('',(6.270325647130E-1,2.770068079295E0,
-5.215765727070E-1));
#5562=CARTESIAN_POINT('',(7.070478392225E-1,2.759103138909E0,
-4.063418553207E-1));
#5563=CARTESIAN_POINT('',(7.664933503739E-1,2.748105792602E0,
-2.788062560341E-1));
#5564=CARTESIAN_POINT('',(8.033958251729E-1,2.736943684160E0,
-1.408313396899E-1));
#5565=CARTESIAN_POINT('',(8.115E-1,2.729576681025E0,-4.691225030482E-2));
#5566=CARTESIAN_POINT('',(8.115E-1,2.725896426422E0,0.E0));
#5568=DIRECTION('',(0.E0,-1.E0,0.E0));
#5569=VECTOR('',#5568,1.323389485156E-1);
#5570=CARTESIAN_POINT('',(-8.115E-1,3.058235374937E0,0.E0));
#5571=LINE('',#5570,#5569);
#5572=CARTESIAN_POINT('',(8.115E-1,2.458235374937E0,0.E0));
#5573=CARTESIAN_POINT('',(8.115E-1,2.461915629541E0,-4.691225030482E-2));
#5574=CARTESIAN_POINT('',(8.033958251729E-1,2.469282632676E0,
-1.408313396899E-1));
#5575=CARTESIAN_POINT('',(7.664933503739E-1,2.480444741118E0,
-2.788062560340E-1));
#5576=CARTESIAN_POINT('',(7.070478392225E-1,2.491442087424E0,
-4.063418553207E-1));
#5577=CARTESIAN_POINT('',(6.270325647130E-1,2.502407027811E0,
-5.215765727070E-1));
#5578=CARTESIAN_POINT('',(5.260764420638E-1,2.513616298641E0,
-6.234672987434E-1));
#5579=CARTESIAN_POINT('',(4.079279754213E-1,2.524896001688E0,
-7.064043159484E-1));
#5580=CARTESIAN_POINT('',(2.785049235592E-1,2.536049479409E0,
-7.665572765744E-1));
#5581=CARTESIAN_POINT('',(1.429647084389E-1,2.547017029453E0,
-8.028695854307E-1));
#5582=CARTESIAN_POINT('',(2.906433884623E-3,2.558008364200E0,
-8.156154934141E-1));
#5583=CARTESIAN_POINT('',(-1.391152634941E-1,2.569147737190E0,
-8.036438484076E-1));
#5584=CARTESIAN_POINT('',(-2.750151737292E-1,2.580131919473E0,
-7.677913030817E-1));
#5585=CARTESIAN_POINT('',(-4.044553431773E-1,2.591263044293E0,
-7.083816558342E-1));
#5586=CARTESIAN_POINT('',(-5.227822929252E-1,2.602519984076E0,
-6.262045895369E-1));
#5587=CARTESIAN_POINT('',(-6.238698197074E-1,2.613684535061E0,
-5.252710176613E-1));
#5588=CARTESIAN_POINT('',(-7.045779110125E-1,2.624630507898E0,
-4.108042615696E-1));
#5589=CARTESIAN_POINT('',(-7.659727542351E-1,2.635872381964E0,
-2.807157000604E-1));
#5590=CARTESIAN_POINT('',(-8.033642113428E-1,2.647151489077E0,
-1.412964441907E-1));
#5591=CARTESIAN_POINT('',(-8.115E-1,2.654552519966E0,-4.694539722190E-2));
#5592=CARTESIAN_POINT('',(-8.115E-1,2.658235374937E0,0.E0));
#5594=CARTESIAN_POINT('',(6.477357372185E-1,2.367054049105E0,
-4.888462587870E-1));
#5595=CARTESIAN_POINT('',(6.736643802119E-1,2.363677386913E0,
-4.544900406867E-1));
#5596=CARTESIAN_POINT('',(7.203959872586E-1,2.356881510237E0,
-3.812167867409E-1));
#5597=CARTESIAN_POINT('',(7.727948854018E-1,2.346504982645E0,
-2.592893295482E-1));
#5598=CARTESIAN_POINT('',(8.045956594129E-1,2.336110909591E0,
-1.302138197589E-1));
#5599=CARTESIAN_POINT('',(8.115E-1,2.329289866335E0,-4.325621994430E-2));
#5600=CARTESIAN_POINT('',(8.115E-1,2.325896426422E0,0.E0));
#5602=CARTESIAN_POINT('',(-8.115E-1,2.525896426422E0,0.E0));
#5603=CARTESIAN_POINT('',(-8.115E-1,2.522387764631E0,-4.472495462212E-2));
#5604=CARTESIAN_POINT('',(-8.041301786891E-1,2.515358976012E0,
-1.343304497254E-1));
#5605=CARTESIAN_POINT('',(-7.705043233322E-1,2.504700201516E0,
-2.664602979751E-1));
#5606=CARTESIAN_POINT('',(-7.159920116469E-1,2.494169424820E0,
-3.896312307116E-1));
#5607=CARTESIAN_POINT('',(-6.428838698972E-1,2.483737064977E0,
-5.012530725822E-1));
#5608=CARTESIAN_POINT('',(-5.505501618639E-1,2.473087282340E0,
-6.014073678424E-1));
#5609=CARTESIAN_POINT('',(-4.416499523053E-1,2.462336988454E0,
-6.854060755722E-1));
#5610=CARTESIAN_POINT('',(-3.206855723628E-1,2.451634093544E0,
-7.495206686571E-1));
#5611=CARTESIAN_POINT('',(-1.935982453896E-1,2.441162245987E0,
-7.918295056574E-1));
#5612=CARTESIAN_POINT('',(-6.107710972128E-2,2.430670325754E0,
-8.129039107403E-1));
#5613=CARTESIAN_POINT('',(7.365711317761E-2,2.420137020687E0,
-8.119109917646E-1));
#5614=CARTESIAN_POINT('',(2.069359287920E-1,2.409556719561E0,
-7.884862490556E-1));
#5615=CARTESIAN_POINT('',(3.332933760324E-1,2.399083858559E0,
-7.439944577994E-1));
#5616=CARTESIAN_POINT('',(4.533114484125E-1,2.388367580506E0,
-6.777689381579E-1));
#5617=CARTESIAN_POINT('',(5.606793261312E-1,2.377621768088E0,
-5.919199076599E-1));
#5618=CARTESIAN_POINT('',(6.207702871632E-1,2.370565733683E0,
-5.245762768796E-1));
#5619=CARTESIAN_POINT('',(6.477357372185E-1,2.367054049105E0,
-4.888462587870E-1));
#5621=DIRECTION('',(0.E0,-1.E0,0.E0));
#5622=VECTOR('',#5621,1.323389485156E-1);
#5623=CARTESIAN_POINT('',(-8.115E-1,2.658235374937E0,0.E0));
#5624=LINE('',#5623,#5622);
#5625=CARTESIAN_POINT('',(8.115E-1,1.658235374937E0,0.E0));
#5626=CARTESIAN_POINT('',(8.115E-1,1.661920009299E0,-4.696807913076E-2));
#5627=CARTESIAN_POINT('',(8.033625308252E-1,1.669324167830E0,
-1.413616563115E-1));
#5628=CARTESIAN_POINT('',(7.659031667499E-1,1.680612603477E0,
-2.808812377652E-1));
#5629=CARTESIAN_POINT('',(7.045410007014E-1,1.691850651692E0,
-4.109417390324E-1));
#5630=CARTESIAN_POINT('',(6.233473149403E-1,1.702845677504E0,
-5.258261184897E-1));
#5631=CARTESIAN_POINT('',(5.238407225084E-1,1.713832537944E0,
-6.251138731277E-1));
#5632=CARTESIAN_POINT('',(4.074636035993E-1,1.724934087600E0,
-7.065722996947E-1));
#5633=CARTESIAN_POINT('',(2.788207186436E-1,1.736023072541E0,
-7.664195431997E-1));
#5634=CARTESIAN_POINT('',(1.427228794095E-1,1.747038072258E0,
-8.030498257330E-1));
#5635=CARTESIAN_POINT('',(-6.954514086941E-4,1.758289496742E0,
-8.157874256610E-1));
#5636=CARTESIAN_POINT('',(-1.438854835919E-1,1.769525628420E0,
-8.027988739262E-1));
#5637=CARTESIAN_POINT('',(-2.791558224272E-1,1.780475702157E0,
-7.662898081334E-1));
#5638=CARTESIAN_POINT('',(-4.086883402478E-1,1.791642872461E0,
-7.059835193288E-1));
#5639=CARTESIAN_POINT('',(-5.267973300122E-1,1.802927519994E0,
-6.228643779633E-1));
#5640=CARTESIAN_POINT('',(-6.276655399323E-1,1.814142471329E0,
-5.207974157570E-1));
#5641=CARTESIAN_POINT('',(-7.076590263810E-1,1.825114594077E0,
-4.054163992022E-1));
#5642=CARTESIAN_POINT('',(-7.672760464355E-1,1.836212260178E0,
-2.765562452714E-1));
#5643=CARTESIAN_POINT('',(-8.033279527155E-1,1.847203968012E0,
-1.406073666530E-1));
#5644=CARTESIAN_POINT('',(-8.115E-1,1.854559124632E0,-4.686120746461E-2));
#5645=CARTESIAN_POINT('',(-8.115E-1,1.858235374937E0,0.E0));
#5647=CARTESIAN_POINT('',(-8.115E-1,1.725896426422E0,0.E0));
#5648=CARTESIAN_POINT('',(-8.115E-1,1.722245187071E0,-4.654239251368E-2));
#5649=CARTESIAN_POINT('',(-8.034859933186E-1,1.714905165844E0,
-1.401123993972E-1));
#5650=CARTESIAN_POINT('',(-7.668301024317E-1,1.703744106498E0,
-2.781538012928E-1));
#5651=CARTESIAN_POINT('',(-7.062269937771E-1,1.692547219424E0,
-4.079729356770E-1));
#5652=CARTESIAN_POINT('',(-6.257281045413E-1,1.681569322921E0,
-5.230882383878E-1));
#5653=CARTESIAN_POINT('',(-5.250236859230E-1,1.670411717866E0,
-6.242839997888E-1));
#5654=CARTESIAN_POINT('',(-4.080463329213E-1,1.659252823015E0,
-7.061714681505E-1));
#5655=CARTESIAN_POINT('',(-2.809535772885E-1,1.648287411610E0,
-7.655910965412E-1));
#5656=CARTESIAN_POINT('',(-1.445705119847E-1,1.637239441537E0,
-8.027593216383E-1));
#5657=CARTESIAN_POINT('',(-8.981970384964E-4,1.625966652670E0,
-8.157959311536E-1));
#5658=CARTESIAN_POINT('',(1.428544306438E-1,1.614688985912E0,
-8.030540595080E-1));
#5659=CARTESIAN_POINT('',(2.792061504294E-1,1.603652092589E0,
-7.662685146713E-1));
#5660=CARTESIAN_POINT('',(4.070087997984E-1,1.592631672600E0,
-7.067284555292E-1));
#5661=CARTESIAN_POINT('',(5.226594386198E-1,1.581616268612E0,
-6.261473681882E-1));
#5662=CARTESIAN_POINT('',(6.235050132355E-1,1.570493100719E0,
-5.257362448079E-1));
#5663=CARTESIAN_POINT('',(7.044925956910E-1,1.559516397605E0,
-4.109776035607E-1));
#5664=CARTESIAN_POINT('',(7.659238201551E-1,1.548270885481E0,
-2.808538685768E-1));
#5665=CARTESIAN_POINT('',(8.033618170775E-1,1.536983968107E0,
-1.413438945944E-1));
#5666=CARTESIAN_POINT('',(8.115E-1,1.529580362112E0,-4.695917316542E-2));
#5667=CARTESIAN_POINT('',(8.115E-1,1.525896426422E0,0.E0));
#5669=DIRECTION('',(0.E0,-1.E0,0.E0));
#5670=VECTOR('',#5669,1.323389485156E-1);
#5671=CARTESIAN_POINT('',(-8.115E-1,1.858235374937E0,0.E0));
#5672=LINE('',#5671,#5670);
#5673=CARTESIAN_POINT('',(8.115E-1,1.258235374937E0,0.E0));
#5674=CARTESIAN_POINT('',(8.115E-1,1.261919310628E0,-4.695917316542E-2));
#5675=CARTESIAN_POINT('',(8.033618170775E-1,1.269322916622E0,
-1.413438945944E-1));
#5676=CARTESIAN_POINT('',(7.659238201551E-1,1.280609833997E0,
-2.808538685768E-1));
#5677=CARTESIAN_POINT('',(7.044925956910E-1,1.291855346121E0,
-4.109776035607E-1));
#5678=CARTESIAN_POINT('',(6.235050132355E-1,1.302832049235E0,
-5.257362448079E-1));
#5679=CARTESIAN_POINT('',(5.226594386198E-1,1.313955217128E0,
-6.261473681882E-1));
#5680=CARTESIAN_POINT('',(4.070087997984E-1,1.324970621115E0,
-7.067284555292E-1));
#5681=CARTESIAN_POINT('',(2.792061504293E-1,1.335991041105E0,
-7.662685146713E-1));
#5682=CARTESIAN_POINT('',(1.428544306438E-1,1.347027934427E0,
-8.030540595080E-1));
#5683=CARTESIAN_POINT('',(-8.981970384958E-4,1.358305601186E0,
-8.157959311536E-1));
#5684=CARTESIAN_POINT('',(-1.445705119847E-1,1.369578390053E0,
-8.027593216383E-1));
#5685=CARTESIAN_POINT('',(-2.809535772885E-1,1.380626360125E0,
-7.655910965412E-1));
#5686=CARTESIAN_POINT('',(-4.080463329213E-1,1.391591771531E0,
-7.061714681505E-1));
#5687=CARTESIAN_POINT('',(-5.250236859230E-1,1.402750666381E0,
-6.242839997888E-1));
#5688=CARTESIAN_POINT('',(-6.257281045413E-1,1.413908271437E0,
-5.230882383878E-1));
#5689=CARTESIAN_POINT('',(-7.062269937771E-1,1.424886167939E0,
-4.079729356770E-1));
#5690=CARTESIAN_POINT('',(-7.668301024317E-1,1.436083055013E0,
-2.781538012928E-1));
#5691=CARTESIAN_POINT('',(-8.034859933186E-1,1.447244114360E0,
-1.401123993972E-1));
#5692=CARTESIAN_POINT('',(-8.115E-1,1.454584135587E0,-4.654239251368E-2));
#5693=CARTESIAN_POINT('',(-8.115E-1,1.458235374937E0,0.E0));
#5695=CARTESIAN_POINT('',(7.977488116964E-1,1.137632860447E0,
-1.487584734964E-1));
#5696=CARTESIAN_POINT('',(8.007963298664E-1,1.136328658893E0,
-1.324155120393E-1));
#5697=CARTESIAN_POINT('',(8.058862389997E-1,1.133720365918E0,
-9.954360627478E-2));
#5698=CARTESIAN_POINT('',(8.104778274746E-1,1.129808897919E0,
-4.987230435830E-2));
#5699=CARTESIAN_POINT('',(8.115E-1,1.127200618105E0,-1.662454729008E-2));
#5700=CARTESIAN_POINT('',(8.115E-1,1.125896426422E0,0.E0));
#5702=CARTESIAN_POINT('',(-8.115E-1,1.325896426422E0,0.E0));
#5703=CARTESIAN_POINT('',(-8.115E-1,1.322225059099E0,-4.679896401545E-2));
#5704=CARTESIAN_POINT('',(-8.034180301316E-1,1.314847391917E0,
-1.408531800964E-1));
#5705=CARTESIAN_POINT('',(-7.662431508737E-1,1.303601755181E0,
-2.798814314846E-1));
#5706=CARTESIAN_POINT('',(-7.052664925054E-1,1.292399997523E0,
-4.095975885851E-1));
#5707=CARTESIAN_POINT('',(-6.247950014591E-1,1.281460385845E0,
-5.241327389096E-1));
#5708=CARTESIAN_POINT('',(-5.250428418602E-1,1.270423848237E0,
-6.240583928972E-1));
#5709=CARTESIAN_POINT('',(-4.104825260316E-1,1.259475195060E0,
-7.047002965938E-1));
#5710=CARTESIAN_POINT('',(-2.829444960797E-1,1.248452014427E0,
-7.648791872218E-1));
#5711=CARTESIAN_POINT('',(-1.475168306687E-1,1.237474448610E0,
-8.021615566257E-1));
#5712=CARTESIAN_POINT('',(-4.437721702433E-3,1.226242591619E0,
-8.157588025183E-1));
#5713=CARTESIAN_POINT('',(1.388333072786E-1,1.215007526670E0,
-8.037314749123E-1));
#5714=CARTESIAN_POINT('',(2.748454255462E-1,1.204012074240E0,
-7.677851489034E-1));
#5715=CARTESIAN_POINT('',(4.025544720753E-1,1.193035008009E0,
-7.093439484297E-1));
#5716=CARTESIAN_POINT('',(5.204378960979E-1,1.181848162010E0,
-6.281267783992E-1));
#5717=CARTESIAN_POINT('',(6.217946080191E-1,1.170698000405E0,
-5.277222019704E-1));
#5718=CARTESIAN_POINT('',(7.028300397668E-1,1.159767001410E0,
-4.137211218241E-1));
#5719=CARTESIAN_POINT('',(7.641077174306E-1,1.148644258015E0,
-2.852839921586E-1));
#5720=CARTESIAN_POINT('',(7.891744716286E-1,1.141302294728E0,
-1.947401876090E-1));
#5721=CARTESIAN_POINT('',(7.977488116964E-1,1.137632860447E0,
-1.487584734964E-1));
#5723=DIRECTION('',(0.E0,-1.E0,0.E0));
#5724=VECTOR('',#5723,1.323389485156E-1);
#5725=CARTESIAN_POINT('',(-8.115E-1,1.458235374937E0,0.E0));
#5726=LINE('',#5725,#5724);
#5727=CARTESIAN_POINT('',(7.977488116964E-1,8.699718089627E-1,
-1.487584734964E-1));
#5728=CARTESIAN_POINT('',(7.891744716286E-1,8.736412432436E-1,
-1.947401876090E-1));
#5729=CARTESIAN_POINT('',(7.641077174306E-1,8.809832065307E-1,
-2.852839921586E-1));
#5730=CARTESIAN_POINT('',(7.028300397668E-1,8.921059499255E-1,
-4.137211218241E-1));
#5731=CARTESIAN_POINT('',(6.217946080191E-1,9.030369489210E-1,
-5.277222019704E-1));
#5732=CARTESIAN_POINT('',(5.204378960979E-1,9.141871105256E-1,
-6.281267783992E-1));
#5733=CARTESIAN_POINT('',(4.025544720753E-1,9.253739565250E-1,
-7.093439484297E-1));
#5734=CARTESIAN_POINT('',(2.748454255462E-1,9.363510227555E-1,
-7.677851489034E-1));
#5735=CARTESIAN_POINT('',(1.388333072786E-1,9.473464751851E-1,
-8.037314749123E-1));
#5736=CARTESIAN_POINT('',(-4.437721702433E-3,9.585815401344E-1,
-8.157588025183E-1));
#5737=CARTESIAN_POINT('',(-1.475168306687E-1,9.698133971256E-1,
-8.021615566257E-1));
#5738=CARTESIAN_POINT('',(-2.829444960797E-1,9.807909629426E-1,
-7.648791872218E-1));
#5739=CARTESIAN_POINT('',(-4.104825260316E-1,9.918141435750E-1,
-7.047002965938E-1));
#5740=CARTESIAN_POINT('',(-5.250428418602E-1,1.002762796753E0,
-6.240583928972E-1));
#5741=CARTESIAN_POINT('',(-6.247950014591E-1,1.013799334360E0,
-5.241327389096E-1));
#5742=CARTESIAN_POINT('',(-7.052664925054E-1,1.024738946039E0,
-4.095975885851E-1));
#5743=CARTESIAN_POINT('',(-7.662431508737E-1,1.035940703697E0,
-2.798814314846E-1));
#5744=CARTESIAN_POINT('',(-8.034180301316E-1,1.047186340432E0,
-1.408531800964E-1));
#5745=CARTESIAN_POINT('',(-8.115E-1,1.054564007615E0,-4.679896401545E-2));
#5746=CARTESIAN_POINT('',(-8.115E-1,1.058235374937E0,0.E0));
#5748=CARTESIAN_POINT('',(8.115E-1,8.582353749371E-1,0.E0));
#5749=CARTESIAN_POINT('',(8.115E-1,8.595395666206E-1,-1.662454729008E-2));
#5750=CARTESIAN_POINT('',(8.104778274746E-1,8.621478464343E-1,
-4.987230435830E-2));
#5751=CARTESIAN_POINT('',(8.058862389997E-1,8.660593144333E-1,
-9.954360627478E-2));
#5752=CARTESIAN_POINT('',(8.007963298664E-1,8.686676074083E-1,
-1.324155120393E-1));
#5753=CARTESIAN_POINT('',(7.977488116964E-1,8.699718089627E-1,
-1.487584734964E-1));
#5755=CARTESIAN_POINT('',(-8.115E-1,9.258964264219E-1,0.E0));
#5756=CARTESIAN_POINT('',(-8.115E-1,9.222103156436E-1,-4.698689903236E-2));
#5757=CARTESIAN_POINT('',(-8.033542626564E-1,9.148032143394E-1,
-1.414173363006E-1));
#5758=CARTESIAN_POINT('',(-7.658771976079E-1,9.035120961066E-1,
-2.809692361629E-1));
#5759=CARTESIAN_POINT('',(-7.044513695685E-1,8.922679926993E-1,
-4.110843902355E-1));
#5760=CARTESIAN_POINT('',(-6.233478178198E-1,8.812860063308E-1,
-5.258267009046E-1));
#5761=CARTESIAN_POINT('',(-5.234647701732E-1,8.702564917411E-1,
-6.255183832962E-1));
#5762=CARTESIAN_POINT('',(-4.058325724811E-1,8.590483031654E-1,
-7.075763703902E-1));
#5763=CARTESIAN_POINT('',(-2.767151502327E-1,8.479340800546E-1,
-7.671797179527E-1));
#5764=CARTESIAN_POINT('',(-1.406275347070E-1,8.369279854972E-1,
-8.034090753401E-1));
#5765=CARTESIAN_POINT('',(2.198018565539E-3,8.257249298099E-1,
-8.156979594475E-1));
#5766=CARTESIAN_POINT('',(1.435646817979E-1,8.146306983494E-1,
-8.027849592427E-1));
#5767=CARTESIAN_POINT('',(2.786477795454E-1,8.036983771425E-1,
-7.664864416034E-1));
#5768=CARTESIAN_POINT('',(4.083155602805E-1,7.925228958434E-1,
-7.062047061758E-1));
#5769=CARTESIAN_POINT('',(5.264891647649E-1,7.812352921129E-1,
-6.231188239441E-1));
#5770=CARTESIAN_POINT('',(6.274320609838E-1,7.700201914959E-1,
-5.211123598599E-1));
#5771=CARTESIAN_POINT('',(7.075188131511E-1,7.590323992208E-1,
-4.055652225435E-1));
#5772=CARTESIAN_POINT('',(7.667985303452E-1,7.480286492126E-1,
-2.778663368124E-1));
#5773=CARTESIAN_POINT('',(8.033583905058E-1,7.369423735514E-1,
-1.408065581741E-1));
#5774=CARTESIAN_POINT('',(8.115E-1,7.295784710850E-1,-4.693506820603E-2));
#5775=CARTESIAN_POINT('',(8.115E-1,7.258964264224E-1,0.E0));
#5777=DIRECTION('',(0.E0,-1.E0,0.E0));
#5778=VECTOR('',#5777,1.323389485151E-1);
#5779=CARTESIAN_POINT('',(-8.115E-1,1.058235374937E0,0.E0));
#5780=LINE('',#5779,#5778);
#5781=CARTESIAN_POINT('',(8.115E-1,4.582353749379E-1,0.E0));
#5782=CARTESIAN_POINT('',(8.115E-1,4.619174196005E-1,-4.693506820603E-2));
#5783=CARTESIAN_POINT('',(8.033583905058E-1,4.692813220669E-1,
-1.408065581741E-1));
#5784=CARTESIAN_POINT('',(7.667985303452E-1,4.803675977281E-1,
-2.778663368124E-1));
#5785=CARTESIAN_POINT('',(7.075188131511E-1,4.913713477363E-1,
-4.055652225435E-1));
#5786=CARTESIAN_POINT('',(6.274320609838E-1,5.023591400114E-1,
-5.211123598599E-1));
#5787=CARTESIAN_POINT('',(5.264891647649E-1,5.135742406284E-1,
-6.231188239441E-1));
#5788=CARTESIAN_POINT('',(4.083155602804E-1,5.248618443589E-1,
-7.062047061758E-1));
#5789=CARTESIAN_POINT('',(2.786477795454E-1,5.360373256580E-1,
-7.664864416034E-1));
#5790=CARTESIAN_POINT('',(1.435646817979E-1,5.469696468649E-1,
-8.027849592427E-1));
#5791=CARTESIAN_POINT('',(2.198018565544E-3,5.580638783254E-1,
-8.156979594475E-1));
#5792=CARTESIAN_POINT('',(-1.406275347070E-1,5.692669340127E-1,
-8.034090753401E-1));
#5793=CARTESIAN_POINT('',(-2.767151502327E-1,5.802730285701E-1,
-7.671797179527E-1));
#5794=CARTESIAN_POINT('',(-4.058325724811E-1,5.913872516809E-1,
-7.075763703902E-1));
#5795=CARTESIAN_POINT('',(-5.234647701732E-1,6.025954402566E-1,
-6.255183832962E-1));
#5796=CARTESIAN_POINT('',(-6.233478178198E-1,6.136249548463E-1,
-5.258267009046E-1));
#5797=CARTESIAN_POINT('',(-7.044513695685E-1,6.246069412148E-1,
-4.110843902355E-1));
#5798=CARTESIAN_POINT('',(-7.658771976079E-1,6.358510446221E-1,
-2.809692361629E-1));
#5799=CARTESIAN_POINT('',(-8.033542626564E-1,6.471421628549E-1,
-1.414173363006E-1));
#5800=CARTESIAN_POINT('',(-8.115E-1,6.545492641591E-1,-4.698689903237E-2));
#5801=CARTESIAN_POINT('',(-8.115E-1,6.582353749374E-1,0.E0));
#5803=CARTESIAN_POINT('',(-8.115E-1,5.258964264227E-1,0.E0));
#5804=CARTESIAN_POINT('',(-8.115E-1,5.222153855867E-1,-4.692227241616E-2));
#5805=CARTESIAN_POINT('',(-8.033794654794E-1,5.148289975491E-1,
-1.410867243217E-1));
#5806=CARTESIAN_POINT('',(-7.661909330225E-1,5.035958863133E-1,
-2.799431535118E-1));
#5807=CARTESIAN_POINT('',(-7.055541878895E-1,4.924510761467E-1,
-4.090068916761E-1));
#5808=CARTESIAN_POINT('',(-6.254139944320E-1,4.815307149820E-1,
-5.234693502680E-1));
#5809=CARTESIAN_POINT('',(-5.240533232604E-1,4.703080228497E-1,
-6.251876016568E-1));
#5810=CARTESIAN_POINT('',(-4.056789157663E-1,4.590339742084E-1,
-7.076855086729E-1));
#5811=CARTESIAN_POINT('',(-2.762111922102E-1,4.478919249801E-1,
-7.673780785148E-1));
#5812=CARTESIAN_POINT('',(-1.404312949198E-1,4.369136387101E-1,
-8.033598568061E-1));
#5813=CARTESIAN_POINT('',(2.940456728865E-4,4.258734527364E-1,
-8.155891005995E-1));
#5814=CARTESIAN_POINT('',(1.408161113502E-1,4.148486488787E-1,
-8.032834905680E-1));
#5815=CARTESIAN_POINT('',(2.765898694543E-1,4.038695538715E-1,
-7.672452160374E-1));
#5816=CARTESIAN_POINT('',(4.060450024291E-1,3.927259940454E-1,
-7.074761046883E-1));
#5817=CARTESIAN_POINT('',(5.243786933251E-1,3.814515957355E-1,
-6.249132971563E-1));
#5818=CARTESIAN_POINT('',(6.256755536848E-1,3.702304647682E-1,
-5.231585311238E-1));
#5819=CARTESIAN_POINT('',(7.057479050734E-1,3.593105030035E-1,
-4.086563547859E-1));
#5820=CARTESIAN_POINT('',(7.662320246791E-1,3.481849500476E-1,
-2.797938936501E-1));
#5821=CARTESIAN_POINT('',(8.033835967797E-1,3.369603157739E-1,
-1.410418736431E-1));
#5822=CARTESIAN_POINT('',(8.115E-1,3.295769759223E-1,-4.691600934217E-2));
#5823=CARTESIAN_POINT('',(8.115E-1,3.258964264229E-1,0.E0));
#5825=DIRECTION('',(0.E0,-1.E0,1.048654833938E-14));
#5826=VECTOR('',#5825,1.323389485147E-1);
#5827=CARTESIAN_POINT('',(-8.115E-1,6.582353749374E-1,0.E0));
#5828=LINE('',#5827,#5826);
#5829=DIRECTION('',(3.861354940746E-1,5.E-1,-7.751769992820E-1));
#5830=VECTOR('',#5829,2.176610514845E-1);
#5831=CARTESIAN_POINT('',(3.618242052395E-1,3.328814186279E0,
-7.263714576598E-1));
#5832=LINE('',#5831,#5830);
#5833=DIRECTION('',(0.E0,1.E0,0.E0));
#5834=VECTOR('',#5833,5.E-2);
#5835=CARTESIAN_POINT('',(4.458708628952E-1,3.437644712021E0,
-8.950972984101E-1));
#5836=LINE('',#5835,#5834);
#5837=CARTESIAN_POINT('',(4.458708628952E-1,3.437644712021E0,
-8.950972984101E-1));
#5838=CARTESIAN_POINT('',(4.955428544719E-1,3.434111892514E0,
-8.703544086870E-1));
#5839=CARTESIAN_POINT('',(5.907573770995E-1,3.427046253498E0,
-8.125804763543E-1));
#5840=CARTESIAN_POINT('',(7.172443035738E-1,3.416447794975E0,
-7.034500510063E-1));
#5841=CARTESIAN_POINT('',(8.238980463292E-1,3.405849336453E0,
-5.748681131373E-1));
#5842=CARTESIAN_POINT('',(9.077696481295E-1,3.395250877930E0,
-4.303900724155E-1));
#5843=CARTESIAN_POINT('',(9.665398627687E-1,3.384652419407E0,
-2.740110193044E-1));
#5844=CARTESIAN_POINT('',(9.985836081627E-1,3.374053960884E0,
-1.100550936212E-1));
#5845=CARTESIAN_POINT('',(1.003014816359E0,3.363455502361E0,5.694404231181E-2));
#5846=CARTESIAN_POINT('',(9.797109579414E-1,3.352857043838E0,
2.223685786632E-1));
#5847=CARTESIAN_POINT('',(9.293164239823E-1,3.342258585315E0,
3.816442453079E-1));
#5848=CARTESIAN_POINT('',(8.532247091928E-1,3.331660126792E0,
5.303667990082E-1));
#5849=CARTESIAN_POINT('',(7.535398789772E-1,3.321061668269E0,
6.644238080144E-1));
#5850=CARTESIAN_POINT('',(6.330183885627E-1,3.310463209746E0,
7.801083678614E-1));
#5851=CARTESIAN_POINT('',(4.949928622889E-1,3.299864751223E0,
8.742216035702E-1));
#5852=CARTESIAN_POINT('',(3.432799408808E-1,3.289266292700E0,
9.441611239903E-1));
#5853=CARTESIAN_POINT('',(1.820747448352E-1,3.278667834178E0,
9.879929823430E-1));
#5854=CARTESIAN_POINT('',(1.583487219852E-2,3.268069375655E0,1.004505153142E0));
#5855=CARTESIAN_POINT('',(-1.508428616059E-1,3.257470917132E0,
9.932410467597E-1));
#5856=CARTESIAN_POINT('',(-3.133495335480E-1,3.246872458609E0,
9.545121349103E-1));
#5857=CARTESIAN_POINT('',(-4.671915575577E-1,3.236274000086E0,
8.893893379238E-1));
#5858=CARTESIAN_POINT('',(-6.081149398277E-1,3.225675541563E0,
7.996734119778E-1));
#5859=CARTESIAN_POINT('',(-7.322229089824E-1,3.215077083040E0,
6.878451551237E-1));
#5860=CARTESIAN_POINT('',(-8.360836684396E-1,3.204478624517E0,
5.569968089984E-1));
#5861=CARTESIAN_POINT('',(-9.168252914262E-1,3.193880165994E0,
4.107465530798E-1));
#5862=CARTESIAN_POINT('',(-9.722151346422E-1,3.183281707471E0,
2.531384558664E-1));
#5863=CARTESIAN_POINT('',(-1.000721574648E0,3.172683248948E0,
8.853064949932E-2));
#5864=CARTESIAN_POINT('',(-1.001556359857E0,3.162084790425E0,
-7.852518000807E-2));
#5865=CARTESIAN_POINT('',(-9.746964070395E-1,3.151486331903E0,
-2.434096546361E-1));
#5866=CARTESIAN_POINT('',(-9.208844396061E-1,3.140887873380E0,
-4.015634380234E-1));
#5867=CARTESIAN_POINT('',(-8.416084500461E-1,3.130289414857E0,
-5.486133088769E-1));
#5868=CARTESIAN_POINT('',(-7.390605544008E-1,3.119690956334E0,
-6.804930879844E-1));
#5869=CARTESIAN_POINT('',(-6.160763765242E-1,3.109092497811E0,
-7.935560749907E-1));
#5870=CARTESIAN_POINT('',(-4.760566382572E-1,3.098494039288E0,
-8.846758858684E-1));
#5871=CARTESIAN_POINT('',(-3.228731236805E-1,3.087895580765E0,
-9.513329027583E-1));
#5872=CARTESIAN_POINT('',(-1.607616176948E-1,3.077297122242E0,
-9.916839456913E-1));
#5873=CARTESIAN_POINT('',(5.795220641067E-3,3.066698663719E0,
-1.004613239652E0));
#5874=CARTESIAN_POINT('',(1.721918112625E-1,3.056100205196E0,
-9.897632676554E-1));
#5875=CARTESIAN_POINT('',(3.338270052273E-1,3.045501746673E0,
-9.475446567032E-1));
#5876=CARTESIAN_POINT('',(4.862313143144E-1,3.034903288151E0,
-8.791248232452E-1));
#5877=CARTESIAN_POINT('',(6.251904999812E-1,3.024304829628E0,
-7.863956921290E-1));
#5878=CARTESIAN_POINT('',(7.468621042315E-1,3.013706371105E0,
-6.719213816576E-1));
#5879=CARTESIAN_POINT('',(8.478817001193E-1,3.003107912582E0,
-5.388673013541E-1));
#5880=CARTESIAN_POINT('',(9.254559238800E-1,2.992509454059E0,
-3.909126230007E-1));
#5881=CARTESIAN_POINT('',(9.774397161931E-1,2.981910995536E0,
-2.321485452769E-1));
#5882=CARTESIAN_POINT('',(1.002395636723E0,2.971312537013E0,
-6.696516515276E-2));
#5883=CARTESIAN_POINT('',(9.996336117922E-1,2.960714078490E0,
1.000699157645E-1));
#5884=CARTESIAN_POINT('',(9.692300160902E-1,2.950115619967E0,
2.643378931889E-1));
#5885=CARTESIAN_POINT('',(9.120255607863E-1,2.939517161444E0,
4.212964779561E-1));
#5886=CARTESIAN_POINT('',(8.296020464332E-1,2.928918702921E0,
5.666054980493E-1));
#5887=CARTESIAN_POINT('',(7.242386234899E-1,2.918320244398E0,
6.962469117427E-1));
#5888=CARTESIAN_POINT('',(5.988487699324E-1,2.907721785876E0,
8.066359132943E-1));
#5889=CARTESIAN_POINT('',(4.568997286287E-1,2.897123327353E0,
8.947200589262E-1));
#5890=CARTESIAN_POINT('',(3.023166321720E-1,2.886524868830E0,
9.580636720897E-1));
#5891=CARTESIAN_POINT('',(1.393739662843E-1,2.875926410307E0,
9.949151940683E-1));
#5892=CARTESIAN_POINT('',(-2.742262698964E-2,2.865327951784E0,
1.004255617557E0));
#5893=CARTESIAN_POINT('',(-1.934609379532E-1,2.854729493261E0,
9.858266639486E-1));
#5894=CARTESIAN_POINT('',(-3.541497247064E-1,2.844131034738E0,
9.401379251770E-1));
#5895=CARTESIAN_POINT('',(-5.050456687985E-1,2.833532576215E0,
8.684527726328E-1));
#5896=CARTESIAN_POINT('',(-6.419762405463E-1,2.822934117692E0,
7.727534227940E-1));
#5897=CARTESIAN_POINT('',(-7.611550765811E-1,2.812335659169E0,
6.556861255666E-1));
#5898=CARTESIAN_POINT('',(-8.592866792409E-1,2.801737200646E0,
5.204879909709E-1));
#5899=CARTESIAN_POINT('',(-9.336575426893E-1,2.791138742123E0,
3.708974775395E-1));
#5900=CARTESIAN_POINT('',(-9.822111859707E-1,2.780540283601E0,
2.110510175760E-1));
#5901=CARTESIAN_POINT('',(-1.003605018209E0,2.769941825078E0,
4.536863776176E-2));
#5902=CARTESIAN_POINT('',(-9.972474635287E-1,2.759343366555E0,
-1.215682621053E-1));
#5903=CARTESIAN_POINT('',(-9.633143191388E-1,2.748744908032E0,
-2.851435926126E-1));
#5904=CARTESIAN_POINT('',(-9.027438942363E-1,2.738146449509E0,
-4.408342174616E-1));
#5905=CARTESIAN_POINT('',(-8.172110641623E-1,2.727547990986E0,
-5.843350258854E-1));
#5906=CARTESIAN_POINT('',(-7.090809572478E-1,2.716949532463E0,
-7.116779762886E-1));
#5907=CARTESIAN_POINT('',(-5.813435549895E-1,2.706351073940E0,
-8.193418193513E-1));
#5908=CARTESIAN_POINT('',(-4.375310139724E-1,2.695752615417E0,
-9.043494665659E-1));
#5909=CARTESIAN_POINT('',(-2.816199957288E-1,2.685154156894E0,
-9.643503118014E-1));
#5910=CARTESIAN_POINT('',(-1.179217052780E-1,2.674555698371E0,
-9.976852295640E-1));
#5911=CARTESIAN_POINT('',(4.903732102978E-2,2.663957239848E0,
-1.003432452640E0));
#5912=CARTESIAN_POINT('',(2.146403819482E-1,2.653358781325E0,
-9.814330605308E-1));
#5913=CARTESIAN_POINT('',(3.743082709817E-1,2.642760322803E0,
-9.322953738706E-1));
#5914=CARTESIAN_POINT('',(5.236258992393E-1,2.632161864280E0,
-8.573781333295E-1));
#5915=CARTESIAN_POINT('',(6.584643801567E-1,2.621563405757E0,
-7.587529281200E-1));
#5916=CARTESIAN_POINT('',(7.750952002377E-1,2.610964947234E0,
-6.391469130288E-1));
#5917=CARTESIAN_POINT('',(8.702933187980E-1,2.600366488711E0,
-5.018673979462E-1));
#5918=CARTESIAN_POINT('',(9.414263458296E-1,2.589768030188E0,
-3.507103951178E-1));
#5919=CARTESIAN_POINT('',(9.865273320646E-1,2.579169571665E0,
-1.898556529453E-1));
#5920=CARTESIAN_POINT('',(1.004349158470E0,2.568571113142E0,
-2.375107882918E-2));
#5921=CARTESIAN_POINT('',(9.943990212137E-1,2.557972654619E0,
1.430102530416E-1));
#5922=CARTESIAN_POINT('',(9.569520585250E-1,2.547374196096E0,
3.058171080083E-1));
#5923=CARTESIAN_POINT('',(8.930437426585E-1,2.536775737573E0,
4.601675994291E-1));
#5924=CARTESIAN_POINT('',(8.044412473216E-1,2.526177279051E0,
6.017936735074E-1));
#5925=CARTESIAN_POINT('',(6.935945823144E-1,2.515578820528E0,
7.267791282432E-1));
#5926=CARTESIAN_POINT('',(5.635688465884E-1,2.504980362005E0,
8.316679030844E-1));
#5927=CARTESIAN_POINT('',(4.179594730441E-1,2.494381903482E0,
9.135596448828E-1));
#5928=CARTESIAN_POINT('',(2.607928086912E-1,2.483783444959E0,
9.701899075958E-1));
#5929=CARTESIAN_POINT('',(9.641477930127E-2,2.473184986436E0,
9.999927680729E-1));
#5930=CARTESIAN_POINT('',(-7.062928283709E-2,2.462586527913E0,
1.002144126497E0));
#5931=CARTESIAN_POINT('',(-2.357203250920E-1,2.451988069390E0,
9.765844941449E-1));
#5932=CARTESIAN_POINT('',(-3.942932991553E-1,2.441389610867E0,
9.240206383556E-1));
#5933=CARTESIAN_POINT('',(-5.419633923986E-1,2.430791152344E0,
8.459060392062E-1));
#5934=CARTESIAN_POINT('',(-6.746472754050E-1,2.420192693821E0,
7.444006983167E-1));
#5935=CARTESIAN_POINT('',(-7.886760129776E-1,2.409594235298E0,
6.223114111275E-1));
#5936=CARTESIAN_POINT('',(-8.808965164424E-1,2.398995776776E0,
4.830141542290E-1));
#5937=CARTESIAN_POINT('',(-9.487587319165E-1,2.388397318253E0,
3.303607338621E-1));
#5938=CARTESIAN_POINT('',(-9.903861536389E-1,2.377798859730E0,
1.685722769206E-1));
#5939=CARTESIAN_POINT('',(-1.004627712548E0,2.367200401207E0,
2.122509607492E-3));
#5940=CARTESIAN_POINT('',(-9.910896052996E-1,2.356601942684E0,
-1.643859487089E-1));
#5941=CARTESIAN_POINT('',(-9.501461836022E-1,2.346003484161E0,
-3.263488557539E-1));
#5942=CARTESIAN_POINT('',(-8.829296027525E-1,2.335405025638E0,
-4.792876614823E-1));
#5943=CARTESIAN_POINT('',(-7.912985156152E-1,2.324806567115E0,
-6.189733476093E-1));
#5944=CARTESIAN_POINT('',(-6.777866777092E-1,2.314208108592E0,
-7.415433671656E-1));
#5945=CARTESIAN_POINT('',(-5.455328845496E-1,2.303609650069E0,
-8.436084504881E-1));
#5946=CARTESIAN_POINT('',(-3.981941786302E-1,2.293011191546E0,
-9.223463243230E-1));
#5947=CARTESIAN_POINT('',(-2.398447258945E-1,2.282412733023E0,
-9.755797523786E-1));
#5948=CARTESIAN_POINT('',(-7.486315841211E-2,2.271814274501E0,
-1.001836740011E0));
#5949=CARTESIAN_POINT('',(9.218850336757E-2,2.261215815978E0,
-1.000391235901E0));
#5950=CARTESIAN_POINT('',(2.566909940766E-1,2.250617357455E0,
-9.712832141343E-1));
#5951=CARTESIAN_POINT('',(4.140955495363E-1,2.240018898932E0,
-9.153175482319E-1));
#5952=CARTESIAN_POINT('',(5.600496297651E-1,2.229420440409E0,
-8.340418319664E-1));
#5953=CARTESIAN_POINT('',(6.905174908137E-1,2.218821981886E0,
-7.297032986291E-1));
#5954=CARTESIAN_POINT('',(7.647664777590E-1,2.211756342871E0,
-6.466929347342E-1));
#5955=CARTESIAN_POINT('',(7.981956096346E-1,2.208223523363E0,
-6.023983472421E-1));
#5957=CARTESIAN_POINT('',(-9.438546479834E-1,4.3885E0,3.303610199164E-1));
#5958=CARTESIAN_POINT('',(-9.621297301040E-1,4.384978313748E0,
2.781483793144E-1));
#5959=CARTESIAN_POINT('',(-9.899947437232E-1,4.377934941245E0,
1.706840443249E-1));
#5960=CARTESIAN_POINT('',(-1.004589309524E0,4.367369882489E0,
4.796857719594E-3));
#5961=CARTESIAN_POINT('',(-9.915796182937E-1,4.356804823734E0,
-1.612219734416E-1));
#5962=CARTESIAN_POINT('',(-9.513232243138E-1,4.346239764979E0,
-3.228107759656E-1));
#5963=CARTESIAN_POINT('',(-8.849262770727E-1,4.335674706223E0,
-4.755293418182E-1));
#5964=CARTESIAN_POINT('',(-7.942132433633E-1,4.325109647468E0,
-6.151812707912E-1));
#5965=CARTESIAN_POINT('',(-6.816767430682E-1,4.314544588713E0,
-7.379291900305E-1));
#5966=CARTESIAN_POINT('',(-5.504090651148E-1,4.303979529957E0,
-8.404002217239E-1));
#5967=CARTESIAN_POINT('',(-4.040171950186E-1,4.293414471202E0,
-9.197786569261E-1));
#5968=CARTESIAN_POINT('',(-2.465237023982E-1,4.282849412447E0,
-9.738833275966E-1));
#5969=CARTESIAN_POINT('',(-8.225620826731E-2,4.272284353691E0,
-1.001227540479E0));
#5970=CARTESIAN_POINT('',(8.427152969973E-2,4.261719294936E0,
-1.001059928723E0));
#5971=CARTESIAN_POINT('',(2.484836466382E-1,4.251154236181E0,
-9.733850979785E-1));
#5972=CARTESIAN_POINT('',(4.058679065353E-1,4.240589177426E0,
-9.189634998507E-1));
#5973=CARTESIAN_POINT('',(5.520996898773E-1,4.230024118670E0,
-8.392905361379E-1));
#5974=CARTESIAN_POINT('',(6.831608259511E-1,4.219459059915E0,
-7.365554680396E-1));
#5975=CARTESIAN_POINT('',(7.954500045183E-1,4.208894001160E0,
-6.135812594311E-1));
#5976=CARTESIAN_POINT('',(8.858817329560E-1,4.198328942404E0,
-4.737470071969E-1));
#5977=CARTESIAN_POINT('',(9.519711197147E-1,4.187763883649E0,
-3.208950900875E-1));
#5978=CARTESIAN_POINT('',(9.919021544016E-1,4.177198824894E0,
-1.592255874750E-1));
#5979=CARTESIAN_POINT('',(1.004577608285E0,4.166633766138E0,6.819130824013E-3));
#5980=CARTESIAN_POINT('',(9.896491840502E-1,4.156068707383E0,
1.726764724041E-1));
#5981=CARTESIAN_POINT('',(9.475270863436E-1,4.145503648628E0,
3.337889936150E-1));
#5982=CARTESIAN_POINT('',(8.793687501325E-1,4.134938589872E0,
4.857296294274E-1));
#5983=CARTESIAN_POINT('',(7.870470365976E-1,4.124373531117E0,
6.243233407427E-1));
#5984=CARTESIAN_POINT('',(6.730987704772E-1,4.113808472362E0,
7.457618365103E-1));
#5985=CARTESIAN_POINT('',(5.406550329579E-1,4.103243413606E0,
8.467082183081E-1));
#5986=CARTESIAN_POINT('',(3.933551255311E-1,4.092678354851E0,
9.243886719512E-1));
#5987=CARTESIAN_POINT('',(2.352465689238E-1,4.082113296096E0,
9.766686866194E-1));
#5988=CARTESIAN_POINT('',(7.067388494308E-2,4.071548237340E0,1.002111707147E0));
#5989=CARTESIAN_POINT('',(-9.584078270321E-2,4.060983178585E0,
1.000018607819E0));
#5990=CARTESIAN_POINT('',(-2.597219282973E-1,4.050418119830E0,
9.704469030167E-1));
#5991=CARTESIAN_POINT('',(-4.164664102885E-1,4.039853061074E0,
9.142091668293E-1));
#5992=CARTESIAN_POINT('',(-5.617671890402E-1,4.029288002319E0,
8.328507050673E-1));
#5993=CARTESIAN_POINT('',(-6.916316760716E-1,4.018722943564E0,
7.286070932043E-1));
#5994=CARTESIAN_POINT('',(-8.024914427789E-1,4.008157884808E0,
6.043427470235E-1));
#5995=CARTESIAN_POINT('',(-8.913002740533E-1,3.997592826053E0,
4.634722139307E-1));
#5996=CARTESIAN_POINT('',(-9.556178724660E-1,3.987027767298E0,
3.098663476998E-1));
#5997=CARTESIAN_POINT('',(-9.936769129914E-1,3.976462708542E0,
1.477459447875E-1));
#5998=CARTESIAN_POINT('',(-1.004431605730E0,3.965897649787E0,
-1.843423510849E-2));
#5999=CARTESIAN_POINT('',(-9.875864322218E-1,3.955332591032E0,
-1.841078773562E-1));
#6000=CARTESIAN_POINT('',(-9.436042657310E-1,3.944767532277E0,
-3.447225860131E-1));
#6001=CARTESIAN_POINT('',(-8.736936523699E-1,3.934202473521E0,
-4.958649749899E-1));
#6002=CARTESIAN_POINT('',(-7.797756025558E-1,3.923637414766E0,
-6.333819394899E-1));
#6003=CARTESIAN_POINT('',(-6.644308053055E-1,3.913072356011E0,
-7.534947754128E-1));
#6004=CARTESIAN_POINT('',(-5.308287158195E-1,3.902507297255E0,
-8.529030109424E-1));
#6005=CARTESIAN_POINT('',(-3.826404648936E-1,3.891942238500E0,
-9.288750972220E-1));
#6006=CARTESIAN_POINT('',(-2.239379832412E-1,3.881377179745E0,
-9.793234661107E-1));
#6007=CARTESIAN_POINT('',(-5.908211259771E-2,3.870812120989E0,
-1.002861892578E0));
#6008=CARTESIAN_POINT('',(1.073972218993E-1,3.860247062234E0,
-9.988435855236E-1));
#6009=CARTESIAN_POINT('',(2.709254854197E-1,3.849682003479E0,
-9.673789603683E-1));
#6010=CARTESIAN_POINT('',(4.270092329395E-1,3.839116944723E0,
-9.093326050449E-1));
#6011=CARTESIAN_POINT('',(5.713595805463E-1,3.828551885968E0,
-8.262995227707E-1));
#6012=CARTESIAN_POINT('',(7.000100557957E-1,3.817986827213E0,
-7.205613043997E-1));
#6013=CARTESIAN_POINT('',(8.094255888139E-1,3.807421768457E0,
-5.950234346532E-1));
#6014=CARTESIAN_POINT('',(8.965996492815E-1,3.796856709702E0,
-4.531354549377E-1));
#6015=CARTESIAN_POINT('',(9.591368601559E-1,3.786291650947E0,
-2.987961765209E-1));
#6016=CARTESIAN_POINT('',(9.953188180678E-1,3.775726592191E0,
-1.362465486289E-1));
#6017=CARTESIAN_POINT('',(1.004151311771E0,3.765161533436E0,3.004687475618E-2));
#6018=CARTESIAN_POINT('',(9.853916411705E-1,3.754596474681E0,
1.955146672874E-1));
#6019=CARTESIAN_POINT('',(9.395552862629E-1,3.744031415925E0,
3.556100893797E-1));
#6020=CARTESIAN_POINT('',(8.679017427242E-1,3.733466357170E0,
5.059340239494E-1));
#6021=CARTESIAN_POINT('',(7.723999133710E-1,3.722901298415E0,
6.423558557666E-1));
#6022=CARTESIAN_POINT('',(6.556740064636E-1,3.712336239659E0,
7.611269728903E-1));
#6023=CARTESIAN_POINT('',(5.209314274637E-1,3.701771180904E0,
8.589837713798E-1));
#6024=CARTESIAN_POINT('',(3.718746456454E-1,3.691206122149E0,
9.332373329113E-1));
#6025=CARTESIAN_POINT('',(2.125994572956E-1,3.680641063394E0,
9.818473111288E-1));
#6026=CARTESIAN_POINT('',(4.748244103836E-2,3.670076004638E0,1.003477996473E0));
#6027=CARTESIAN_POINT('',(-1.189393022050E-1,3.659510945883E0,
9.975350189363E-1));
#6028=CARTESIAN_POINT('',(-2.820928201022E-1,3.648945887128E0,
9.641816802139E-1));
#6029=CARTESIAN_POINT('',(-4.374949649247E-1,3.638380828372E0,
9.043344664883E-1));
#6030=CARTESIAN_POINT('',(-5.808755819035E-1,3.627815769617E0,
8.196378651341E-1));
#6031=CARTESIAN_POINT('',(-7.082948449433E-1,3.617250710862E0,
7.124191773387E-1));
#6032=CARTESIAN_POINT('',(-8.162515155357E-1,3.606685652106E0,
5.856245683020E-1));
#6033=CARTESIAN_POINT('',(-9.017791501202E-1,3.596120593351E0,
4.427381122309E-1));
#6034=CARTESIAN_POINT('',(-9.625276122997E-1,3.585555534596E0,
2.876860566206E-1));
#6035=CARTESIAN_POINT('',(-9.968276501100E-1,3.574990475840E0,
1.247289364559E-1));
#6036=CARTESIAN_POINT('',(-1.003736763882E0,3.564425417085E0,
-4.165549717014E-2));
#6037=CARTESIAN_POINT('',(-9.830651043373E-1,3.553860358330E0,
-2.068953171222E-1));
#6038=CARTESIAN_POINT('',(-9.353806892841E-1,3.543295299574E0,
-3.664500480682E-1));
#6039=CARTESIAN_POINT('',(-8.619937955645E-1,3.532730240819E0,
-5.159354300838E-1));
#6040=CARTESIAN_POINT('',(-7.649209551743E-1,3.522165182064E0,
-6.512438897751E-1));
#6041=CARTESIAN_POINT('',(-6.468295446899E-1,3.511600123308E0,
-7.686574085088E-1));
#6042=CARTESIAN_POINT('',(-5.109644912812E-1,3.501035064553E0,
-8.649496866961E-1));
#6043=CARTESIAN_POINT('',(-3.610591066636E-1,3.490470005798E0,
-9.374747955434E-1));
#6044=CARTESIAN_POINT('',(-2.012325089043E-1,3.479904947042E0,
-9.842398851694E-1));
#6045=CARTESIAN_POINT('',(-3.587641415269E-2,3.469339888287E0,
-1.003959932987E0));
#6046=CARTESIAN_POINT('',(1.304654544239E-1,3.458774829532E0,
-9.960930959787E-1));
#6047=CARTESIAN_POINT('',(2.932225364411E-1,3.448209770777E0,
-9.608554416299E-1));
#6048=CARTESIAN_POINT('',(3.963554066271E-1,3.441166398273E0,
-9.197622138915E-1));
#6049=CARTESIAN_POINT('',(4.458708628952E-1,3.437644712021E0,
-8.950972984101E-1));
#6051=CARTESIAN_POINT('',(0.E0,4.3885E0,0.E0));
#6052=DIRECTION('',(0.E0,-1.E0,0.E0));
#6053=DIRECTION('',(-1.E0,0.E0,0.E0));
#6054=AXIS2_PLACEMENT_3D('',#6051,#6052,#6053);
#6056=CARTESIAN_POINT('',(0.E0,4.5E0,0.E0));
#6057=DIRECTION('',(0.E0,-1.E0,0.E0));
#6058=DIRECTION('',(-1.E0,0.E0,0.E0));
#6059=AXIS2_PLACEMENT_3D('',#6056,#6057,#6058);
#6061=CARTESIAN_POINT('',(-9.010065394661E-1,4.3885E0,-4.338055046208E-1));
#6062=CARTESIAN_POINT('',(-8.752750019142E-1,4.386291168336E0,
-4.821577078951E-1));
#6063=CARTESIAN_POINT('',(-8.157305469167E-1,4.381852851948E0,
-5.747190937684E-1));
#6064=CARTESIAN_POINT('',(-7.053297741045E-1,4.375179784440E0,
-6.965386562903E-1));
#6065=CARTESIAN_POINT('',(-5.740626299948E-1,4.368352025239E0,
-7.998994981763E-1));
#6066=CARTESIAN_POINT('',(-4.282941628972E-1,4.361531348900E0,
-8.787983432787E-1));
#6067=CARTESIAN_POINT('',(-2.748460468961E-1,4.354813864147E0,
-9.309879418450E-1));
#6068=CARTESIAN_POINT('',(-1.173800633736E-1,4.348154284770E0,
-9.569174784271E-1));
#6069=CARTESIAN_POINT('',(4.427700989381E-2,4.341361867976E0,
-9.564146490640E-1));
#6070=CARTESIAN_POINT('',(2.030353034883E-1,4.334540055119E0,
-9.285241656385E-1));
#6071=CARTESIAN_POINT('',(3.514074410677E-1,4.327829116561E0,
-8.758496724701E-1));
#6072=CARTESIAN_POINT('',(4.904104149089E-1,4.320999054378E0,
-7.984452184013E-1));
#6073=CARTESIAN_POINT('',(6.138830474109E-1,4.314134116091E0,
-6.986646890491E-1));
#6074=CARTESIAN_POINT('',(7.164343508102E-1,4.307372030528E0,
-5.821665678539E-1));
#6075=CARTESIAN_POINT('',(7.978412688496E-1,4.300597945698E0,
-4.510189406182E-1));
#6076=CARTESIAN_POINT('',(8.568789796529E-1,4.293653203394E0,
-3.054463020226E-1));
#6077=CARTESIAN_POINT('',(8.896483647436E-1,4.286679432971E0,
-1.523770699993E-1));
#6078=CARTESIAN_POINT('',(8.935969044274E-1,4.282096904427E0,
-5.039075314151E-2));
#6079=CARTESIAN_POINT('',(8.913151361056E-1,4.279815136106E0,0.E0));
#6081=CARTESIAN_POINT('',(-9.010065394661E-1,4.3885E0,-4.338055046208E-1));
#6082=CARTESIAN_POINT('',(-8.769335632192E-1,4.384967234165E0,
-4.838046604448E-1));
#6083=CARTESIAN_POINT('',(-8.204449829373E-1,4.377901702494E0,
-5.797853532216E-1));
#6084=CARTESIAN_POINT('',(-7.130258143787E-1,4.367303404989E0,
-7.077254199066E-1));
#6085=CARTESIAN_POINT('',(-5.858909427028E-1,4.356705107483E0,
-8.160961084277E-1));
#6086=CARTESIAN_POINT('',(-4.425556598707E-1,4.346106809977E0,
-9.019010772249E-1));
#6087=CARTESIAN_POINT('',(-2.869833362691E-1,4.335508512472E0,
-9.627676907797E-1));
#6088=CARTESIAN_POINT('',(-1.234756740572E-1,4.324910214966E0,
-9.970129491253E-1));
#6089=CARTESIAN_POINT('',(4.344619680349E-2,4.314311917461E0,
-1.003689937410E0));
#6090=CARTESIAN_POINT('',(2.091667429004E-1,4.303713619955E0,
-9.826140321794E-1));
#6091=CARTESIAN_POINT('',(3.691036478541E-1,4.293115322449E0,
-9.343680001397E-1));
#6092=CARTESIAN_POINT('',(5.188345181285E-1,4.282517024944E0,
-8.602858858251E-1));
#6093=CARTESIAN_POINT('',(6.542191658168E-1,4.271918727438E0,
-7.624161236672E-1));
#6094=CARTESIAN_POINT('',(7.715140884705E-1,4.261320429932E0,
-6.434648971325E-1));
#6095=CARTESIAN_POINT('',(8.674759801608E-1,4.250722132427E0,
-5.067213103809E-1));
#6096=CARTESIAN_POINT('',(9.394514116929E-1,4.240123834921E0,
-3.559664417025E-1));
#6097=CARTESIAN_POINT('',(9.854502002140E-1,4.229525537415E0,
-1.953687934350E-1));
#6098=CARTESIAN_POINT('',(1.004200439489E0,4.218927239910E0,
-2.936902927371E-2));
#6099=CARTESIAN_POINT('',(9.951836692054E-1,4.208328942404E0,
1.374428139153E-1));
#6100=CARTESIAN_POINT('',(9.586492108505E-1,4.197730644899E0,
3.004542445795E-1));
#6101=CARTESIAN_POINT('',(8.956072737553E-1,4.187132347393E0,
4.551578558552E-1));
#6102=CARTESIAN_POINT('',(8.078010219347E-1,4.176534049887E0,
5.972759592611E-1));
#6103=CARTESIAN_POINT('',(6.976583740968E-1,4.165935752382E0,
7.228788664795E-1));
#6104=CARTESIAN_POINT('',(5.682248695929E-1,4.155337454876E0,
8.284935486328E-1));
#6105=CARTESIAN_POINT('',(4.230794566247E-1,4.144739157370E0,
9.111996685317E-1));
#6106=CARTESIAN_POINT('',(2.662355312339E-1,4.134140859865E0,
9.687103305213E-1));
#6107=CARTESIAN_POINT('',(1.020299634361E-1,4.123542562359E0,
9.994353151211E-1));
#6108=CARTESIAN_POINT('',(-6.499682098203E-2,4.112944264854E0,
1.002525049967E0));
#6109=CARTESIAN_POINT('',(-2.302263871571E-1,4.102345967348E0,
9.778941012229E-1));
#6110=CARTESIAN_POINT('',(-3.890899948628E-1,4.091747669842E0,
9.262235358960E-1));
#6111=CARTESIAN_POINT('',(-5.371949281231E-1,4.081149372337E0,
8.489420897499E-1));
#6112=CARTESIAN_POINT('',(-6.704459576035E-1,4.070551074831E0,
7.481866615245E-1));
#6113=CARTESIAN_POINT('',(-7.851585772396E-1,4.059952777325E0,
6.267432258407E-1));
#6114=CARTESIAN_POINT('',(-8.781608840122E-1,4.049354479820E0,
4.879697985952E-1));
#6115=CARTESIAN_POINT('',(-9.468812838056E-1,4.038756182314E0,
3.357035849209E-1));
#6116=CARTESIAN_POINT('',(-9.894195982064E-1,4.028157884808E0,
1.741548771501E-1));
#6117=CARTESIAN_POINT('',(-1.004599606078E0,4.017559587303E0,
7.790636594971E-3));
#6118=CARTESIAN_POINT('',(-9.920015670898E-1,4.006961289797E0,
-1.587890217914E-1));
#6119=CARTESIAN_POINT('',(-9.519738279025E-1,3.996362992292E0,
-3.209780265668E-1));
#6120=CARTESIAN_POINT('',(-8.856231900795E-1,3.985764694786E0,
-4.742917116538E-1));
#6121=CARTESIAN_POINT('',(-7.947843060688E-1,3.975166397280E0,
-6.144908212307E-1));
#6122=CARTESIAN_POINT('',(-6.819689494780E-1,3.964568099775E0,
-7.376987288168E-1));
#6123=CARTESIAN_POINT('',(-5.502965623641E-1,3.953969802269E0,
-8.405086293431E-1));
#6124=CARTESIAN_POINT('',(-4.034079999668E-1,3.943371504763E0,
-9.200777402550E-1));
#6125=CARTESIAN_POINT('',(-2.453648579154E-1,3.932773207258E0,
-9.742059069058E-1));
#6126=CARTESIAN_POINT('',(-8.053716560174E-2,3.922174909752E0,
-1.001396438733E0));
#6127=CARTESIAN_POINT('',(8.651744890701E-2,3.911576612246E0,
-1.000897494045E0));
#6128=CARTESIAN_POINT('',(2.511797812216E-1,3.900978314741E0,
-9.727228690925E-1));
#6129=CARTESIAN_POINT('',(4.088967756218E-1,3.890380017235E0,
-9.176516165932E-1));
#6130=CARTESIAN_POINT('',(5.553074209800E-1,3.879781719730E0,
-8.372065042477E-1));
#6131=CARTESIAN_POINT('',(6.863633364856E-1,3.869183422224E0,
-7.336119088990E-1));
#6132=CARTESIAN_POINT('',(7.984407128717E-1,3.858585124718E0,
-6.097323105913E-1));
#6133=CARTESIAN_POINT('',(8.884405138712E-1,3.847986827213E0,
-4.689930872222E-1));
#6134=CARTESIAN_POINT('',(9.538741672467E-1,3.837388529707E0,
-3.152857998855E-1));
#6135=CARTESIAN_POINT('',(9.929323759621E-1,3.826790232201E0,
-1.528605878450E-1));
#6136=CARTESIAN_POINT('',(1.004535146809E0,3.816191934696E0,1.379135148715E-2));
#6137=CARTESIAN_POINT('',(9.883616531507E-1,3.805593637190E0,
1.800619480380E-1));
#6138=CARTESIAN_POINT('',(9.448591060578E-1,3.794995339685E0,
3.413536761920E-1));
#6139=CARTESIAN_POINT('',(8.752303885336E-1,3.784397042179E0,
4.932066803454E-1));
#6140=CARTESIAN_POINT('',(7.814007947616E-1,3.773798744673E0,
6.314220937661E-1));
#6141=CARTESIAN_POINT('',(6.659647940575E-1,3.763200447168E0,
7.521781408855E-1));
#6142=CARTESIAN_POINT('',(5.321142915518E-1,3.752602149662E0,
8.521358126944E-1));
#6143=CARTESIAN_POINT('',(3.835503692560E-1,3.742003852156E0,
9.285311932260E-1));
#6144=CARTESIAN_POINT('',(2.243809479478E-1,3.731405554651E0,
9.792518842198E-1));
#6145=CARTESIAN_POINT('',(5.900719961348E-2,3.720807257145E0,1.002895414759E0));
#6146=CARTESIAN_POINT('',(-1.079981487593E-1,3.710208959639E0,
9.988080208001E-1));
#6147=CARTESIAN_POINT('',(-2.720172550324E-1,3.699610662134E0,
9.671027223179E-1));
#6148=CARTESIAN_POINT('',(-4.285148492413E-1,3.689012364628E0,
9.086561982014E-1));
#6149=CARTESIAN_POINT('',(-5.731636377269E-1,3.678414067123E0,
8.250845453271E-1));
#6150=CARTESIAN_POINT('',(-7.019639565431E-1,3.667815769617E0,
7.186985920846E-1));
#6151=CARTESIAN_POINT('',(-8.113543656198E-1,3.657217472111E0,
5.924400019747E-1));
#6152=CARTESIAN_POINT('',(-8.983101256568E-1,3.646619174606E0,
4.497999340735E-1));
#6153=CARTESIAN_POINT('',(-9.604268347787E-1,3.636020877100E0,
2.947225094678E-1));
#6154=CARTESIAN_POINT('',(-9.959869123232E-1,3.625422579594E0,
1.314957529004E-1));
#6155=CARTESIAN_POINT('',(-1.004007091430E0,3.614824282089E0,
-3.536697481790E-2));
#6156=CARTESIAN_POINT('',(-9.842656072196E-1,3.604225984583E0,
-2.012517751331E-1));
#6157=CARTESIAN_POINT('',(-9.373083287833E-1,3.593627687078E0,
-3.615717900295E-1));
#6158=CARTESIAN_POINT('',(-8.644336654253E-1,3.583029389572E0,
-5.118940326117E-1));
#6159=CARTESIAN_POINT('',(-7.676566645551E-1,3.572431092066E0,
-6.480619630371E-1));
#6160=CARTESIAN_POINT('',(-6.496532937664E-1,3.561832794561E0,
-7.663104203736E-1));
#6161=CARTESIAN_POINT('',(-5.136864484668E-1,3.551234497055E0,
-8.633697327732E-1));
#6162=CARTESIAN_POINT('',(-3.635157283418E-1,3.540636199549E0,
-9.365561258961E-1));
#6163=CARTESIAN_POINT('',(-2.032934873697E-1,3.530037902044E0,
-9.838459346748E-1));
#6164=CARTESIAN_POINT('',(-3.744999453156E-2,3.519439604538E0,
-1.003931547886E0));
#6165=CARTESIAN_POINT('',(1.294289806832E-1,3.508841307032E0,
-9.962576077058E-1));
#6166=CARTESIAN_POINT('',(2.927292907270E-1,3.498243009527E0,
-9.610362054511E-1));
#6167=CARTESIAN_POINT('',(3.961996259612E-1,3.491177477856E0,
-9.198398122264E-1));
#6168=CARTESIAN_POINT('',(4.458708628952E-1,3.487644712021E0,
-8.950972984101E-1));
#6170=CARTESIAN_POINT('',(4.458708628952E-1,3.487644712021E0,
-8.950972984101E-1));
#6171=CARTESIAN_POINT('',(4.955428544719E-1,3.484111892514E0,
-8.703544086870E-1));
#6172=CARTESIAN_POINT('',(5.907573770995E-1,3.477046253498E0,
-8.125804763543E-1));
#6173=CARTESIAN_POINT('',(7.172443035738E-1,3.466447794975E0,
-7.034500510063E-1));
#6174=CARTESIAN_POINT('',(8.238980463292E-1,3.455849336453E0,
-5.748681131373E-1));
#6175=CARTESIAN_POINT('',(9.077696481295E-1,3.445250877930E0,
-4.303900724155E-1));
#6176=CARTESIAN_POINT('',(9.665398627687E-1,3.434652419407E0,
-2.740110193044E-1));
#6177=CARTESIAN_POINT('',(9.985836081627E-1,3.424053960884E0,
-1.100550936212E-1));
#6178=CARTESIAN_POINT('',(1.003014816359E0,3.413455502361E0,5.694404231181E-2));
#6179=CARTESIAN_POINT('',(9.797109579414E-1,3.402857043838E0,
2.223685786632E-1));
#6180=CARTESIAN_POINT('',(9.293164239823E-1,3.392258585315E0,
3.816442453079E-1));
#6181=CARTESIAN_POINT('',(8.532247091928E-1,3.381660126792E0,
5.303667990082E-1));
#6182=CARTESIAN_POINT('',(7.535398789772E-1,3.371061668269E0,
6.644238080144E-1));
#6183=CARTESIAN_POINT('',(6.330183885627E-1,3.360463209746E0,
7.801083678614E-1));
#6184=CARTESIAN_POINT('',(4.949928622889E-1,3.349864751223E0,
8.742216035702E-1));
#6185=CARTESIAN_POINT('',(3.432799408808E-1,3.339266292700E0,
9.441611239903E-1));
#6186=CARTESIAN_POINT('',(1.820747448352E-1,3.328667834178E0,
9.879929823430E-1));
#6187=CARTESIAN_POINT('',(1.583487219852E-2,3.318069375655E0,1.004505153142E0));
#6188=CARTESIAN_POINT('',(-1.508428616059E-1,3.307470917132E0,
9.932410467597E-1));
#6189=CARTESIAN_POINT('',(-3.133495335480E-1,3.296872458609E0,
9.545121349103E-1));
#6190=CARTESIAN_POINT('',(-4.671915575577E-1,3.286274000086E0,
8.893893379238E-1));
#6191=CARTESIAN_POINT('',(-6.081149398277E-1,3.275675541563E0,
7.996734119778E-1));
#6192=CARTESIAN_POINT('',(-7.322229089824E-1,3.265077083040E0,
6.878451551237E-1));
#6193=CARTESIAN_POINT('',(-8.360836684396E-1,3.254478624517E0,
5.569968089984E-1));
#6194=CARTESIAN_POINT('',(-9.168252914262E-1,3.243880165994E0,
4.107465530798E-1));
#6195=CARTESIAN_POINT('',(-9.722151346422E-1,3.233281707471E0,
2.531384558664E-1));
#6196=CARTESIAN_POINT('',(-1.000721574648E0,3.222683248948E0,
8.853064949932E-2));
#6197=CARTESIAN_POINT('',(-1.001556359857E0,3.212084790425E0,
-7.852518000807E-2));
#6198=CARTESIAN_POINT('',(-9.746964070395E-1,3.201486331903E0,
-2.434096546361E-1));
#6199=CARTESIAN_POINT('',(-9.208844396061E-1,3.190887873380E0,
-4.015634380234E-1));
#6200=CARTESIAN_POINT('',(-8.416084500461E-1,3.180289414857E0,
-5.486133088769E-1));
#6201=CARTESIAN_POINT('',(-7.390605544008E-1,3.169690956334E0,
-6.804930879844E-1));
#6202=CARTESIAN_POINT('',(-6.160763765242E-1,3.159092497811E0,
-7.935560749907E-1));
#6203=CARTESIAN_POINT('',(-4.760566382572E-1,3.148494039288E0,
-8.846758858684E-1));
#6204=CARTESIAN_POINT('',(-3.228731236805E-1,3.137895580765E0,
-9.513329027583E-1));
#6205=CARTESIAN_POINT('',(-1.607616176948E-1,3.127297122242E0,
-9.916839456913E-1));
#6206=CARTESIAN_POINT('',(5.795220641067E-3,3.116698663719E0,
-1.004613239652E0));
#6207=CARTESIAN_POINT('',(1.721918112625E-1,3.106100205196E0,
-9.897632676554E-1));
#6208=CARTESIAN_POINT('',(3.338270052273E-1,3.095501746673E0,
-9.475446567032E-1));
#6209=CARTESIAN_POINT('',(4.862313143144E-1,3.084903288151E0,
-8.791248232452E-1));
#6210=CARTESIAN_POINT('',(6.251904999812E-1,3.074304829628E0,
-7.863956921290E-1));
#6211=CARTESIAN_POINT('',(7.468621042315E-1,3.063706371105E0,
-6.719213816576E-1));
#6212=CARTESIAN_POINT('',(8.478817001193E-1,3.053107912582E0,
-5.388673013541E-1));
#6213=CARTESIAN_POINT('',(9.254559238800E-1,3.042509454059E0,
-3.909126230007E-1));
#6214=CARTESIAN_POINT('',(9.774397161931E-1,3.031910995536E0,
-2.321485452769E-1));
#6215=CARTESIAN_POINT('',(1.002395636723E0,3.021312537013E0,
-6.696516515276E-2));
#6216=CARTESIAN_POINT('',(9.996336117922E-1,3.010714078490E0,
1.000699157645E-1));
#6217=CARTESIAN_POINT('',(9.692300160902E-1,3.000115619967E0,
2.643378931889E-1));
#6218=CARTESIAN_POINT('',(9.120255607863E-1,2.989517161444E0,
4.212964779561E-1));
#6219=CARTESIAN_POINT('',(8.296020464332E-1,2.978918702921E0,
5.666054980493E-1));
#6220=CARTESIAN_POINT('',(7.242386234899E-1,2.968320244398E0,
6.962469117427E-1));
#6221=CARTESIAN_POINT('',(5.988487699324E-1,2.957721785876E0,
8.066359132943E-1));
#6222=CARTESIAN_POINT('',(4.568997286287E-1,2.947123327353E0,
8.947200589262E-1));
#6223=CARTESIAN_POINT('',(3.023166321720E-1,2.936524868830E0,
9.580636720897E-1));
#6224=CARTESIAN_POINT('',(1.393739662843E-1,2.925926410307E0,
9.949151940683E-1));
#6225=CARTESIAN_POINT('',(-2.742262698964E-2,2.915327951784E0,
1.004255617557E0));
#6226=CARTESIAN_POINT('',(-1.934609379532E-1,2.904729493261E0,
9.858266639486E-1));
#6227=CARTESIAN_POINT('',(-3.541497247064E-1,2.894131034738E0,
9.401379251770E-1));
#6228=CARTESIAN_POINT('',(-5.050456687985E-1,2.883532576215E0,
8.684527726328E-1));
#6229=CARTESIAN_POINT('',(-6.419762405463E-1,2.872934117692E0,
7.727534227940E-1));
#6230=CARTESIAN_POINT('',(-7.611550765811E-1,2.862335659169E0,
6.556861255666E-1));
#6231=CARTESIAN_POINT('',(-8.592866792409E-1,2.851737200646E0,
5.204879909709E-1));
#6232=CARTESIAN_POINT('',(-9.336575426893E-1,2.841138742123E0,
3.708974775395E-1));
#6233=CARTESIAN_POINT('',(-9.822111859707E-1,2.830540283601E0,
2.110510175760E-1));
#6234=CARTESIAN_POINT('',(-1.003605018209E0,2.819941825078E0,
4.536863776176E-2));
#6235=CARTESIAN_POINT('',(-9.972474635287E-1,2.809343366555E0,
-1.215682621053E-1));
#6236=CARTESIAN_POINT('',(-9.633143191388E-1,2.798744908032E0,
-2.851435926126E-1));
#6237=CARTESIAN_POINT('',(-9.027438942363E-1,2.788146449509E0,
-4.408342174616E-1));
#6238=CARTESIAN_POINT('',(-8.172110641623E-1,2.777547990986E0,
-5.843350258854E-1));
#6239=CARTESIAN_POINT('',(-7.090809572478E-1,2.766949532463E0,
-7.116779762886E-1));
#6240=CARTESIAN_POINT('',(-5.813435549895E-1,2.756351073940E0,
-8.193418193513E-1));
#6241=CARTESIAN_POINT('',(-4.375310139724E-1,2.745752615417E0,
-9.043494665659E-1));
#6242=CARTESIAN_POINT('',(-2.816199957288E-1,2.735154156894E0,
-9.643503118014E-1));
#6243=CARTESIAN_POINT('',(-1.179217052780E-1,2.724555698371E0,
-9.976852295640E-1));
#6244=CARTESIAN_POINT('',(4.903732102978E-2,2.713957239848E0,
-1.003432452640E0));
#6245=CARTESIAN_POINT('',(2.146403819482E-1,2.703358781325E0,
-9.814330605308E-1));
#6246=CARTESIAN_POINT('',(3.743082709817E-1,2.692760322803E0,
-9.322953738706E-1));
#6247=CARTESIAN_POINT('',(5.236258992393E-1,2.682161864280E0,
-8.573781333295E-1));
#6248=CARTESIAN_POINT('',(6.584643801567E-1,2.671563405757E0,
-7.587529281200E-1));
#6249=CARTESIAN_POINT('',(7.750952002377E-1,2.660964947234E0,
-6.391469130288E-1));
#6250=CARTESIAN_POINT('',(8.702933187980E-1,2.650366488711E0,
-5.018673979462E-1));
#6251=CARTESIAN_POINT('',(9.414263458296E-1,2.639768030188E0,
-3.507103951178E-1));
#6252=CARTESIAN_POINT('',(9.865273320646E-1,2.629169571665E0,
-1.898556529453E-1));
#6253=CARTESIAN_POINT('',(1.004349158470E0,2.618571113142E0,
-2.375107882918E-2));
#6254=CARTESIAN_POINT('',(9.943990212137E-1,2.607972654619E0,
1.430102530416E-1));
#6255=CARTESIAN_POINT('',(9.569520585250E-1,2.597374196096E0,
3.058171080083E-1));
#6256=CARTESIAN_POINT('',(8.930437426585E-1,2.586775737573E0,
4.601675994291E-1));
#6257=CARTESIAN_POINT('',(8.044412473216E-1,2.576177279051E0,
6.017936735074E-1));
#6258=CARTESIAN_POINT('',(6.935945823144E-1,2.565578820528E0,
7.267791282432E-1));
#6259=CARTESIAN_POINT('',(5.635688465884E-1,2.554980362005E0,
8.316679030844E-1));
#6260=CARTESIAN_POINT('',(4.179594730441E-1,2.544381903482E0,
9.135596448828E-1));
#6261=CARTESIAN_POINT('',(2.607928086912E-1,2.533783444959E0,
9.701899075958E-1));
#6262=CARTESIAN_POINT('',(9.641477930127E-2,2.523184986436E0,
9.999927680729E-1));
#6263=CARTESIAN_POINT('',(-7.062928283709E-2,2.512586527913E0,
1.002144126497E0));
#6264=CARTESIAN_POINT('',(-2.357203250920E-1,2.501988069390E0,
9.765844941449E-1));
#6265=CARTESIAN_POINT('',(-3.942932991553E-1,2.491389610867E0,
9.240206383556E-1));
#6266=CARTESIAN_POINT('',(-5.419633923986E-1,2.480791152344E0,
8.459060392062E-1));
#6267=CARTESIAN_POINT('',(-6.746472754050E-1,2.470192693821E0,
7.444006983167E-1));
#6268=CARTESIAN_POINT('',(-7.886760129776E-1,2.459594235298E0,
6.223114111275E-1));
#6269=CARTESIAN_POINT('',(-8.808965164424E-1,2.448995776776E0,
4.830141542290E-1));
#6270=CARTESIAN_POINT('',(-9.487587319165E-1,2.438397318253E0,
3.303607338621E-1));
#6271=CARTESIAN_POINT('',(-9.903861536389E-1,2.427798859730E0,
1.685722769206E-1));
#6272=CARTESIAN_POINT('',(-1.004627712548E0,2.417200401207E0,
2.122509607492E-3));
#6273=CARTESIAN_POINT('',(-9.910896052996E-1,2.406601942684E0,
-1.643859487089E-1));
#6274=CARTESIAN_POINT('',(-9.501461836022E-1,2.396003484161E0,
-3.263488557539E-1));
#6275=CARTESIAN_POINT('',(-8.829296027525E-1,2.385405025638E0,
-4.792876614823E-1));
#6276=CARTESIAN_POINT('',(-7.912985156152E-1,2.374806567115E0,
-6.189733476093E-1));
#6277=CARTESIAN_POINT('',(-6.777866777092E-1,2.364208108592E0,
-7.415433671656E-1));
#6278=CARTESIAN_POINT('',(-5.455328845496E-1,2.353609650069E0,
-8.436084504881E-1));
#6279=CARTESIAN_POINT('',(-3.981941786302E-1,2.343011191546E0,
-9.223463243230E-1));
#6280=CARTESIAN_POINT('',(-2.398447258945E-1,2.332412733023E0,
-9.755797523786E-1));
#6281=CARTESIAN_POINT('',(-7.486315841211E-2,2.321814274501E0,
-1.001836740011E0));
#6282=CARTESIAN_POINT('',(9.218850336757E-2,2.311215815978E0,
-1.000391235901E0));
#6283=CARTESIAN_POINT('',(2.566909940766E-1,2.300617357455E0,
-9.712832141343E-1));
#6284=CARTESIAN_POINT('',(4.140955495363E-1,2.290018898932E0,
-9.153175482319E-1));
#6285=CARTESIAN_POINT('',(5.600496297651E-1,2.279420440409E0,
-8.340418319664E-1));
#6286=CARTESIAN_POINT('',(6.905174908137E-1,2.268821981886E0,
-7.297032986291E-1));
#6287=CARTESIAN_POINT('',(7.647664777590E-1,2.261756342871E0,
-6.466929347342E-1));
#6288=CARTESIAN_POINT('',(7.981956096346E-1,2.258223523363E0,
-6.023983472421E-1));
#6290=DIRECTION('',(-3.861354940746E-1,5.E-1,7.751769992820E-1));
#6291=VECTOR('',#6290,2.176610514845E-1);
#6292=CARTESIAN_POINT('',(4.458708628952E-1,3.487644712021E0,
-8.950972984101E-1));
#6293=LINE('',#6292,#6291);
#6294=CARTESIAN_POINT('',(7.981956096346E-1,2.258223523363E0,
-6.023983472421E-1));
#6295=CARTESIAN_POINT('',(8.316247415102E-1,2.254690703855E0,
-5.581037597501E-1));
#6296=CARTESIAN_POINT('',(8.910912904216E-1,2.247625064840E0,
-4.639370876365E-1));
#6297=CARTESIAN_POINT('',(9.556513196748E-1,2.237026606317E0,
-3.098579036810E-1));
#6298=CARTESIAN_POINT('',(9.937858570901E-1,2.226428147794E0,
-1.472107621568E-1));
#6299=CARTESIAN_POINT('',(1.004440552589E0,2.215829689271E0,1.950704524002E-2));
#6300=CARTESIAN_POINT('',(9.873207495900E-1,2.205231230749E0,
1.856854395214E-1));
#6301=CARTESIAN_POINT('',(9.428998494619E-1,2.194632772226E0,
3.467293180679E-1));
#6302=CARTESIAN_POINT('',(8.724061631059E-1,2.184034313703E0,
4.981855401006E-1));
#6303=CARTESIAN_POINT('',(7.777889616267E-1,2.173435855180E0,
6.358660842181E-1));
#6304=CARTESIAN_POINT('',(6.616645715003E-1,2.162837396657E0,
7.559638487926E-1));
#6305=CARTESIAN_POINT('',(5.272440298104E-1,2.152238938134E0,
8.551579262900E-1));
#6306=CARTESIAN_POINT('',(3.782442933092E-1,2.141640479611E0,
9.307054316186E-1));
#6307=CARTESIAN_POINT('',(2.187854583162E-1,2.131042021088E0,
9.805173476769E-1));
#6308=CARTESIAN_POINT('',(5.327683302143E-2,2.120443562565E0,1.003216290203E0));
#6309=CARTESIAN_POINT('',(-1.137049873850E-1,2.109845104042E0,
9.981745948027E-1));
#6310=CARTESIAN_POINT('',(-2.775426713611E-1,2.099246645519E0,
9.655316729344E-1));
#6311=CARTESIAN_POINT('',(-4.337058280886E-1,2.088648186997E0,
9.061901569471E-1));
#6312=CARTESIAN_POINT('',(-5.778762804897E-1,2.078049728474E0,
8.217909407588E-1));
#6313=CARTESIAN_POINT('',(-7.060674701734E-1,2.067451269951E0,
7.146678063469E-1));
#6314=CARTESIAN_POINT('',(-8.147346925599E-1,2.056852811428E0,
5.877828907046E-1));
#6315=CARTESIAN_POINT('',(-9.008731139955E-1,2.046254352905E0,
4.446447777111E-1));
#6316=CARTESIAN_POINT('',(-9.621008605175E-1,2.035655894382E0,
2.892114798159E-1));
#6317=CARTESIAN_POINT('',(-9.967248807231E-1,2.025057435859E0,
1.257809922576E-1));
#6318=CARTESIAN_POINT('',(-1.003787761523E0,2.014458977336E0,
-4.112755381951E-2));
#6319=CARTESIAN_POINT('',(-9.830942022407E-1,2.003860518813E0,
-2.068988530332E-1));
#6320=CARTESIAN_POINT('',(-9.352164150126E-1,1.993262060290E0,
-3.669490468128E-1));
#6321=CARTESIAN_POINT('',(-8.614783021444E-1,1.982663601767E0,
-5.168524748903E-1));
#6322=CARTESIAN_POINT('',(-7.639188479613E-1,1.972065143244E0,
-6.524640523395E-1));
#6323=CARTESIAN_POINT('',(-6.452357374205E-1,1.961466684722E0,
-7.700338882291E-1));
#6324=CARTESIAN_POINT('',(-5.087107605305E-1,1.950868226199E0,
-8.663109764896E-1));
#6325=CARTESIAN_POINT('',(-3.581190652716E-1,1.940269767676E0,
-9.386330917642E-1));
#6326=CARTESIAN_POINT('',(-1.976247683291E-1,1.929671309153E0,
-9.850004044713E-1));
#6327=CARTESIAN_POINT('',(-3.166581017933E-2,1.919072850630E0,
-1.004130779496E0));
#6328=CARTESIAN_POINT('',(1.351687615180E-1,1.908474392107E0,
-9.954952294087E-1));
#6329=CARTESIAN_POINT('',(2.982656868983E-1,1.897875933584E0,
-9.593325418669E-1));
#6330=CARTESIAN_POINT('',(4.531150583792E-1,1.887277475061E0,
-8.966426767313E-1));
#6331=CARTESIAN_POINT('',(5.954350272811E-1,1.876679016538E0,
-8.091591154727E-1));
#6332=CARTESIAN_POINT('',(7.212902042314E-1,1.866080558015E0,
-6.993009274594E-1));
#6333=CARTESIAN_POINT('',(8.272004793782E-1,1.855482099492E0,
-5.701058785719E-1));
#6334=CARTESIAN_POINT('',(9.102372533515E-1,1.844883640969E0,
-4.251464318054E-1));
#6335=CARTESIAN_POINT('',(9.681044180200E-1,1.834285182447E0,
-2.684309625881E-1));
#6336=CARTESIAN_POINT('',(9.992018477889E-1,1.823686723924E0,
-1.042929203782E-1));
#6337=CARTESIAN_POINT('',(1.002669645797E0,1.813088265401E0,6.272899858971E-2));
#6338=CARTESIAN_POINT('',(9.784119215256E-1,1.802489806878E0,
2.280163539801E-1));
#6339=CARTESIAN_POINT('',(9.270994423396E-1,1.791891348355E0,
3.869986690926E-1));
#6340=CARTESIAN_POINT('',(8.501510856233E-1,1.781292889832E0,
5.352798123219E-1));
#6341=CARTESIAN_POINT('',(7.496946044081E-1,1.770694431309E0,
6.687595576791E-1));
#6342=CARTESIAN_POINT('',(6.285077913796E-1,1.760095972786E0,
7.837469630186E-1));
#6343=CARTESIAN_POINT('',(4.899416681813E-1,1.749497514263E0,
8.770624308711E-1));
#6344=CARTESIAN_POINT('',(3.378278239631E-1,1.738899055740E0,
9.461256297248E-1));
#6345=CARTESIAN_POINT('',(1.763724654197E-1,1.728300597217E0,
9.890268445839E-1));
#6346=CARTESIAN_POINT('',(1.004010801660E-2,1.717702138694E0,1.004579783838E0));
#6347=CARTESIAN_POINT('',(-1.565698754617E-1,1.707103680172E0,
9.923543822464E-1));
#6348=CARTESIAN_POINT('',(-3.188504353972E-1,1.696505221649E0,
9.526886929700E-1));
#6349=CARTESIAN_POINT('',(-4.723142381014E-1,1.685906763126E0,
8.866795398296E-1));
#6350=CARTESIAN_POINT('',(-6.127177482298E-1,1.675308304603E0,
7.961521882592E-1));
#6351=CARTESIAN_POINT('',(-7.361785697567E-1,1.664709846080E0,
6.836098736098E-1));
#6352=CARTESIAN_POINT('',(-8.392828008329E-1,1.654111387557E0,
5.521645824316E-1));
#6353=CARTESIAN_POINT('',(-9.191794339829E-1,1.643512929034E0,
4.054510007493E-1));
#6354=CARTESIAN_POINT('',(-9.736591913138E-1,1.632914470511E0,
2.475260088072E-1));
#6355=CARTESIAN_POINT('',(-1.001215614809E0,1.622316011988E0,
8.275650142529E-2));
#6356=CARTESIAN_POINT('',(-1.001086722458E0,1.611717553465E0,
-8.430136407496E-2));
#6357=CARTESIAN_POINT('',(-9.732760783520E-1,1.601119094942E0,
-2.490281533752E-1));
#6358=CARTESIAN_POINT('',(-9.185526941365E-1,1.590520636419E0,
-4.068688903817E-1));
#6359=CARTESIAN_POINT('',(-8.384297645252E-1,1.579922177897E0,
-5.534590100666E-1));
#6360=CARTESIAN_POINT('',(-7.351228248936E-1,1.569323719374E0,
-6.847450461203E-1));
#6361=CARTESIAN_POINT('',(-6.114884879537E-1,1.558725260851E0,
-7.970967161932E-1));
#6362=CARTESIAN_POINT('',(-4.709454535510E-1,1.548126802328E0,
-8.874073053820E-1));
#6363=CARTESIAN_POINT('',(-3.173799757951E-1,1.537528343805E0,
-9.531795721846E-1));
#6364=CARTESIAN_POINT('',(-1.550384015188E-1,1.526929885282E0,
-9.925948014776E-1));
#6365=CARTESIAN_POINT('',(1.159024843933E-2,1.516331426759E0,
-1.004563095085E0));
#6366=CARTESIAN_POINT('',(1.778984083012E-1,1.505732968236E0,
-9.887535093185E-1));
#6367=CARTESIAN_POINT('',(3.392873743853E-1,1.495134509713E0,
-9.456032061327E-1));
#6368=CARTESIAN_POINT('',(4.912944670910E-1,1.484536051190E0,
-8.763053648538E-1));
#6369=CARTESIAN_POINT('',(6.297164315844E-1,1.473937592667E0,
-7.827761887400E-1));
#6370=CARTESIAN_POINT('',(7.507256649493E-1,1.463339134144E0,
-6.676019187003E-1));
#6371=CARTESIAN_POINT('',(8.509760559218E-1,1.452740675622E0,
-5.339673193310E-1));
#6372=CARTESIAN_POINT('',(9.276955105627E-1,1.442142217099E0,
-3.855676147546E-1));
#6373=CARTESIAN_POINT('',(9.787626053724E-1,1.431543758576E0,
-2.265063093833E-1));
#6374=CARTESIAN_POINT('',(1.002765248262E0,1.420945300053E0,
-6.118171903727E-2));
#6375=CARTESIAN_POINT('',(9.990397253017E-1,1.410346841530E0,
1.058346499731E-1));
#6376=CARTESIAN_POINT('',(9.676890535430E-1,1.399748383007E0,
2.699245107782E-1));
#6377=CARTESIAN_POINT('',(9.095801324196E-1,1.389149924484E0,
4.265504994410E-1));
#6378=CARTESIAN_POINT('',(8.263197725035E-1,1.378551465961E0,
5.713816407933E-1));
#6379=CARTESIAN_POINT('',(7.202102644579E-1,1.367953007438E0,
7.004131072698E-1));
#6380=CARTESIAN_POINT('',(5.941857167817E-1,1.357354548915E0,
8.100769592072E-1));
#6381=CARTESIAN_POINT('',(4.517309227155E-1,1.346756090392E0,
8.973408044486E-1));
#6382=CARTESIAN_POINT('',(2.967849997774E-1,1.336157631869E0,
9.597916491473E-1));
#6383=CARTESIAN_POINT('',(1.336324664589E-1,1.325559173347E0,
9.957026211545E-1));
#6384=CARTESIAN_POINT('',(-3.321523200351E-2,1.314960714824E0,
1.004080720973E0));
#6385=CARTESIAN_POINT('',(-1.991444727677E-1,1.304362256301E0,
9.846942798818E-1));
#6386=CARTESIAN_POINT('',(-3.595670299103E-1,1.293763797778E0,
9.380793659746E-1));
#6387=CARTESIAN_POINT('',(-5.100469466826E-1,1.283165339255E0,
8.655249609604E-1));
#6388=CARTESIAN_POINT('',(-6.464231972647E-1,1.272566880732E0,
7.690373176276E-1));
#6389=CARTESIAN_POINT('',(-7.649247462118E-1,1.261968422209E0,
6.512844835390E-1));
#6390=CARTESIAN_POINT('',(-8.622748240024E-1,1.251369963686E0,
5.155225249758E-1));
#6391=CARTESIAN_POINT('',(-9.357815352931E-1,1.240771505163E0,
3.655054911631E-1));
#6392=CARTESIAN_POINT('',(-9.834122944061E-1,1.230173046640E0,
2.053816084189E-1));
#6393=CARTESIAN_POINT('',(-1.003850029783E0,1.219574588117E0,
3.957857463661E-2));
#6394=CARTESIAN_POINT('',(-9.965296032553E-1,1.208976129594E0,
-1.273188740983E-1));
#6395=CARTESIAN_POINT('',(-9.616534370757E-1,1.198377671072E0,
-2.906957392640E-1));
#6396=CARTESIAN_POINT('',(-9.001859165995E-1,1.187779212549E0,
-4.460343724666E-1));
#6397=CARTESIAN_POINT('',(-8.138267233873E-1,1.177180754026E0,
-5.890393961073E-1));
#6398=CARTESIAN_POINT('',(-7.049638361172E-1,1.166582295503E0,
-7.157564778839E-1));
#6399=CARTESIAN_POINT('',(-5.766074989099E-1,1.155983836980E0,
-8.226816748091E-1));
#6400=CARTESIAN_POINT('',(-4.323069829554E-1,1.145385378457E0,
-9.068583231980E-1));
#6401=CARTESIAN_POINT('',(-2.760524431235E-1,1.134786919934E0,
-9.659587954529E-1));
#6402=CARTESIAN_POINT('',(-1.121645833894E-1,1.124188461411E0,
-9.983488629197E-1));
#6403=CARTESIAN_POINT('',(5.482481797964E-2,1.113590002888E0,
-1.003132885126E0));
#6404=CARTESIAN_POINT('',(2.202982198301E-1,1.102991544365E0,
-9.801785756331E-1));
#6405=CARTESIAN_POINT('',(3.796800009037E-1,1.092393085842E0,
-9.301206604720E-1));
#6406=CARTESIAN_POINT('',(5.285629838929E-1,1.081794627320E0,
-8.543433250628E-1));
#6407=CARTESIAN_POINT('',(6.628303001259E-1,1.071196168797E0,
-7.549419459363E-1));
#6408=CARTESIAN_POINT('',(7.787692327269E-1,1.060597710274E0,
-6.346651246169E-1));
#6409=CARTESIAN_POINT('',(8.731738618879E-1,1.049999251751E0,
-4.968387788666E-1));
#6410=CARTESIAN_POINT('',(9.434337799495E-1,1.039400793228E0,
-3.452738217705E-1));
#6411=CARTESIAN_POINT('',(9.728819449949E-1,1.032335154213E0,
-2.378660094297E-1));
#6412=CARTESIAN_POINT('',(9.830546046782E-1,1.028802334705E0,
-1.833129679562E-1));
#6414=DIRECTION('',(-6.912576751328E-1,5.E-1,5.216922719094E-1));
#6415=VECTOR('',#6414,2.176610514845E-1);
#6416=CARTESIAN_POINT('',(7.981956096346E-1,2.258223523363E0,
-6.023983472421E-1));
#6417=LINE('',#6416,#6415);
#6418=CARTESIAN_POINT('',(9.830546046782E-1,1.028802334705E0,
-1.833129679562E-1));
#6419=CARTESIAN_POINT('',(9.931747105880E-1,1.025287766373E0,
-1.290417572211E-1));
#6420=CARTESIAN_POINT('',(1.004405805618E0,1.018258629708E0,
-1.882019614054E-2));
#6421=CARTESIAN_POINT('',(9.937646059380E-1,1.007714924712E0,
1.470278359039E-1));
#6422=CARTESIAN_POINT('',(9.559266366720E-1,9.971712197152E-1,
3.088519315886E-1));
#6423=CARTESIAN_POINT('',(8.919274640417E-1,9.866275147186E-1,
4.622236030061E-1));
#6424=CARTESIAN_POINT('',(8.035185673020E-1,9.760838097219E-1,
6.029454112226E-1));
#6425=CARTESIAN_POINT('',(6.931194695920E-1,9.655401047253E-1,
7.271661837954E-1));
#6426=CARTESIAN_POINT('',(5.637515046973E-1,9.549963997287E-1,
8.314863189563E-1));
#6427=CARTESIAN_POINT('',(4.189551356599E-1,9.444526947321E-1,
9.130508485612E-1));
#6428=CARTESIAN_POINT('',(2.626930603288E-1,9.339089897355E-1,
9.696275644713E-1));
#6429=CARTESIAN_POINT('',(9.924176301581E-2,9.233652847389E-1,
9.996681100287E-1));
#6430=CARTESIAN_POINT('',(-6.692552178402E-2,9.128215797423E-1,
1.002350354051E0));
#6431=CARTESIAN_POINT('',(-2.312612300967E-1,9.022778747457E-1,
9.776008905415E-1));
#6432=CARTESIAN_POINT('',(-3.892679234077E-1,8.917341697491E-1,
9.260970475815E-1));
#6433=CARTESIAN_POINT('',(-5.366213717888E-1,8.811904647525E-1,
8.492483506447E-1));
#6434=CARTESIAN_POINT('',(-6.692888967623E-1,8.706467597559E-1,
7.491579475677E-1));
#6435=CARTESIAN_POINT('',(-7.836397351628E-1,8.601030547593E-1,
6.285650508955E-1));
#6436=CARTESIAN_POINT('',(-8.765444036290E-1,8.495593497627E-1,
4.907699727979E-1));
#6437=CARTESIAN_POINT('',(-9.454603443778E-1,8.390156447661E-1,
3.395438041583E-1));
#6438=CARTESIAN_POINT('',(-9.885015083614E-1,8.284719397695E-1,
1.790252096788E-1));
#6439=CARTESIAN_POINT('',(-1.004489971496E0,8.179282347728E-1,
1.360716345256E-2));
#6440=CARTESIAN_POINT('',(-9.929881713637E-1,8.073845297762E-1,
-1.521832752477E-1));
#6441=CARTESIAN_POINT('',(-9.543108821509E-1,7.968408247796E-1,
-3.138088557413E-1));
#6442=CARTESIAN_POINT('',(-8.895166001026E-1,7.862971197830E-1,
-4.668463086232E-1));
#6443=CARTESIAN_POINT('',(-8.003785752485E-1,7.757534147864E-1,
-6.071073990790E-1));
#6444=CARTESIAN_POINT('',(-6.893362821875E-1,7.652097097898E-1,
-7.307535479170E-1));
#6445=CARTESIAN_POINT('',(-5.594286580484E-1,7.546660047932E-1,
-8.344008834412E-1));
#6446=CARTESIAN_POINT('',(-4.142109347293E-1,7.441222997966E-1,
-9.152128491689E-1));
#6447=CARTESIAN_POINT('',(-2.576573414993E-1,7.335785948E-1,
-9.709778329626E-1));
#6448=CARTESIAN_POINT('',(-9.405234073764E-2,7.230348898034E-1,
-1.000169693070E0));
#6449=CARTESIAN_POINT('',(7.212662659526E-2,7.124911848068E-1,
-1.001989524631E0));
#6450=CARTESIAN_POINT('',(2.363316768061E-1,7.019474798102E-1,
-9.763875236151E-1));
#6451=CARTESIAN_POINT('',(3.940689471505E-1,6.914037748135E-1,
-9.240643498290E-1));
#6452=CARTESIAN_POINT('',(5.410215811024E-1,6.808600698169E-1,
-8.464519516870E-1));
#6453=CARTESIAN_POINT('',(6.731678694264E-1,6.703163648203E-1,
-7.456743775303E-1));
#6454=CARTESIAN_POINT('',(7.868913138411E-1,6.597726598237E-1,
-6.244896459788E-1));
#6455=CARTESIAN_POINT('',(8.790796011175E-1,6.492289548271E-1,
-4.862142661753E-1));
#6456=CARTESIAN_POINT('',(9.472097789522E-1,6.386852498305E-1,
-3.346324736046E-1));
#6457=CARTESIAN_POINT('',(9.894173025729E-1,6.281415448339E-1,
-1.738926654656E-1));
#6458=CARTESIAN_POINT('',(1.004547062452E0,6.175978398373E-1,
-8.393869890705E-3));
#6459=CARTESIAN_POINT('',(9.921849966346E-1,6.070541348407E-1,
1.573346439488E-1));
#6460=CARTESIAN_POINT('',(9.526694225281E-1,5.965104298441E-1,
3.187573200937E-1));
#6461=CARTESIAN_POINT('',(8.870817780427E-1,5.859667248474E-1,
4.714564421004E-1));
#6462=CARTESIAN_POINT('',(7.972170254629E-1,5.754230198508E-1,
6.112530343854E-1));
#6463=CARTESIAN_POINT('',(6.855345280247E-1,5.648793148542E-1,
7.343212298574E-1));
#6464=CARTESIAN_POINT('',(5.550907435764E-1,5.543356098576E-1,
8.372929738921E-1));
#6465=CARTESIAN_POINT('',(4.094555773215E-1,5.437919048610E-1,
9.173501991789E-1));
#6466=CARTESIAN_POINT('',(2.526146828501E-1,5.332481998644E-1,
9.723019488522E-1));
#6467=CARTESIAN_POINT('',(8.886038522515E-2,5.227044948678E-1,
1.000644337250E0));
#6468=CARTESIAN_POINT('',(-7.732578872823E-2,5.121607898712E-1,
1.001601707332E0));
#6469=CARTESIAN_POINT('',(-2.413957580904E-1,5.016170848746E-1,
9.751478583831E-1));
#6470=CARTESIAN_POINT('',(-3.988593569265E-1,4.910733798780E-1,
9.220067630584E-1));
#6471=CARTESIAN_POINT('',(-5.454072183839E-1,4.805296748813E-1,
8.436327541460E-1));
#6472=CARTESIAN_POINT('',(-6.770287107918E-1,4.699859698847E-1,
7.421707232820E-1));
#6473=CARTESIAN_POINT('',(-7.901216981601E-1,4.594422648881E-1,
6.203974208762E-1));
#6474=CARTESIAN_POINT('',(-8.815911212205E-1,4.488985598915E-1,
4.816454637162E-1));
#6475=CARTESIAN_POINT('',(-9.489337011029E-1,4.383548548949E-1,
3.297121299625E-1));
#6476=CARTESIAN_POINT('',(-9.903064475310E-1,4.278111498983E-1,
1.687554375769E-1));
#6477=CARTESIAN_POINT('',(-1.004577096646E0,4.172674449017E-1,
3.180350246282E-3));
#6478=CARTESIAN_POINT('',(-9.913550981064E-1,4.067237399051E-1,
-1.624817749523E-1));
#6479=CARTESIAN_POINT('',(-9.510023034303E-1,3.961800349085E-1,
-3.236971989431E-1));
#6480=CARTESIAN_POINT('',(-8.846230630646E-1,3.856363299119E-1,
-4.760538772319E-1));
#6481=CARTESIAN_POINT('',(-7.940340032027E-1,3.750926249152E-1,
-6.153822060241E-1));
#6482=CARTESIAN_POINT('',(-6.817143094766E-1,3.645489199186E-1,
-7.378691333754E-1));
#6483=CARTESIAN_POINT('',(-5.507378781302E-1,3.540052149220E-1,
-8.401625124498E-1));
#6484=CARTESIAN_POINT('',(-4.046891915195E-1,3.434615099254E-1,
-9.194628410113E-1));
#6485=CARTESIAN_POINT('',(-2.475652202052E-1,3.329178049288E-1,
-9.735998764780E-1));
#6486=CARTESIAN_POINT('',(-8.366603632315E-2,3.223740999322E-1,
-1.001092029785E0));
#6487=CARTESIAN_POINT('',(8.252286814378E-2,3.118303949356E-1,
-1.001186912603E0));
#6488=CARTESIAN_POINT('',(2.464533375489E-1,3.012866899390E-1,
-9.738819282358E-1));
#6489=CARTESIAN_POINT('',(4.036390237064E-1,2.907429849424E-1,
-9.199243426905E-1));
#6490=CARTESIAN_POINT('',(5.497781655066E-1,2.801992799458E-1,
-8.407908339566E-1));
#6491=CARTESIAN_POINT('',(6.808713168669E-1,2.696555749491E-1,
-7.386470791936E-1));
#6492=CARTESIAN_POINT('',(7.933308011098E-1,2.591118699525E-1,
-6.162884858114E-1));
#6493=CARTESIAN_POINT('',(8.840788962905E-1,2.485681649559E-1,
-4.770636884809E-1));
#6494=CARTESIAN_POINT('',(9.506320643964E-1,2.380244599593E-1,
-3.247829057613E-1));
#6495=CARTESIAN_POINT('',(9.911689192866E-1,2.274807549627E-1,
-1.636136643838E-1));
#6496=CARTESIAN_POINT('',(1.004580073269E0,2.169370499661E-1,
2.033255054940E-3));
#6497=CARTESIAN_POINT('',(9.904984981296E-1,2.063933449695E-1,
1.676245296204E-1));
#6498=CARTESIAN_POINT('',(9.493095697719E-1,1.958496399729E-1,
3.286283592351E-1));
#6499=CARTESIAN_POINT('',(8.821405213542E-1,1.853059349763E-1,
4.806384901826E-1));
#6500=CARTESIAN_POINT('',(7.908295943505E-1,1.747622299797E-1,
6.194948027890E-1));
#6501=CARTESIAN_POINT('',(6.778757288887E-1,1.642185249830E-1,
7.413971628602E-1));
#6502=CARTESIAN_POINT('',(5.463701810131E-1,1.536748199864E-1,
8.430094220040E-1));
#6503=CARTESIAN_POINT('',(3.999118980207E-1,1.431311149898E-1,
9.215507170886E-1));
#6504=CARTESIAN_POINT('',(2.425091182527E-1,1.325874099932E-1,
9.748715833944E-1));
#6505=CARTESIAN_POINT('',(7.846932690236E-2,1.220437049966E-1,
1.001512749234E0));
#6506=CARTESIAN_POINT('',(-3.232177462242E-2,1.150145683322E-1,
1.001001040830E0));
#6507=CARTESIAN_POINT('',(-8.731762407512E-2,1.115E-1,9.961805220571E-1));
#6509=DIRECTION('',(-8.513502609586E-1,5.E-1,1.587536870932E-1));
#6510=VECTOR('',#6509,2.176610514845E-1);
#6511=CARTESIAN_POINT('',(9.830546046782E-1,1.028802334705E0,
-1.833129679562E-1));
#6512=LINE('',#6511,#6510);
#6513=CARTESIAN_POINT('',(0.E0,1.115E-1,0.E0));
#6514=DIRECTION('',(0.E0,1.E0,0.E0));
#6515=DIRECTION('',(-8.731762407512E-2,0.E0,9.961805220571E-1));
#6516=AXIS2_PLACEMENT_3D('',#6513,#6514,#6515);
#6518=CARTESIAN_POINT('',(7.452812288136E-1,3.E-1,3.210734183612E-1));
#6519=CARTESIAN_POINT('',(7.356180305948E-1,2.920349248170E-1,
3.636352063271E-1));
#6520=CARTESIAN_POINT('',(7.089858573112E-1,2.761089877918E-1,
4.483553020902E-1));
#6521=CARTESIAN_POINT('',(6.478265658176E-1,2.524013304282E-1,
5.697052669747E-1));
#6522=CARTESIAN_POINT('',(5.644937000388E-1,2.283690967837E-1,
6.840690988768E-1));
#6523=CARTESIAN_POINT('',(4.608396055347E-1,2.043523310714E-1,
7.858017587736E-1));
#6524=CARTESIAN_POINT('',(3.406830336478E-1,1.806772974424E-1,
8.702596831517E-1));
#6525=CARTESIAN_POINT('',(2.084291233164E-1,1.575290696228E-1,
9.347555083378E-1));
#6526=CARTESIAN_POINT('',(6.476430871897E-2,1.344403853541E-1,
9.787385639163E-1));
#6527=CARTESIAN_POINT('',(-3.615655985718E-2,1.191349237387E-1,
9.930007156908E-1));
#6528=CARTESIAN_POINT('',(-8.731762407512E-2,1.115E-1,9.961805220571E-1));
#6530=CARTESIAN_POINT('',(0.E0,3.E-1,0.E0));
#6531=DIRECTION('',(0.E0,-1.E0,0.E0));
#6532=DIRECTION('',(9.183995425922E-1,0.E0,3.956542432054E-1));
#6533=AXIS2_PLACEMENT_3D('',#6530,#6531,#6532);
#6535=CARTESIAN_POINT('',(-8.379777113096E-1,2.735222886904E-1,0.E0));
#6536=CARTESIAN_POINT('',(-8.357836231448E-1,2.757163768552E-1,
4.555484396204E-2));
#6537=CARTESIAN_POINT('',(-8.239875960608E-1,2.801144077123E-1,
1.361681935889E-1));
#6538=CARTESIAN_POINT('',(-7.839231578123E-1,2.867962847185E-1,
2.679261611932E-1));
#6539=CARTESIAN_POINT('',(-7.239364603395E-1,2.933971910321E-1,
3.888237200579E-1));
#6540=CARTESIAN_POINT('',(-6.717493897396E-1,2.978016358568E-1,
4.613150228692E-1));
#6541=CARTESIAN_POINT('',(-6.430453274748E-1,3.E-1,4.949999563766E-1));
#6543=DIRECTION('',(7.071067811865E-1,7.071067811865E-1,0.E0));
#6544=VECTOR('',#6543,3.868189302773E-1);
#6545=CARTESIAN_POINT('',(-1.1115E0,0.E0,0.E0));
#6546=LINE('',#6545,#6544);
#6547=CARTESIAN_POINT('',(0.E0,0.E0,0.E0));
#6548=DIRECTION('',(0.E0,-1.E0,0.E0));
#6549=DIRECTION('',(1.E0,0.E0,0.E0));
#6550=AXIS2_PLACEMENT_3D('',#6547,#6548,#6549);
#6552=DIRECTION('',(-7.071067811865E-1,7.071067811865E-1,0.E0));
#6553=VECTOR('',#6552,2.075038358438E-1);
#6554=CARTESIAN_POINT('',(1.1115E0,0.E0,0.E0));
#6555=LINE('',#6554,#6553);
#6556=CARTESIAN_POINT('',(6.426631183312E-1,1.115E-1,7.661488865337E-1));
#6557=CARTESIAN_POINT('',(6.787803865492E-1,1.134692976624E-1,
7.332825150965E-1));
#6558=CARTESIAN_POINT('',(7.457111470750E-1,1.173940468638E-1,
6.626695876267E-1));
#6559=CARTESIAN_POINT('',(8.284647593809E-1,1.232291551225E-1,
5.450736166528E-1));
#6560=CARTESIAN_POINT('',(8.928719845427E-1,1.290436793558E-1,
4.180195603943E-1));
#6561=CARTESIAN_POINT('',(9.384946618882E-1,1.349147652265E-1,
2.824977477518E-1));
#6562=CARTESIAN_POINT('',(9.638661001734E-1,1.408501523035E-1,
1.410655733082E-1));
#6563=CARTESIAN_POINT('',(9.667299683119E-1,1.447700316881E-1,
4.678846205001E-2));
#6564=CARTESIAN_POINT('',(9.647726305526E-1,1.467273694474E-1,0.E0));
#6566=CARTESIAN_POINT('',(9.830546046782E-1,9.788023347050E-1,
-1.833129679562E-1));
#6567=CARTESIAN_POINT('',(9.932065314022E-1,9.752767154582E-1,
-1.288711113674E-1));
#6568=CARTESIAN_POINT('',(1.004444392098E0,9.682254769647E-1,
-1.829766568260E-2));
#6569=CARTESIAN_POINT('',(9.936395451107E-1,9.576486192244E-1,
1.480670497356E-1));
#6570=CARTESIAN_POINT('',(9.554704671585E-1,9.470717614841E-1,
3.103539213820E-1));
#6571=CARTESIAN_POINT('',(8.909883508901E-1,9.364949037438E-1,
4.640938901089E-1));
#6572=CARTESIAN_POINT('',(8.019689817570E-1,9.259180460035E-1,
6.050529969525E-1));
#6573=CARTESIAN_POINT('',(6.908638992890E-1,9.153411882632E-1,
7.293493337009E-1));
#6574=CARTESIAN_POINT('',(5.607328657703E-1,9.047643305229E-1,
8.335598543757E-1));
#6575=CARTESIAN_POINT('',(4.151596070253E-1,8.941874727826E-1,
9.148146688658E-1));
#6576=CARTESIAN_POINT('',(2.581531176406E-1,8.836106150423E-1,
9.708760711352E-1));
#6577=CARTESIAN_POINT('',(9.403725614948E-2,8.730337573020E-1,
1.000200166024E0));
#6578=CARTESIAN_POINT('',(-7.266833136350E-2,8.624568995617E-1,
1.001979386651E0));
#6579=CARTESIAN_POINT('',(-2.373726794065E-1,8.518800418214E-1,
9.761647344213E-1));
#6580=CARTESIAN_POINT('',(-3.955399353471E-1,8.413031840811E-1,
9.234671283819E-1));
#6581=CARTESIAN_POINT('',(-5.428142738969E-1,8.307263263408E-1,
8.453378269723E-1));
#6582=CARTESIAN_POINT('',(-6.751398537609E-1,8.201494686004E-1,
7.439284612919E-1));
#6583=CARTESIAN_POINT('',(-7.888725129182E-1,8.095726108601E-1,
6.220317805534E-1));
#6584=CARTESIAN_POINT('',(-8.808801265185E-1,7.989957531198E-1,
4.830047415515E-1));
#6585=CARTESIAN_POINT('',(-9.486288636011E-1,7.884188953795E-1,
3.306760602148E-1));
#6586=CARTESIAN_POINT('',(-9.902529671834E-1,7.778420376392E-1,
1.692407712132E-1));
#6587=CARTESIAN_POINT('',(-1.004606136017E0,7.672651798989E-1,
3.144699379769E-3));
#6588=CARTESIAN_POINT('',(-9.912930929911E-1,7.566883221586E-1,
-1.630379754677E-1));
#6589=CARTESIAN_POINT('',(-9.506804708155E-1,7.461114644183E-1,
-3.247306885196E-1));
#6590=CARTESIAN_POINT('',(-8.838867151861E-1,7.355346066780E-1,
-4.774805256488E-1));
#6591=CARTESIAN_POINT('',(-7.927512835060E-1,7.249577489377E-1,
-6.170808538238E-1));
#6592=CARTESIAN_POINT('',(-6.797839874022E-1,7.143808911974E-1,
-7.396871690978E-1));
#6593=CARTESIAN_POINT('',(-5.480958741150E-1,7.038040334571E-1,
-8.419229717940E-1));
#6594=CARTESIAN_POINT('',(-4.013135502427E-1,6.932271757168E-1,
-9.209727531518E-1));
#6595=CARTESIAN_POINT('',(-2.434793073100E-1,6.826503179765E-1,
-9.746595326411E-1));
#6596=CARTESIAN_POINT('',(-7.893979963942E-2,6.720734602362E-1,
-1.001504810617E0));
#6597=CARTESIAN_POINT('',(8.777365973483E-2,6.614966024959E-1,
-1.000769285257E0));
#6598=CARTESIAN_POINT('',(2.520698885360E-1,6.509197447556E-1,
-9.724732124587E-1));
#6599=CARTESIAN_POINT('',(4.094242734748E-1,6.403428870153E-1,
-9.173958480100E-1));
#6600=CARTESIAN_POINT('',(5.555033752116E-1,6.297660292750E-1,
-8.370539873777E-1));
#6601=CARTESIAN_POINT('',(6.862842685104E-1,6.191891715347E-1,
-7.336601941305E-1));
#6602=CARTESIAN_POINT('',(7.981653310325E-1,6.086123137944E-1,
-6.100618673497E-1));
#6603=CARTESIAN_POINT('',(8.880654297172E-1,5.980354560541E-1,
-4.696628260760E-1));
#6604=CARTESIAN_POINT('',(9.535087732197E-1,5.874585983138E-1,
-3.163295703051E-1));
#6605=CARTESIAN_POINT('',(9.926930936253E-1,5.768817405735E-1,
-1.542848000456E-1));
#6606=CARTESIAN_POINT('',(1.004539279757E0,5.663048828331E-1,
1.200887514447E-2));
#6607=CARTESIAN_POINT('',(9.887210952082E-1,5.557280250928E-1,
1.779718335770E-1));
#6608=CARTESIAN_POINT('',(9.456741626871E-1,5.451511673525E-1,
3.390335612922E-1));
#6609=CARTESIAN_POINT('',(8.765839672431E-1,5.345743096122E-1,
4.907585210964E-1));
#6610=CARTESIAN_POINT('',(7.833532087662E-1,5.239974518719E-1,
6.289683044257E-1));
#6611=CARTESIAN_POINT('',(6.685494028462E-1,5.134205941316E-1,
7.498567020507E-1));
#6612=CARTESIAN_POINT('',(5.353341730317E-1,5.028437363913E-1,
8.500945246506E-1));
#6613=CARTESIAN_POINT('',(3.873761817355E-1,4.922668786510E-1,
9.269212865613E-1));
#6614=CARTESIAN_POINT('',(2.287500976130E-1,4.816900209107E-1,
9.782212277897E-1));
#6615=CARTESIAN_POINT('',(6.382438178772E-2,4.711131631704E-1,
1.002581580693E0));
#6616=CARTESIAN_POINT('',(-1.028590167801E-1,4.605363054301E-1,9.993314767E-1));
#6617=CARTESIAN_POINT('',(-2.667097436691E-1,4.499594476898E-1,
9.685604215992E-1));
#6618=CARTESIAN_POINT('',(-4.232154544283E-1,4.393825899495E-1,
9.111158306107E-1));
#6619=CARTESIAN_POINT('',(-5.680660816633E-1,4.288057322092E-1,
8.285796911101E-1));
#6620=CARTESIAN_POINT('',(-6.972725315421E-1,4.182288744689E-1,
7.232249957055E-1));
#6621=CARTESIAN_POINT('',(-8.072765408929E-1,4.076520167286E-1,
5.979531454724E-1));
#6622=CARTESIAN_POINT('',(-8.950486695014E-1,3.970751589883E-1,
4.562140472193E-1));
#6623=CARTESIAN_POINT('',(-9.581717289607E-1,3.864983012479E-1,
3.019111052559E-1));
#6624=CARTESIAN_POINT('',(-9.949073504977E-1,3.759214435076E-1,
1.392937241298E-1));
#6625=CARTESIAN_POINT('',(-1.004243858540E0,3.653445857673E-1,
-2.715971726343E-2));
#6626=CARTESIAN_POINT('',(-9.859241316133E-1,3.547677280270E-1,
-1.928651973762E-1));
#6627=CARTESIAN_POINT('',(-9.404526833069E-1,3.441908702867E-1,
-3.532592930373E-1));
#6628=CARTESIAN_POINT('',(-8.690817682875E-1,3.336140125464E-1,
-5.039248532139E-1));
#6629=CARTESIAN_POINT('',(-7.737768960066E-1,3.230371548061E-1,
-6.407126445316E-1));
#6630=CARTESIAN_POINT('',(-6.571627018246E-1,3.124602970658E-1,
-7.598556185138E-1));
#6631=CARTESIAN_POINT('',(-5.224506662275E-1,3.018834393255E-1,
-8.580726536925E-1));
#6632=CARTESIAN_POINT('',(-3.733506727039E-1,2.913065815852E-1,
-9.326589155998E-1));
#6633=CARTESIAN_POINT('',(-2.139688399220E-1,2.807297238449E-1,
-9.815603461830E-1));
#6634=CARTESIAN_POINT('',(-4.869444184082E-2,2.701528661046E-1,
-1.003430231252E0));
#6635=CARTESIAN_POINT('',(1.179209700924E-1,2.595760083643E-1,
-9.976662881289E-1));
#6636=CARTESIAN_POINT('',(2.812889137650E-1,2.489991506240E-1,
-9.644272521291E-1));
#6637=CARTESIAN_POINT('',(4.369103402676E-1,2.384222928837E-1,
-9.046285050913E-1));
#6638=CARTESIAN_POINT('',(5.804995348298E-1,2.278454351434E-1,
-8.199168663458E-1));
#6639=CARTESIAN_POINT('',(7.081021426714E-1,2.172685774031E-1,
-7.126252403628E-1));
#6640=CARTESIAN_POINT('',(8.162040694023E-1,2.066917196627E-1,
-5.857083700458E-1));
#6641=CARTESIAN_POINT('',(9.018282569664E-1,1.961148619224E-1,
-4.426614650208E-1));
#6642=CARTESIAN_POINT('',(9.626166698199E-1,1.855380041821E-1,
-2.874239457087E-1));
#6643=CARTESIAN_POINT('',(9.968952341014E-1,1.749611464418E-1,
-1.242709545173E-1));
#6644=CARTESIAN_POINT('',(1.003719939152E0,1.643842887015E-1,
4.230438003201E-2));
#6645=CARTESIAN_POINT('',(9.829028402150E-1,1.538074309612E-1,
2.077146767937E-1));
#6646=CARTESIAN_POINT('',(9.350172147264E-1,1.432305732209E-1,
3.674046519773E-1));
#6647=CARTESIAN_POINT('',(8.613818477199E-1,1.326537154806E-1,
5.169765074389E-1));
#6648=CARTESIAN_POINT('',(7.640244405222E-1,1.220768577403E-1,
6.523112720720E-1));
#6649=CARTESIAN_POINT('',(6.850926716925E-1,1.150256192468E-1,
7.305580117679E-1));
#6650=CARTESIAN_POINT('',(6.426631183312E-1,1.115E-1,7.661488865337E-1));
#6652=DIRECTION('',(0.E0,1.E0,0.E0));
#6653=VECTOR('',#6652,5.E-2);
#6654=CARTESIAN_POINT('',(9.830546046782E-1,9.788023347050E-1,
-1.833129679562E-1));
#6655=LINE('',#6654,#6653);
#6656=DIRECTION('',(8.513502609586E-1,5.E-1,-1.587536870932E-1));
#6657=VECTOR('',#6656,2.176610514845E-1);
#6658=CARTESIAN_POINT('',(7.977488116964E-1,8.699718089627E-1,
-1.487584734964E-1));
#6659=LINE('',#6658,#6657);
#6660=DIRECTION('',(6.912576751328E-1,5.E-1,-5.216922719094E-1));
#6661=VECTOR('',#6660,2.176610514845E-1);
#6662=CARTESIAN_POINT('',(6.477357372185E-1,2.099392997621E0,
-4.888462587870E-1));
#6663=LINE('',#6662,#6661);
#6664=DIRECTION('',(0.E0,1.E0,0.E0));
#6665=VECTOR('',#6664,5.E-2);
#6666=CARTESIAN_POINT('',(7.981956096346E-1,2.208223523363E0,
-6.023983472421E-1));
#6667=LINE('',#6666,#6665);
#6668=CARTESIAN_POINT('',(7.981956096346E-1,2.208223523363E0,
-6.023983472421E-1));
#6669=CARTESIAN_POINT('',(8.316247415102E-1,2.204690703855E0,
-5.581037597501E-1));
#6670=CARTESIAN_POINT('',(8.910912904216E-1,2.197625064840E0,
-4.639370876365E-1));
#6671=CARTESIAN_POINT('',(9.556513196748E-1,2.187026606317E0,
-3.098579036810E-1));
#6672=CARTESIAN_POINT('',(9.937858570901E-1,2.176428147794E0,
-1.472107621568E-1));
#6673=CARTESIAN_POINT('',(1.004440552589E0,2.165829689271E0,1.950704524002E-2));
#6674=CARTESIAN_POINT('',(9.873207495900E-1,2.155231230749E0,
1.856854395214E-1));
#6675=CARTESIAN_POINT('',(9.428998494619E-1,2.144632772226E0,
3.467293180679E-1));
#6676=CARTESIAN_POINT('',(8.724061631059E-1,2.134034313703E0,
4.981855401006E-1));
#6677=CARTESIAN_POINT('',(7.777889616267E-1,2.123435855180E0,
6.358660842181E-1));
#6678=CARTESIAN_POINT('',(6.616645715003E-1,2.112837396657E0,
7.559638487926E-1));
#6679=CARTESIAN_POINT('',(5.272440298104E-1,2.102238938134E0,
8.551579262900E-1));
#6680=CARTESIAN_POINT('',(3.782442933092E-1,2.091640479611E0,
9.307054316186E-1));
#6681=CARTESIAN_POINT('',(2.187854583162E-1,2.081042021088E0,
9.805173476769E-1));
#6682=CARTESIAN_POINT('',(5.327683302143E-2,2.070443562565E0,1.003216290203E0));
#6683=CARTESIAN_POINT('',(-1.137049873850E-1,2.059845104042E0,
9.981745948027E-1));
#6684=CARTESIAN_POINT('',(-2.775426713611E-1,2.049246645519E0,
9.655316729344E-1));
#6685=CARTESIAN_POINT('',(-4.337058280886E-1,2.038648186997E0,
9.061901569471E-1));
#6686=CARTESIAN_POINT('',(-5.778762804897E-1,2.028049728474E0,
8.217909407588E-1));
#6687=CARTESIAN_POINT('',(-7.060674701734E-1,2.017451269951E0,
7.146678063469E-1));
#6688=CARTESIAN_POINT('',(-8.147346925599E-1,2.006852811428E0,
5.877828907046E-1));
#6689=CARTESIAN_POINT('',(-9.008731139955E-1,1.996254352905E0,
4.446447777111E-1));
#6690=CARTESIAN_POINT('',(-9.621008605175E-1,1.985655894382E0,
2.892114798159E-1));
#6691=CARTESIAN_POINT('',(-9.967248807231E-1,1.975057435859E0,
1.257809922576E-1));
#6692=CARTESIAN_POINT('',(-1.003787761523E0,1.964458977336E0,
-4.112755381951E-2));
#6693=CARTESIAN_POINT('',(-9.830942022407E-1,1.953860518813E0,
-2.068988530332E-1));
#6694=CARTESIAN_POINT('',(-9.352164150126E-1,1.943262060290E0,
-3.669490468128E-1));
#6695=CARTESIAN_POINT('',(-8.614783021444E-1,1.932663601767E0,
-5.168524748903E-1));
#6696=CARTESIAN_POINT('',(-7.639188479613E-1,1.922065143244E0,
-6.524640523395E-1));
#6697=CARTESIAN_POINT('',(-6.452357374205E-1,1.911466684722E0,
-7.700338882291E-1));
#6698=CARTESIAN_POINT('',(-5.087107605305E-1,1.900868226199E0,
-8.663109764896E-1));
#6699=CARTESIAN_POINT('',(-3.581190652716E-1,1.890269767676E0,
-9.386330917642E-1));
#6700=CARTESIAN_POINT('',(-1.976247683291E-1,1.879671309153E0,
-9.850004044713E-1));
#6701=CARTESIAN_POINT('',(-3.166581017933E-2,1.869072850630E0,
-1.004130779496E0));
#6702=CARTESIAN_POINT('',(1.351687615180E-1,1.858474392107E0,
-9.954952294087E-1));
#6703=CARTESIAN_POINT('',(2.982656868983E-1,1.847875933584E0,
-9.593325418669E-1));
#6704=CARTESIAN_POINT('',(4.531150583792E-1,1.837277475061E0,
-8.966426767313E-1));
#6705=CARTESIAN_POINT('',(5.954350272811E-1,1.826679016538E0,
-8.091591154727E-1));
#6706=CARTESIAN_POINT('',(7.212902042314E-1,1.816080558015E0,
-6.993009274594E-1));
#6707=CARTESIAN_POINT('',(8.272004793782E-1,1.805482099492E0,
-5.701058785719E-1));
#6708=CARTESIAN_POINT('',(9.102372533515E-1,1.794883640969E0,
-4.251464318054E-1));
#6709=CARTESIAN_POINT('',(9.681044180200E-1,1.784285182447E0,
-2.684309625881E-1));
#6710=CARTESIAN_POINT('',(9.992018477889E-1,1.773686723924E0,
-1.042929203782E-1));
#6711=CARTESIAN_POINT('',(1.002669645797E0,1.763088265401E0,6.272899858971E-2));
#6712=CARTESIAN_POINT('',(9.784119215256E-1,1.752489806878E0,
2.280163539801E-1));
#6713=CARTESIAN_POINT('',(9.270994423396E-1,1.741891348355E0,
3.869986690926E-1));
#6714=CARTESIAN_POINT('',(8.501510856233E-1,1.731292889832E0,
5.352798123219E-1));
#6715=CARTESIAN_POINT('',(7.496946044081E-1,1.720694431309E0,
6.687595576791E-1));
#6716=CARTESIAN_POINT('',(6.285077913796E-1,1.710095972786E0,
7.837469630186E-1));
#6717=CARTESIAN_POINT('',(4.899416681813E-1,1.699497514263E0,
8.770624308711E-1));
#6718=CARTESIAN_POINT('',(3.378278239631E-1,1.688899055740E0,
9.461256297248E-1));
#6719=CARTESIAN_POINT('',(1.763724654197E-1,1.678300597217E0,
9.890268445839E-1));
#6720=CARTESIAN_POINT('',(1.004010801660E-2,1.667702138694E0,1.004579783838E0));
#6721=CARTESIAN_POINT('',(-1.565698754617E-1,1.657103680172E0,
9.923543822464E-1));
#6722=CARTESIAN_POINT('',(-3.188504353972E-1,1.646505221649E0,
9.526886929700E-1));
#6723=CARTESIAN_POINT('',(-4.723142381014E-1,1.635906763126E0,
8.866795398296E-1));
#6724=CARTESIAN_POINT('',(-6.127177482298E-1,1.625308304603E0,
7.961521882592E-1));
#6725=CARTESIAN_POINT('',(-7.361785697567E-1,1.614709846080E0,
6.836098736098E-1));
#6726=CARTESIAN_POINT('',(-8.392828008329E-1,1.604111387557E0,
5.521645824316E-1));
#6727=CARTESIAN_POINT('',(-9.191794339829E-1,1.593512929034E0,
4.054510007493E-1));
#6728=CARTESIAN_POINT('',(-9.736591913138E-1,1.582914470511E0,
2.475260088072E-1));
#6729=CARTESIAN_POINT('',(-1.001215614809E0,1.572316011988E0,
8.275650142529E-2));
#6730=CARTESIAN_POINT('',(-1.001086722458E0,1.561717553465E0,
-8.430136407496E-2));
#6731=CARTESIAN_POINT('',(-9.732760783520E-1,1.551119094942E0,
-2.490281533752E-1));
#6732=CARTESIAN_POINT('',(-9.185526941365E-1,1.540520636419E0,
-4.068688903817E-1));
#6733=CARTESIAN_POINT('',(-8.384297645252E-1,1.529922177897E0,
-5.534590100666E-1));
#6734=CARTESIAN_POINT('',(-7.351228248936E-1,1.519323719374E0,
-6.847450461203E-1));
#6735=CARTESIAN_POINT('',(-6.114884879537E-1,1.508725260851E0,
-7.970967161932E-1));
#6736=CARTESIAN_POINT('',(-4.709454535510E-1,1.498126802328E0,
-8.874073053820E-1));
#6737=CARTESIAN_POINT('',(-3.173799757951E-1,1.487528343805E0,
-9.531795721846E-1));
#6738=CARTESIAN_POINT('',(-1.550384015188E-1,1.476929885282E0,
-9.925948014776E-1));
#6739=CARTESIAN_POINT('',(1.159024843933E-2,1.466331426759E0,
-1.004563095085E0));
#6740=CARTESIAN_POINT('',(1.778984083012E-1,1.455732968236E0,
-9.887535093185E-1));
#6741=CARTESIAN_POINT('',(3.392873743853E-1,1.445134509713E0,
-9.456032061327E-1));
#6742=CARTESIAN_POINT('',(4.912944670910E-1,1.434536051190E0,
-8.763053648538E-1));
#6743=CARTESIAN_POINT('',(6.297164315844E-1,1.423937592667E0,
-7.827761887400E-1));
#6744=CARTESIAN_POINT('',(7.507256649493E-1,1.413339134144E0,
-6.676019187003E-1));
#6745=CARTESIAN_POINT('',(8.509760559218E-1,1.402740675622E0,
-5.339673193310E-1));
#6746=CARTESIAN_POINT('',(9.276955105627E-1,1.392142217099E0,
-3.855676147546E-1));
#6747=CARTESIAN_POINT('',(9.787626053724E-1,1.381543758576E0,
-2.265063093833E-1));
#6748=CARTESIAN_POINT('',(1.002765248262E0,1.370945300053E0,
-6.118171903727E-2));
#6749=CARTESIAN_POINT('',(9.990397253017E-1,1.360346841530E0,
1.058346499731E-1));
#6750=CARTESIAN_POINT('',(9.676890535430E-1,1.349748383007E0,
2.699245107782E-1));
#6751=CARTESIAN_POINT('',(9.095801324196E-1,1.339149924484E0,
4.265504994410E-1));
#6752=CARTESIAN_POINT('',(8.263197725035E-1,1.328551465961E0,
5.713816407933E-1));
#6753=CARTESIAN_POINT('',(7.202102644579E-1,1.317953007438E0,
7.004131072698E-1));
#6754=CARTESIAN_POINT('',(5.941857167817E-1,1.307354548915E0,
8.100769592072E-1));
#6755=CARTESIAN_POINT('',(4.517309227155E-1,1.296756090392E0,
8.973408044486E-1));
#6756=CARTESIAN_POINT('',(2.967849997774E-1,1.286157631869E0,
9.597916491473E-1));
#6757=CARTESIAN_POINT('',(1.336324664589E-1,1.275559173347E0,
9.957026211545E-1));
#6758=CARTESIAN_POINT('',(-3.321523200351E-2,1.264960714824E0,
1.004080720973E0));
#6759=CARTESIAN_POINT('',(-1.991444727677E-1,1.254362256301E0,
9.846942798818E-1));
#6760=CARTESIAN_POINT('',(-3.595670299103E-1,1.243763797778E0,
9.380793659746E-1));
#6761=CARTESIAN_POINT('',(-5.100469466826E-1,1.233165339255E0,
8.655249609604E-1));
#6762=CARTESIAN_POINT('',(-6.464231972647E-1,1.222566880732E0,
7.690373176276E-1));
#6763=CARTESIAN_POINT('',(-7.649247462118E-1,1.211968422209E0,
6.512844835390E-1));
#6764=CARTESIAN_POINT('',(-8.622748240024E-1,1.201369963686E0,
5.155225249758E-1));
#6765=CARTESIAN_POINT('',(-9.357815352931E-1,1.190771505163E0,
3.655054911631E-1));
#6766=CARTESIAN_POINT('',(-9.834122944061E-1,1.180173046640E0,
2.053816084189E-1));
#6767=CARTESIAN_POINT('',(-1.003850029783E0,1.169574588117E0,
3.957857463661E-2));
#6768=CARTESIAN_POINT('',(-9.965296032553E-1,1.158976129594E0,
-1.273188740983E-1));
#6769=CARTESIAN_POINT('',(-9.616534370757E-1,1.148377671072E0,
-2.906957392640E-1));
#6770=CARTESIAN_POINT('',(-9.001859165995E-1,1.137779212549E0,
-4.460343724666E-1));
#6771=CARTESIAN_POINT('',(-8.138267233873E-1,1.127180754026E0,
-5.890393961073E-1));
#6772=CARTESIAN_POINT('',(-7.049638361172E-1,1.116582295503E0,
-7.157564778839E-1));
#6773=CARTESIAN_POINT('',(-5.766074989099E-1,1.105983836980E0,
-8.226816748091E-1));
#6774=CARTESIAN_POINT('',(-4.323069829554E-1,1.095385378457E0,
-9.068583231980E-1));
#6775=CARTESIAN_POINT('',(-2.760524431235E-1,1.084786919934E0,
-9.659587954529E-1));
#6776=CARTESIAN_POINT('',(-1.121645833894E-1,1.074188461411E0,
-9.983488629197E-1));
#6777=CARTESIAN_POINT('',(5.482481797964E-2,1.063590002888E0,
-1.003132885126E0));
#6778=CARTESIAN_POINT('',(2.202982198301E-1,1.052991544365E0,
-9.801785756331E-1));
#6779=CARTESIAN_POINT('',(3.796800009037E-1,1.042393085842E0,
-9.301206604720E-1));
#6780=CARTESIAN_POINT('',(5.285629838929E-1,1.031794627320E0,
-8.543433250628E-1));
#6781=CARTESIAN_POINT('',(6.628303001259E-1,1.021196168797E0,
-7.549419459363E-1));
#6782=CARTESIAN_POINT('',(7.787692327269E-1,1.010597710274E0,
-6.346651246169E-1));
#6783=CARTESIAN_POINT('',(8.731738618879E-1,9.999992517508E-1,
-4.968387788666E-1));
#6784=CARTESIAN_POINT('',(9.434337799495E-1,9.894007932279E-1,
-3.452738217705E-1));
#6785=CARTESIAN_POINT('',(9.728819449949E-1,9.823351542126E-1,
-2.378660094297E-1));
#6786=CARTESIAN_POINT('',(9.830546046782E-1,9.788023347050E-1,
-1.833129679562E-1));
#6788=CARTESIAN_POINT('',(9.647726305526E-1,1.467273694474E-1,0.E0));
#6789=CARTESIAN_POINT('',(9.626013304805E-1,1.488986695195E-1,
-5.190304562571E-2));
#6790=CARTESIAN_POINT('',(9.498743332585E-1,1.532606436479E-1,
-1.554802120867E-1));
#6791=CARTESIAN_POINT('',(9.053435431599E-1,1.599006062593E-1,
-3.068507572939E-1));
#6792=CARTESIAN_POINT('',(8.370772404608E-1,1.665209318893E-1,
-4.473428327984E-1));
#6793=CARTESIAN_POINT('',(7.495282016573E-1,1.730071172534E-1,
-5.715822074536E-1));
#6794=CARTESIAN_POINT('',(6.414468071256E-1,1.796420630943E-1,
-6.818410726289E-1));
#6795=CARTESIAN_POINT('',(5.159077339168E-1,1.863585783921E-1,
-7.731228364866E-1));
#6796=CARTESIAN_POINT('',(3.780032545634E-1,1.930706877651E-1,
-8.415726796790E-1));
#6797=CARTESIAN_POINT('',(2.349248655125E-1,1.996396916880E-1,
-8.852808011236E-1));
#6798=CARTESIAN_POINT('',(8.633821989410E-2,2.062710300689E-1,
-9.051769354181E-1));
#6799=CARTESIAN_POINT('',(-6.148682857048E-2,2.128594817795E-1,
-9.005947980902E-1));
#6800=CARTESIAN_POINT('',(-2.071200760852E-1,2.195236513273E-1,
-8.717249877062E-1));
#6801=CARTESIAN_POINT('',(-3.438479542234E-1,2.261285619222E-1,
-8.202609733298E-1));
#6802=CARTESIAN_POINT('',(-4.725217188871E-1,2.329035525084E-1,
-7.456801466293E-1));
#6803=CARTESIAN_POINT('',(-5.865578278148E-1,2.397196213465E-1,
-6.505484902735E-1));
#6804=CARTESIAN_POINT('',(-6.815067925049E-1,2.464936599195E-1,
-5.391116009482E-1));
#6805=CARTESIAN_POINT('',(-7.546745714518E-1,2.531229946802E-1,
-4.171943862385E-1));
#6806=CARTESIAN_POINT('',(-8.076793660399E-1,2.599206257214E-1,
-2.825813562780E-1));
#6807=CARTESIAN_POINT('',(-8.369469495494E-1,2.667646073016E-1,
-1.410655627045E-1));
#6808=CARTESIAN_POINT('',(-8.402260634444E-1,2.712739365556E-1,
-4.668150182715E-2));
#6809=CARTESIAN_POINT('',(-8.379777113096E-1,2.735222886904E-1,0.E0));
#6811=CARTESIAN_POINT('',(0.E0,0.E0,0.E0));
#6812=DIRECTION('',(0.E0,-1.E0,0.E0));
#6813=DIRECTION('',(-1.E0,0.E0,0.E0));
#6814=AXIS2_PLACEMENT_3D('',#6811,#6812,#6813);
#6816=DIRECTION('',(-1.E0,0.E0,0.E0));
#6817=VECTOR('',#6816,3.E0);
#6818=CARTESIAN_POINT('',(1.5E0,6.5E-1,-1.5E0));
#6819=LINE('',#6818,#6817);
#6820=DIRECTION('',(0.E0,1.E0,0.E0));
#6821=VECTOR('',#6820,6.5E-1);
#6822=CARTESIAN_POINT('',(1.5E0,0.E0,-1.5E0));
#6823=LINE('',#6822,#6821);
#6824=DIRECTION('',(0.E0,0.E0,1.E0));
#6825=VECTOR('',#6824,3.E0);
#6826=CARTESIAN_POINT('',(-1.5E0,6.5E-1,-1.5E0));
#6827=LINE('',#6826,#6825);
#6828=DIRECTION('',(0.E0,1.E0,0.E0));
#6829=VECTOR('',#6828,6.5E-1);
#6830=CARTESIAN_POINT('',(-1.5E0,0.E0,-1.5E0));
#6831=LINE('',#6830,#6829);
#6832=DIRECTION('',(1.E0,0.E0,0.E0));
#6833=VECTOR('',#6832,3.E0);
#6834=CARTESIAN_POINT('',(-1.5E0,6.5E-1,1.5E0));
#6835=LINE('',#6834,#6833);
#6836=DIRECTION('',(0.E0,1.E0,0.E0));
#6837=VECTOR('',#6836,6.5E-1);
#6838=CARTESIAN_POINT('',(-1.5E0,0.E0,1.5E0));
#6839=LINE('',#6838,#6837);
#6840=CARTESIAN_POINT('',(1.5E0,0.E0,-1.5E0));
#6841=CARTESIAN_POINT('',(-1.5E0,0.E0,-1.5E0));
#6842=VERTEX_POINT('',#6840);
#6843=VERTEX_POINT('',#6841);
#6844=CARTESIAN_POINT('',(-1.5E0,0.E0,1.5E0));
#6845=CARTESIAN_POINT('',(1.5E0,0.E0,1.5E0));
#6846=VERTEX_POINT('',#6844);
#6847=VERTEX_POINT('',#6845);
#6848=CARTESIAN_POINT('',(-1.49E0,6.5E-1,0.E0));
#6849=CARTESIAN_POINT('',(1.49E0,6.5E-1,0.E0));
#6850=VERTEX_POINT('',#6848);
#6851=VERTEX_POINT('',#6849);
#6852=CARTESIAN_POINT('',(1.5E0,6.5E-1,-1.5E0));
#6853=CARTESIAN_POINT('',(-1.5E0,6.5E-1,-1.5E0));
#6854=VERTEX_POINT('',#6852);
#6855=VERTEX_POINT('',#6853);
#6856=CARTESIAN_POINT('',(-1.5E0,6.5E-1,1.5E0));
#6857=CARTESIAN_POINT('',(1.5E0,6.5E-1,1.5E0));
#6858=VERTEX_POINT('',#6856);
#6859=VERTEX_POINT('',#6857);
#6860=CARTESIAN_POINT('',(-1.1115E0,4.5E0,0.E0));
#6861=CARTESIAN_POINT('',(1.1115E0,4.5E0,0.E0));
#6862=VERTEX_POINT('',#6860);
#6863=VERTEX_POINT('',#6861);
#6864=CARTESIAN_POINT('',(-1.1115E0,0.E0,0.E0));
#6865=CARTESIAN_POINT('',(1.1115E0,0.E0,0.E0));
#6866=VERTEX_POINT('',#6864);
#6867=VERTEX_POINT('',#6865);
#6868=CARTESIAN_POINT('',(1.316794919243E0,4.5E0,0.E0));
#6869=CARTESIAN_POINT('',(-1.316794919243E0,4.5E0,0.E0));
#6870=VERTEX_POINT('',#6868);
#6871=VERTEX_POINT('',#6869);
#6872=CARTESIAN_POINT('',(1.49E0,4.2E0,0.E0));
#6873=CARTESIAN_POINT('',(-1.49E0,4.2E0,0.E0));
#6874=VERTEX_POINT('',#6872);
#6875=VERTEX_POINT('',#6873);
#6876=CARTESIAN_POINT('',(4.458708628952E-1,3.437644712021E0,
-8.950972984101E-1));
#6877=CARTESIAN_POINT('',(4.458708628952E-1,3.487644712021E0,
-8.950972984101E-1));
#6878=VERTEX_POINT('',#6876);
#6879=VERTEX_POINT('',#6877);
#6880=CARTESIAN_POINT('',(7.981956096346E-1,2.208223523363E0,
-6.023983472421E-1));
#6881=CARTESIAN_POINT('',(7.981956096346E-1,2.258223523363E0,
-6.023983472421E-1));
#6882=VERTEX_POINT('',#6880);
#6883=VERTEX_POINT('',#6881);
#6884=CARTESIAN_POINT('',(9.830546046782E-1,9.788023347050E-1,
-1.833129679562E-1));
#6885=CARTESIAN_POINT('',(9.830546046782E-1,1.028802334705E0,
-1.833129679562E-1));
#6886=VERTEX_POINT('',#6884);
#6887=VERTEX_POINT('',#6885);
#6888=VERTEX_POINT('',#4856);
#6889=VERTEX_POINT('',#4876);
#6890=VERTEX_POINT('',#4904);
#6891=VERTEX_POINT('',#4924);
#6892=VERTEX_POINT('',#4878);
#6893=VERTEX_POINT('',#4898);
#6894=VERTEX_POINT('',#4952);
#6895=VERTEX_POINT('',#4972);
#6896=VERTEX_POINT('',#5000);
#6897=VERTEX_POINT('',#5020);
#6898=VERTEX_POINT('',#5048);
#6899=VERTEX_POINT('',#5068);
#6900=VERTEX_POINT('',#4926);
#6901=VERTEX_POINT('',#4946);
#6902=VERTEX_POINT('',#4974);
#6903=VERTEX_POINT('',#4994);
#6904=VERTEX_POINT('',#5022);
#6905=VERTEX_POINT('',#5042);
#6906=VERTEX_POINT('',#5096);
#6907=VERTEX_POINT('',#5116);
#6908=VERTEX_POINT('',#5144);
#6909=VERTEX_POINT('',#5164);
#6910=VERTEX_POINT('',#5192);
#6911=VERTEX_POINT('',#5212);
#6912=VERTEX_POINT('',#5070);
#6913=VERTEX_POINT('',#5090);
#6914=VERTEX_POINT('',#5118);
#6915=VERTEX_POINT('',#5138);
#6916=VERTEX_POINT('',#5166);
#6917=VERTEX_POINT('',#5186);
#6918=VERTEX_POINT('',#5240);
#6919=VERTEX_POINT('',#5260);
#6920=VERTEX_POINT('',#5288);
#6921=VERTEX_POINT('',#5305);
#6922=VERTEX_POINT('',#5214);
#6923=VERTEX_POINT('',#5234);
#6924=VERTEX_POINT('',#5262);
#6925=VERTEX_POINT('',#5282);
#6926=VERTEX_POINT('',#5318);
#6927=VERTEX_POINT('',#5416);
#6928=VERTEX_POINT('',#5465);
#6929=VERTEX_POINT('',#5471);
#6930=VERTEX_POINT('',#5619);
#6931=VERTEX_POINT('',#5727);
#6932=VERTEX_POINT('',#5721);
#6933=VERTEX_POINT('',#5823);
#6934=CARTESIAN_POINT('',(-1.E0,4.3885E0,0.E0));
#6935=CARTESIAN_POINT('',(-9.010065394661E-1,4.3885E0,-4.338055046208E-1));
#6936=VERTEX_POINT('',#6934);
#6937=VERTEX_POINT('',#6935);
#6938=VERTEX_POINT('',#6079);
#6939=VERTEX_POINT('',#4836);
#6940=VERTEX_POINT('',#6788);
#6941=VERTEX_POINT('',#6809);
#6942=CARTESIAN_POINT('',(-8.731762407512E-2,1.115E-1,9.961805220571E-1));
#6943=CARTESIAN_POINT('',(6.426631183312E-1,1.115E-1,7.661488865337E-1));
#6944=VERTEX_POINT('',#6942);
#6945=VERTEX_POINT('',#6943);
#6946=VERTEX_POINT('',#6518);
#6947=VERTEX_POINT('',#5957);
#6948=CARTESIAN_POINT('',(-1.49E0,1.5E0,0.E0));
#6949=CARTESIAN_POINT('',(1.49E0,1.5E0,0.E0));
#6950=VERTEX_POINT('',#6948);
#6951=VERTEX_POINT('',#6949);
#6952=CARTESIAN_POINT('',(1.49E0,1.75E0,0.E0));
#6953=CARTESIAN_POINT('',(0.E0,1.75E0,1.49E0));
#6954=VERTEX_POINT('',#6952);
#6955=VERTEX_POINT('',#6953);
#6956=CARTESIAN_POINT('',(-1.49E0,1.75E0,0.E0));
#6957=VERTEX_POINT('',#6956);
#6958=CARTESIAN_POINT('',(0.E0,1.75E0,-1.49E0));
#6959=VERTEX_POINT('',#6958);
#6960=CARTESIAN_POINT('',(3.905124837954E-1,1.5E0,-1.5E0));
#6961=CARTESIAN_POINT('',(-3.905124837954E-1,1.5E0,-1.5E0));
#6962=VERTEX_POINT('',#6960);
#6963=VERTEX_POINT('',#6961);
#6964=CARTESIAN_POINT('',(-3.905124837954E-1,1.5E0,1.5E0));
#6965=CARTESIAN_POINT('',(3.905124837954E-1,1.5E0,1.5E0));
#6966=VERTEX_POINT('',#6964);
#6967=VERTEX_POINT('',#6965);
#6968=VERTEX_POINT('',#4685);
#6969=VERTEX_POINT('',#4747);
#6970=CARTESIAN_POINT('',(1.5E0,1.5E0,-3.905124837954E-1));
#6971=VERTEX_POINT('',#6970);
#6972=CARTESIAN_POINT('',(1.5E0,1.5E0,3.905124837954E-1));
#6973=VERTEX_POINT('',#6972);
#6974=CARTESIAN_POINT('',(-1.5E0,1.5E0,-3.905124837954E-1));
#6975=VERTEX_POINT('',#6974);
#6976=CARTESIAN_POINT('',(-1.5E0,1.5E0,3.905124837954E-1));
#6977=VERTEX_POINT('',#6976);
#6978=CARTESIAN_POINT('',(0.E0,0.E0,0.E0));
#6979=DIRECTION('',(0.E0,1.E0,0.E0));
#6980=DIRECTION('',(1.E0,0.E0,0.E0));
#6981=AXIS2_PLACEMENT_3D('',#6978,#6979,#6980);
#6982=PLANE('',#6981);
#6984=ORIENTED_EDGE('',*,*,#6983,.T.);
#6986=ORIENTED_EDGE('',*,*,#6985,.T.);
#6988=ORIENTED_EDGE('',*,*,#6987,.T.);
#6990=ORIENTED_EDGE('',*,*,#6989,.T.);
#6991=EDGE_LOOP('',(#6984,#6986,#6988,#6990));
#6992=FACE_OUTER_BOUND('',#6991,.F.);
#6994=ORIENTED_EDGE('',*,*,#6993,.T.);
#6996=ORIENTED_EDGE('',*,*,#6995,.T.);
#6997=EDGE_LOOP('',(#6994,#6996));
#6998=FACE_BOUND('',#6997,.F.);
#6999=ADVANCED_FACE('',(#6992,#6998),#6982,.F.);
#7000=CARTESIAN_POINT('',(1.5E0,0.E0,1.5E0));
#7001=DIRECTION('',(1.E0,0.E0,0.E0));
#7002=DIRECTION('',(0.E0,0.E0,-1.E0));
#7003=AXIS2_PLACEMENT_3D('',#7000,#7001,#7002);
#7004=PLANE('',#7003);
#7006=ORIENTED_EDGE('',*,*,#7005,.T.);
#7008=ORIENTED_EDGE('',*,*,#7007,.F.);
#7009=ORIENTED_EDGE('',*,*,#6983,.F.);
#7011=ORIENTED_EDGE('',*,*,#7010,.T.);
#7012=EDGE_LOOP('',(#7006,#7008,#7009,#7011));
#7013=FACE_OUTER_BOUND('',#7012,.F.);
#7014=ADVANCED_FACE('',(#7013),#7004,.T.);
#7015=CARTESIAN_POINT('',(0.E0,6.5E-1,0.E0));
#7016=DIRECTION('',(0.E0,-1.E0,0.E0));
#7017=DIRECTION('',(-1.E0,0.E0,0.E0));
#7018=AXIS2_PLACEMENT_3D('',#7015,#7016,#7017);
#7019=PLANE('',#7018);
#7021=ORIENTED_EDGE('',*,*,#7020,.F.);
#7022=ORIENTED_EDGE('',*,*,#7005,.F.);
#7024=ORIENTED_EDGE('',*,*,#7023,.F.);
#7026=ORIENTED_EDGE('',*,*,#7025,.F.);
#7027=EDGE_LOOP('',(#7021,#7022,#7024,#7026));
#7028=FACE_OUTER_BOUND('',#7027,.F.);
#7030=ORIENTED_EDGE('',*,*,#7029,.T.);
#7032=ORIENTED_EDGE('',*,*,#7031,.T.);
#7033=EDGE_LOOP('',(#7030,#7032));
#7034=FACE_BOUND('',#7033,.F.);
#7035=ADVANCED_FACE('',(#7028,#7034),#7019,.F.);
#7036=CARTESIAN_POINT('',(0.E0,6.5E-1,0.E0));
#7037=DIRECTION('',(0.E0,-1.E0,0.E0));
#7038=DIRECTION('',(-1.E0,0.E0,0.E0));
#7039=AXIS2_PLACEMENT_3D('',#7036,#7037,#7038);
#7040=CYLINDRICAL_SURFACE('',#7039,1.49E0);
#7042=ORIENTED_EDGE('',*,*,#7041,.T.);
#7044=ORIENTED_EDGE('',*,*,#7043,.F.);
#7045=ORIENTED_EDGE('',*,*,#7029,.F.);
#7047=ORIENTED_EDGE('',*,*,#7046,.T.);
#7048=EDGE_LOOP('',(#7042,#7044,#7045,#7047));
#7049=FACE_OUTER_BOUND('',#7048,.F.);
#7050=ADVANCED_FACE('',(#7049),#7040,.T.);
#7051=CARTESIAN_POINT('',(0.E0,6.5E-1,0.E0));
#7052=DIRECTION('',(0.E0,-1.E0,0.E0));
#7053=DIRECTION('',(-1.E0,0.E0,0.E0));
#7054=AXIS2_PLACEMENT_3D('',#7051,#7052,#7053);
#7055=CYLINDRICAL_SURFACE('',#7054,1.49E0);
#7057=ORIENTED_EDGE('',*,*,#7056,.T.);
#7059=ORIENTED_EDGE('',*,*,#7058,.T.);
#7061=ORIENTED_EDGE('',*,*,#7060,.T.);
#7063=ORIENTED_EDGE('',*,*,#7062,.F.);
#7065=ORIENTED_EDGE('',*,*,#7064,.F.);
#7066=EDGE_LOOP('',(#7057,#7059,#7061,#7063,#7065));
#7067=FACE_OUTER_BOUND('',#7066,.F.);
#7068=ADVANCED_FACE('',(#7067),#7055,.T.);
#7069=CARTESIAN_POINT('',(0.E0,1.5E0,0.E0));
#7070=DIRECTION('',(0.E0,-1.E0,0.E0));
#7071=DIRECTION('',(0.E0,0.E0,1.E0));
#7072=AXIS2_PLACEMENT_3D('',#7069,#7070,#7071);
#7073=PLANE('',#7072);
#7075=ORIENTED_EDGE('',*,*,#7074,.T.);
#7077=ORIENTED_EDGE('',*,*,#7076,.T.);
#7079=ORIENTED_EDGE('',*,*,#7078,.T.);
#7081=ORIENTED_EDGE('',*,*,#7080,.T.);
#7083=ORIENTED_EDGE('',*,*,#7082,.T.);
#7085=ORIENTED_EDGE('',*,*,#7084,.F.);
#7087=ORIENTED_EDGE('',*,*,#7086,.T.);
#7089=ORIENTED_EDGE('',*,*,#7088,.F.);
#7090=EDGE_LOOP('',(#7075,#7077,#7079,#7081,#7083,#7085,#7087,#7089));
#7091=FACE_OUTER_BOUND('',#7090,.F.);
#7092=ORIENTED_EDGE('',*,*,#7041,.F.);
#7094=ORIENTED_EDGE('',*,*,#7093,.F.);
#7095=EDGE_LOOP('',(#7092,#7094));
#7096=FACE_BOUND('',#7095,.F.);
#7097=ADVANCED_FACE('',(#7091,#7096),#7073,.T.);
#7098=CARTESIAN_POINT('',(0.E0,6.5E-1,0.E0));
#7099=DIRECTION('',(0.E0,-1.E0,0.E0));
#7100=DIRECTION('',(-1.E0,0.E0,0.E0));
#7101=AXIS2_PLACEMENT_3D('',#7098,#7099,#7100);
#7102=CYLINDRICAL_SURFACE('',#7101,1.49E0);
#7103=ORIENTED_EDGE('',*,*,#7093,.T.);
#7104=ORIENTED_EDGE('',*,*,#7046,.F.);
#7105=ORIENTED_EDGE('',*,*,#7031,.F.);
#7106=ORIENTED_EDGE('',*,*,#7043,.T.);
#7107=EDGE_LOOP('',(#7103,#7104,#7105,#7106));
#7108=FACE_OUTER_BOUND('',#7107,.F.);
#7109=ADVANCED_FACE('',(#7108),#7102,.T.);
#7110=CARTESIAN_POINT('',(0.E0,6.5E-1,0.E0));
#7111=DIRECTION('',(0.E0,-1.E0,0.E0));
#7112=DIRECTION('',(-1.E0,0.E0,0.E0));
#7113=AXIS2_PLACEMENT_3D('',#7110,#7111,#7112);
#7114=CYLINDRICAL_SURFACE('',#7113,1.49E0);
#7116=ORIENTED_EDGE('',*,*,#7115,.T.);
#7117=ORIENTED_EDGE('',*,*,#7064,.T.);
#7119=ORIENTED_EDGE('',*,*,#7118,.F.);
#7120=ORIENTED_EDGE('',*,*,#7060,.F.);
#7122=ORIENTED_EDGE('',*,*,#7121,.T.);
#7123=EDGE_LOOP('',(#7116,#7117,#7119,#7120,#7122));
#7124=FACE_OUTER_BOUND('',#7123,.F.);
#7125=ADVANCED_FACE('',(#7124),#7114,.T.);
#7126=CARTESIAN_POINT('',(0.E0,1.625E0,0.E0));
#7127=DIRECTION('',(0.E0,-1.E0,0.E0));
#7128=DIRECTION('',(0.E0,0.E0,1.E0));
#7129=AXIS2_PLACEMENT_3D('',#7126,#7127,#7128);
#7130=CONICAL_SURFACE('',#7129,1.52E0,1.349573328080E1);
#7132=ORIENTED_EDGE('',*,*,#7131,.T.);
#7133=ORIENTED_EDGE('',*,*,#7088,.T.);
#7135=ORIENTED_EDGE('',*,*,#7134,.T.);
#7136=ORIENTED_EDGE('',*,*,#7084,.T.);
#7138=ORIENTED_EDGE('',*,*,#7137,.T.);
#7140=ORIENTED_EDGE('',*,*,#7139,.T.);
#7141=ORIENTED_EDGE('',*,*,#7056,.F.);
#7142=ORIENTED_EDGE('',*,*,#7115,.F.);
#7144=ORIENTED_EDGE('',*,*,#7143,.F.);
#7145=EDGE_LOOP('',(#7132,#7133,#7135,#7136,#7138,#7140,#7141,#7142,#7144));
#7146=FACE_OUTER_BOUND('',#7145,.F.);
#7147=ADVANCED_FACE('',(#7146),#7130,.T.);
#7148=CARTESIAN_POINT('',(1.5E0,0.E0,-1.5E0));
#7149=DIRECTION('',(0.E0,0.E0,1.E0));
#7150=DIRECTION('',(-1.E0,0.E0,0.E0));
#7151=AXIS2_PLACEMENT_3D('',#7148,#7149,#7150);
#7152=PLANE('',#7151);
#7153=ORIENTED_EDGE('',*,*,#7074,.F.);
#7154=ORIENTED_EDGE('',*,*,#7131,.F.);
#7156=ORIENTED_EDGE('',*,*,#7155,.F.);
#7157=EDGE_LOOP('',(#7153,#7154,#7156));
#7158=FACE_OUTER_BOUND('',#7157,.F.);
#7159=ADVANCED_FACE('',(#7158),#7152,.F.);
#7160=CARTESIAN_POINT('',(0.E0,1.625E0,0.E0));
#7161=DIRECTION('',(0.E0,-1.E0,0.E0));
#7162=DIRECTION('',(0.E0,0.E0,1.E0));
#7163=AXIS2_PLACEMENT_3D('',#7160,#7161,#7162);
#7164=CONICAL_SURFACE('',#7163,1.52E0,1.349573328080E1);
#7165=ORIENTED_EDGE('',*,*,#7155,.T.);
#7166=ORIENTED_EDGE('',*,*,#7143,.T.);
#7167=ORIENTED_EDGE('',*,*,#7121,.F.);
#7168=ORIENTED_EDGE('',*,*,#7058,.F.);
#7169=ORIENTED_EDGE('',*,*,#7139,.F.);
#7171=ORIENTED_EDGE('',*,*,#7170,.T.);
#7172=ORIENTED_EDGE('',*,*,#7080,.F.);
#7174=ORIENTED_EDGE('',*,*,#7173,.T.);
#7175=ORIENTED_EDGE('',*,*,#7076,.F.);
#7176=EDGE_LOOP('',(#7165,#7166,#7167,#7168,#7169,#7171,#7172,#7174,#7175));
#7177=FACE_OUTER_BOUND('',#7176,.F.);
#7178=ADVANCED_FACE('',(#7177),#7164,.T.);
#7179=CARTESIAN_POINT('',(-1.5E0,0.E0,1.5E0));
#7180=DIRECTION('',(0.E0,0.E0,-1.E0));
#7181=DIRECTION('',(1.E0,0.E0,0.E0));
#7182=AXIS2_PLACEMENT_3D('',#7179,#7180,#7181);
#7183=PLANE('',#7182);
#7184=ORIENTED_EDGE('',*,*,#7082,.F.);
#7185=ORIENTED_EDGE('',*,*,#7170,.F.);
#7186=ORIENTED_EDGE('',*,*,#7137,.F.);
#7187=EDGE_LOOP('',(#7184,#7185,#7186));
#7188=FACE_OUTER_BOUND('',#7187,.F.);
#7189=ADVANCED_FACE('',(#7188),#7183,.F.);
#7190=CARTESIAN_POINT('',(-1.5E0,0.E0,-1.5E0));
#7191=DIRECTION('',(1.E0,0.E0,0.E0));
#7192=DIRECTION('',(0.E0,0.E0,1.E0));
#7193=AXIS2_PLACEMENT_3D('',#7190,#7191,#7192);
#7194=PLANE('',#7193);
#7195=ORIENTED_EDGE('',*,*,#7078,.F.);
#7196=ORIENTED_EDGE('',*,*,#7173,.F.);
#7197=EDGE_LOOP('',(#7195,#7196));
#7198=FACE_OUTER_BOUND('',#7197,.F.);
#7199=ADVANCED_FACE('',(#7198),#7194,.F.);
#7200=CARTESIAN_POINT('',(1.5E0,0.E0,1.5E0));
#7201=DIRECTION('',(-1.E0,0.E0,0.E0));
#7202=DIRECTION('',(0.E0,0.E0,-1.E0));
#7203=AXIS2_PLACEMENT_3D('',#7200,#7201,#7202);
#7204=PLANE('',#7203);
#7205=ORIENTED_EDGE('',*,*,#7086,.F.);
#7206=ORIENTED_EDGE('',*,*,#7134,.F.);
#7207=EDGE_LOOP('',(#7205,#7206));
#7208=FACE_OUTER_BOUND('',#7207,.F.);
#7209=ADVANCED_FACE('',(#7208),#7204,.F.);
#7210=CARTESIAN_POINT('',(0.E0,4.35E0,0.E0));
#7211=DIRECTION('',(0.E0,-1.E0,0.E0));
#7212=DIRECTION('',(-1.E0,0.E0,0.E0));
#7213=AXIS2_PLACEMENT_3D('',#7210,#7211,#7212);
#7214=CONICAL_SURFACE('',#7213,1.403397459622E0,3.E1);
#7216=ORIENTED_EDGE('',*,*,#7215,.F.);
#7218=ORIENTED_EDGE('',*,*,#7217,.T.);
#7219=ORIENTED_EDGE('',*,*,#7118,.T.);
#7221=ORIENTED_EDGE('',*,*,#7220,.F.);
#7222=EDGE_LOOP('',(#7216,#7218,#7219,#7221));
#7223=FACE_OUTER_BOUND('',#7222,.F.);
#7224=ADVANCED_FACE('',(#7223),#7214,.T.);
#7225=CARTESIAN_POINT('',(0.E0,4.5E0,0.E0));
#7226=DIRECTION('',(0.E0,1.E0,0.E0));
#7227=DIRECTION('',(1.E0,0.E0,0.E0));
#7228=AXIS2_PLACEMENT_3D('',#7225,#7226,#7227);
#7229=PLANE('',#7228);
#7231=ORIENTED_EDGE('',*,*,#7230,.T.);
#7232=ORIENTED_EDGE('',*,*,#7215,.T.);
#7233=EDGE_LOOP('',(#7231,#7232));
#7234=FACE_OUTER_BOUND('',#7233,.F.);
#7236=ORIENTED_EDGE('',*,*,#7235,.F.);
#7238=ORIENTED_EDGE('',*,*,#7237,.F.);
#7239=EDGE_LOOP('',(#7236,#7238));
#7240=FACE_BOUND('',#7239,.F.);
#7241=ADVANCED_FACE('',(#7234,#7240),#7229,.T.);
#7242=CARTESIAN_POINT('',(0.E0,4.35E0,0.E0));
#7243=DIRECTION('',(0.E0,-1.E0,0.E0));
#7244=DIRECTION('',(-1.E0,0.E0,0.E0));
#7245=AXIS2_PLACEMENT_3D('',#7242,#7243,#7244);
#7246=CONICAL_SURFACE('',#7245,1.403397459622E0,3.E1);
#7247=ORIENTED_EDGE('',*,*,#7230,.F.);
#7248=ORIENTED_EDGE('',*,*,#7220,.T.);
#7249=ORIENTED_EDGE('',*,*,#7062,.T.);
#7250=ORIENTED_EDGE('',*,*,#7217,.F.);
#7251=EDGE_LOOP('',(#7247,#7248,#7249,#7250));
#7252=FACE_OUTER_BOUND('',#7251,.F.);
#7253=ADVANCED_FACE('',(#7252),#7246,.T.);
#7254=CARTESIAN_POINT('',(0.E0,4.35E0,0.E0));
#7255=DIRECTION('',(0.E0,1.E0,0.E0));
#7256=DIRECTION('',(-1.E0,0.E0,0.E0));
#7257=AXIS2_PLACEMENT_3D('',#7254,#7255,#7256);
#7258=CONICAL_SURFACE('',#7257,9.615E-1,4.5E1);
#7260=ORIENTED_EDGE('',*,*,#7259,.T.);
#7262=ORIENTED_EDGE('',*,*,#7261,.T.);
#7264=ORIENTED_EDGE('',*,*,#7263,.F.);
#7266=ORIENTED_EDGE('',*,*,#7265,.F.);
#7267=ORIENTED_EDGE('',*,*,#7235,.T.);
#7269=ORIENTED_EDGE('',*,*,#7268,.T.);
#7271=ORIENTED_EDGE('',*,*,#7270,.F.);
#7272=EDGE_LOOP('',(#7260,#7262,#7264,#7266,#7267,#7269,#7271));
#7273=FACE_OUTER_BOUND('',#7272,.F.);
#7274=ADVANCED_FACE('',(#7273),#7258,.F.);
#7275=CARTESIAN_POINT('',(-6.478328609811E-1,4.294893694266E0,
4.777297782483E-1));
#7276=CARTESIAN_POINT('',(-7.251327236393E-1,4.284592761980E0,3.729061029E-1));
#7277=CARTESIAN_POINT('',(-8.277571913920E-1,4.263990897407E0,
1.251086017204E-1));
#7278=CARTESIAN_POINT('',(-7.905129773820E-1,4.233088100547E0,
-2.755820073102E-1));
#7279=CARTESIAN_POINT('',(-5.706095740030E-1,4.202185303688E0,
-6.125777777647E-1));
#7280=CARTESIAN_POINT('',(-2.188761808591E-1,4.171282506829E0,
-8.080488245533E-1));
#7281=CARTESIAN_POINT('',(1.834280376671E-1,4.140379709969E0,
-8.168250463295E-1));
#7282=CARTESIAN_POINT('',(5.433523607551E-1,4.109476913110E0,
-6.368809401181E-1));
#7283=CARTESIAN_POINT('',(7.777396285231E-1,4.078574116251E0,
-3.097905469696E-1));
#7284=CARTESIAN_POINT('',(8.324364531219E-1,4.047671319392E0,
8.887440079702E-2));
#7285=CARTESIAN_POINT('',(6.948056086715E-1,4.016768522532E0,
4.670056495547E-1));
#7286=CARTESIAN_POINT('',(3.966455747162E-1,3.985865725673E0,
7.372390369384E-1));
#7287=CARTESIAN_POINT('',(6.843805549706E-3,3.954962928814E0,
8.371393385389E-1));
#7288=CARTESIAN_POINT('',(-3.845391693806E-1,3.924060131954E0,
7.436254009641E-1));
#7289=CARTESIAN_POINT('',(-6.870774951376E-1,3.893157335095E0,
4.783028595247E-1));
#7290=CARTESIAN_POINT('',(-8.308721509529E-1,3.862254538236E0,
1.024723305371E-1));
#7291=CARTESIAN_POINT('',(-7.827005505056E-1,3.831351741376E0,
-2.970335974130E-1));
#7292=CARTESIAN_POINT('',(-5.536923504920E-1,3.800448944517E0,
-6.279123272886E-1));
#7293=CARTESIAN_POINT('',(-1.967580339004E-1,3.769546147658E0,
-8.137170182868E-1));
#7294=CARTESIAN_POINT('',(2.056356269632E-1,3.738643350798E0,
-8.115190069728E-1));
#7295=CARTESIAN_POINT('',(5.605188478463E-1,3.707740553939E0,
-6.218261259895E-1));
#7296=CARTESIAN_POINT('',(7.858987454202E-1,3.676837757080E0,
-2.884653734745E-1));
#7297=CARTESIAN_POINT('',(8.297031265313E-1,3.645934960220E0,
1.115429586656E-1));
#7298=CARTESIAN_POINT('',(6.818113448190E-1,3.615032163361E0,
4.857801968010E-1));
#7299=CARTESIAN_POINT('',(3.763925949484E-1,3.584129366502E0,
7.477818699497E-1));
#7300=CARTESIAN_POINT('',(-1.598860639225E-2,3.553226569643E0,
8.370146187904E-1));
#7301=CARTESIAN_POINT('',(-4.046757622536E-1,3.522323772783E0,
7.328619516740E-1));
#7302=CARTESIAN_POINT('',(-6.998659025344E-1,3.491420975924E0,
4.593874598784E-1));
#7303=CARTESIAN_POINT('',(-8.333576046348E-1,3.460518179065E0,
7.977533522876E-2));
#7304=CARTESIAN_POINT('',(-7.743092195893E-1,3.429615382205E0,
-3.182686253287E-1));
#7305=CARTESIAN_POINT('',(-5.363614424973E-1,3.398712585346E0,
-6.427777397804E-1));
#7306=CARTESIAN_POINT('',(-1.744974663476E-1,3.367809788487E0,
-8.187837592434E-1));
#7307=CARTESIAN_POINT('',(2.277041980734E-1,3.336906991627E0,
-8.055960081241E-1));
#7308=CARTESIAN_POINT('',(4.607124273376E-1,3.316305127055E0,
-6.727707542465E-1));
#7309=CARTESIAN_POINT('',(5.550395101980E-1,3.306004194768E0,
-5.829616616136E-1));
#7310=CARTESIAN_POINT('',(-7.019279361563E-1,4.333699126681E0,
5.176209752287E-1));
#7311=CARTESIAN_POINT('',(-7.856824603999E-1,4.323398194395E0,
4.040443561203E-1));
#7312=CARTESIAN_POINT('',(-8.968762345775E-1,4.302796329822E0,
1.355553691241E-1));
#7313=CARTESIAN_POINT('',(-8.565220694087E-1,4.271893532962E0,
-2.985935436188E-1));
#7314=CARTESIAN_POINT('',(-6.182563817839E-1,4.240990736103E0,
-6.637289973688E-1));
#7315=CARTESIAN_POINT('',(-2.371526903892E-1,4.210087939244E0,
-8.755221877341E-1));
#7316=CARTESIAN_POINT('',(1.987445708108E-1,4.179185142384E0,
-8.850312379994E-1));
#7317=CARTESIAN_POINT('',(5.887231478392E-1,4.148282345525E0,
-6.900615124669E-1));
#7318=CARTESIAN_POINT('',(8.426821255862E-1,4.117379548666E0,
-3.356585507962E-1));
#7319=CARTESIAN_POINT('',(9.019462221107E-1,4.086476751806E0,
9.629555474247E-2));
#7320=CARTESIAN_POINT('',(7.528229830546E-1,4.055573954947E0,
5.060013647174E-1));
#7321=CARTESIAN_POINT('',(4.297661116240E-1,4.024671158088E0,
7.987996701315E-1));
#7322=CARTESIAN_POINT('',(7.415274207741E-3,3.993768361229E0,
9.070418059466E-1));
#7323=CARTESIAN_POINT('',(-4.166488021706E-1,3.962865564369E0,
8.057193057197E-1));
#7324=CARTESIAN_POINT('',(-7.444495597383E-1,3.931962767510E0,
5.182419097039E-1));
#7325=CARTESIAN_POINT('',(-9.002512982204E-1,3.901059970651E0,
1.110289332624E-1));
#7326=CARTESIAN_POINT('',(-8.480572924515E-1,3.870157173791E0,
-3.218363756439E-1));
#7327=CARTESIAN_POINT('',(-5.999265431793E-1,3.839254376932E0,
-6.803440061891E-1));
#7328=CARTESIAN_POINT('',(-2.131876429496E-1,3.808351580073E0,
-8.816636846675E-1));
#7329=CARTESIAN_POINT('',(2.228065291654E-1,3.777448783213E0,
-8.792821359098E-1));
#7330=CARTESIAN_POINT('',(6.073230639298E-1,3.746545986354E0,
-6.737495973928E-1));
#7331=CARTESIAN_POINT('',(8.515225417328E-1,3.715643189495E0,
-3.125526913669E-1));
#7332=CARTESIAN_POINT('',(8.989846583987E-1,3.684740392635E0,
1.208569732791E-1));
#7333=CARTESIAN_POINT('',(7.387436774848E-1,3.653837595776E0,
5.263436165460E-1));
#7334=CARTESIAN_POINT('',(4.078219758049E-1,3.622934798917E0,
8.102228464823E-1));
#7335=CARTESIAN_POINT('',(-1.732368047822E-2,3.592032002057E0,
9.069066719005E-1));
#7336=CARTESIAN_POINT('',(-4.384668326039E-1,3.561129205198E0,
7.940570912796E-1));
#7337=CARTESIAN_POINT('',(-7.583058195106E-1,3.530226408339E0,
4.977470440758E-1));
#7338=CARTESIAN_POINT('',(-9.029442912414E-1,3.499323611480E0,
8.643670271449E-2));
#7339=CARTESIAN_POINT('',(-8.389652720456E-1,3.468420814620E0,
-3.448445621945E-1));
#7340=CARTESIAN_POINT('',(-5.811484767781E-1,3.437518017761E0,
-6.964507042881E-1));
#7341=CARTESIAN_POINT('',(-1.890682825697E-1,3.406615220902E0,
-8.871535065597E-1));
#7342=CARTESIAN_POINT('',(2.467178610942E-1,3.375712424042E0,
-8.728645572284E-1));
#7343=CARTESIAN_POINT('',(4.991826484271E-1,3.355110559470E0,
-7.289481832079E-1));
#7344=CARTESIAN_POINT('',(6.013861928654E-1,3.344809627183E0,
-6.316398883733E-1));
#7345=CARTESIAN_POINT('',(-7.560230113315E-1,4.372504559096E0,
5.575121722091E-1));
#7346=CARTESIAN_POINT('',(-8.462321971604E-1,4.362203626809E0,
4.351826093406E-1));
#7347=CARTESIAN_POINT('',(-9.659952777630E-1,4.341601762237E0,
1.460021365278E-1));
#7348=CARTESIAN_POINT('',(-9.225311614354E-1,4.310698965377E0,
-3.216050799273E-1));
#7349=CARTESIAN_POINT('',(-6.659031895649E-1,4.279796168518E0,
-7.148802169730E-1));
#7350=CARTESIAN_POINT('',(-2.554291999193E-1,4.248893371659E0,
-9.429955509149E-1));
#7351=CARTESIAN_POINT('',(2.140611039546E-1,4.217990574799E0,
-9.532374296693E-1));
#7352=CARTESIAN_POINT('',(6.340939349233E-1,4.187087777940E0,
-7.432420848157E-1));
#7353=CARTESIAN_POINT('',(9.076246226493E-1,4.156184981081E0,
-3.615265546228E-1));
#7354=CARTESIAN_POINT('',(9.714559910996E-1,4.125282184221E0,
1.037167086879E-1));
#7355=CARTESIAN_POINT('',(8.108403574377E-1,4.094379387362E0,
5.449970798802E-1));
#7356=CARTESIAN_POINT('',(4.628866485317E-1,4.063476590503E0,
8.603603033245E-1));
#7357=CARTESIAN_POINT('',(7.986742865773E-3,4.032573793643E0,
9.769442733543E-1));
#7358=CARTESIAN_POINT('',(-4.487584349607E-1,4.001670996784E0,
8.678132104753E-1));
#7359=CARTESIAN_POINT('',(-8.018216243389E-1,3.970768199925E0,
5.581809598832E-1));
#7360=CARTESIAN_POINT('',(-9.696304454879E-1,3.939865403066E0,
1.195855359876E-1));
#7361=CARTESIAN_POINT('',(-9.134140343975E-1,3.908962606206E0,
-3.466391538749E-1));
#7362=CARTESIAN_POINT('',(-6.461607358666E-1,3.878059809347E0,
-7.327756850895E-1));
#7363=CARTESIAN_POINT('',(-2.296172519989E-1,3.847157012488E0,
-9.496103510482E-1));
#7364=CARTESIAN_POINT('',(2.399774313676E-1,3.816254215628E0,
-9.470452648468E-1));
#7365=CARTESIAN_POINT('',(6.541272800133E-1,3.785351418769E0,
-7.256730687961E-1));
#7366=CARTESIAN_POINT('',(9.171463380453E-1,3.754448621910E0,
-3.366400092592E-1));
#7367=CARTESIAN_POINT('',(9.682661902661E-1,3.723545825050E0,
1.301709878926E-1));
#7368=CARTESIAN_POINT('',(7.956760101507E-1,3.692643028191E0,
5.669070362910E-1));
#7369=CARTESIAN_POINT('',(4.392513566613E-1,3.661740231332E0,
8.726638230148E-1));
#7370=CARTESIAN_POINT('',(-1.865875456419E-2,3.630837434472E0,
9.767987250107E-1));
#7371=CARTESIAN_POINT('',(-4.722579029542E-1,3.599934637613E0,
8.552522308852E-1));
#7372=CARTESIAN_POINT('',(-8.167457364867E-1,3.569031840754E0,
5.361066282732E-1));
#7373=CARTESIAN_POINT('',(-9.725309778479E-1,3.538129043895E0,
9.309807020022E-2));
#7374=CARTESIAN_POINT('',(-9.036213245019E-1,3.507226247035E0,
-3.714204990603E-1));
#7375=CARTESIAN_POINT('',(-6.259355110588E-1,3.476323450176E0,
-7.501236687958E-1));
#7376=CARTESIAN_POINT('',(-2.036390987917E-1,3.445420653317E0,
-9.555232538760E-1));
#7377=CARTESIAN_POINT('',(2.657315241150E-1,3.414517856457E0,
-9.401331063327E-1));
#7378=CARTESIAN_POINT('',(5.376528695165E-1,3.393915991884E0,
-7.851256121693E-1));
#7379=CARTESIAN_POINT('',(6.477328755327E-1,3.383615059598E0,
-6.803181151330E-1));
#7380=CARTESIAN_POINT('',(-8.101180865067E-1,4.411309991511E0,
5.974033691894E-1));
#7381=CARTESIAN_POINT('',(-9.067819339210E-1,4.401009059224E0,
4.663208625609E-1));
#7382=CARTESIAN_POINT('',(-1.035114320949E0,4.380407194652E0,
1.564489039314E-1));
#7383=CARTESIAN_POINT('',(-9.885402534621E-1,4.349504397792E0,
-3.446166162359E-1));
#7384=CARTESIAN_POINT('',(-7.135499973459E-1,4.318601600933E0,
-7.660314365771E-1));
#7385=CARTESIAN_POINT('',(-2.737057094494E-1,4.287698804074E0,
-1.010468914096E0));
#7386=CARTESIAN_POINT('',(2.293776370983E-1,4.256796007214E0,
-1.021443621339E0));
#7387=CARTESIAN_POINT('',(6.794647220074E-1,4.225893210355E0,
-7.964226571644E-1));
#7388=CARTESIAN_POINT('',(9.725671197125E-1,4.194990413496E0,
-3.873945584495E-1));
#7389=CARTESIAN_POINT('',(1.040965760088E0,4.164087616636E0,1.111378626334E-1));
#7390=CARTESIAN_POINT('',(8.688577318209E-1,4.133184819777E0,
5.839927950429E-1));
#7391=CARTESIAN_POINT('',(4.960071854395E-1,4.102282022918E0,
9.219209365175E-1));
#7392=CARTESIAN_POINT('',(8.558211523807E-3,4.071379226058E0,1.046846740762E0));
#7393=CARTESIAN_POINT('',(-4.808680677508E-1,4.040476429199E0,
9.299071152309E-1));
#7394=CARTESIAN_POINT('',(-8.591936889396E-1,4.009573632340E0,
5.981200100624E-1));
#7395=CARTESIAN_POINT('',(-1.039009592755E0,3.978670835481E0,
1.281421387129E-1));
#7396=CARTESIAN_POINT('',(-9.787707763434E-1,3.947768038621E0,
-3.714419321058E-1));
#7397=CARTESIAN_POINT('',(-6.923949285539E-1,3.916865241762E0,
-7.852073639899E-1));
#7398=CARTESIAN_POINT('',(-2.460468610481E-1,3.885962444903E0,
-1.017557017429E0));
#7399=CARTESIAN_POINT('',(2.571483335698E-1,3.855059648043E0,
-1.014808393784E0));
#7400=CARTESIAN_POINT('',(7.009314960968E-1,3.824156851184E0,
-7.775965401994E-1));
#7401=CARTESIAN_POINT('',(9.827701343578E-1,3.793254054325E0,
-3.607273271515E-1));
#7402=CARTESIAN_POINT('',(1.037547722133E0,3.762351257465E0,1.394850025061E-1));
#7403=CARTESIAN_POINT('',(8.526083428166E-1,3.731448460606E0,
6.074704560359E-1));
#7404=CARTESIAN_POINT('',(4.706807375178E-1,3.700545663747E0,
9.351047995474E-1));
#7405=CARTESIAN_POINT('',(-1.999382865016E-2,3.669642866887E0,
1.046690778121E0));
#7406=CARTESIAN_POINT('',(-5.060489733046E-1,3.638740070028E0,
9.164473704908E-1));
#7407=CARTESIAN_POINT('',(-8.751856534628E-1,3.607837273169E0,
5.744662124707E-1));
#7408=CARTESIAN_POINT('',(-1.042117664455E0,3.576934476309E0,
9.975943768594E-2));
#7409=CARTESIAN_POINT('',(-9.682773769582E-1,3.546031679450E0,
-3.979964359262E-1));
#7410=CARTESIAN_POINT('',(-6.707225453396E-1,3.515128882591E0,
-8.037966333034E-1));
#7411=CARTESIAN_POINT('',(-2.182099150137E-1,3.484226085732E0,
-1.023893001192E0));
#7412=CARTESIAN_POINT('',(2.847451871358E-1,3.453323288872E0,
-1.007401655437E0));
#7413=CARTESIAN_POINT('',(5.761230906060E-1,3.432721424299E0,
-8.413030411307E-1));
#7414=CARTESIAN_POINT('',(6.940795582E-1,3.422420492013E0,-7.289963418927E-1));
#7415=B_SPLINE_SURFACE_WITH_KNOTS('',3,3,((#7275,#7276,#7277,#7278,#7279,#7280,
#7281,#7282,#7283,#7284,#7285,#7286,#7287,#7288,#7289,#7290,#7291,#7292,#7293,
#7294,#7295,#7296,#7297,#7298,#7299,#7300,#7301,#7302,#7303,#7304,#7305,#7306,
#7307,#7308,#7309),(#7310,#7311,#7312,#7313,#7314,#7315,#7316,#7317,#7318,#7319,
#7320,#7321,#7322,#7323,#7324,#7325,#7326,#7327,#7328,#7329,#7330,#7331,#7332,
#7333,#7334,#7335,#7336,#7337,#7338,#7339,#7340,#7341,#7342,#7343,#7344),(#7345,
#7346,#7347,#7348,#7349,#7350,#7351,#7352,#7353,#7354,#7355,#7356,#7357,#7358,
#7359,#7360,#7361,#7362,#7363,#7364,#7365,#7366,#7367,#7368,#7369,#7370,#7371,
#7372,#7373,#7374,#7375,#7376,#7377,#7378,#7379),(#7380,#7381,#7382,#7383,#7384,
#7385,#7386,#7387,#7388,#7389,#7390,#7391,#7392,#7393,#7394,#7395,#7396,#7397,
#7398,#7399,#7400,#7401,#7402,#7403,#7404,#7405,#7406,#7407,#7408,#7409,#7410,
#7411,#7412,#7413,#7414)),.UNSPECIFIED.,.F.,.F.,.F.,(4,4),(4,1,1,1,1,1,1,1,1,1,
1,1,1,1,1,1,1,1,1,1,1,1,1,1,1,1,1,1,1,1,1,1,4),(-3.485130413038E-2,
1.034851304130E0),(2.111146263903E-1,2.362506799612E-1,2.613867335321E-1,
2.865227871030E-1,3.116588406739E-1,3.367948942448E-1,3.619309478157E-1,
3.870670013866E-1,4.122030549575E-1,4.373391085284E-1,4.624751620993E-1,
4.876112156701E-1,5.127472692410E-1,5.378833228119E-1,5.630193763828E-1,
5.881554299537E-1,6.132914835246E-1,6.384275370955E-1,6.635635906664E-1,
6.886996442373E-1,7.138356978082E-1,7.389717513791E-1,7.641078049500E-1,
7.892438585209E-1,8.143799120918E-1,8.395159656627E-1,8.646520192336E-1,
8.897880728045E-1,9.149241263754E-1,9.400601799463E-1,9.651962335172E-1,
9.903322870881E-1,1.015468340659E0),.UNSPECIFIED.);
#7417=ORIENTED_EDGE('',*,*,#7416,.T.);
#7419=ORIENTED_EDGE('',*,*,#7418,.T.);
#7420=ORIENTED_EDGE('',*,*,#7259,.F.);
#7422=ORIENTED_EDGE('',*,*,#7421,.T.);
#7424=ORIENTED_EDGE('',*,*,#7423,.F.);
#7426=ORIENTED_EDGE('',*,*,#7425,.T.);
#7428=ORIENTED_EDGE('',*,*,#7427,.T.);
#7430=ORIENTED_EDGE('',*,*,#7429,.T.);
#7431=EDGE_LOOP('',(#7417,#7419,#7420,#7422,#7424,#7426,#7428,#7430));
#7432=FACE_OUTER_BOUND('',#7431,.F.);
#7433=ADVANCED_FACE('',(#7432),#7415,.F.);
#7434=CARTESIAN_POINT('',(0.E0,4.5E0,0.E0));
#7435=DIRECTION('',(0.E0,-1.E0,0.E0));
#7436=DIRECTION('',(1.E0,0.E0,0.E0));
#7437=AXIS2_PLACEMENT_3D('',#7434,#7435,#7436);
#7438=CYLINDRICAL_SURFACE('',#7437,8.115E-1);
#7439=ORIENTED_EDGE('',*,*,#7416,.F.);
#7441=ORIENTED_EDGE('',*,*,#7440,.T.);
#7443=ORIENTED_EDGE('',*,*,#7442,.F.);
#7445=ORIENTED_EDGE('',*,*,#7444,.F.);
#7446=EDGE_LOOP('',(#7439,#7441,#7443,#7445));
#7447=FACE_OUTER_BOUND('',#7446,.F.);
#7448=ADVANCED_FACE('',(#7447),#7438,.F.);
#7449=CARTESIAN_POINT('',(0.E0,4.5E0,0.E0));
#7450=DIRECTION('',(0.E0,-1.E0,0.E0));
#7451=DIRECTION('',(1.E0,0.E0,0.E0));
#7452=AXIS2_PLACEMENT_3D('',#7449,#7450,#7451);
#7453=CYLINDRICAL_SURFACE('',#7452,8.115E-1);
#7454=ORIENTED_EDGE('',*,*,#7427,.F.);
#7456=ORIENTED_EDGE('',*,*,#7455,.T.);
#7458=ORIENTED_EDGE('',*,*,#7457,.F.);
#7460=ORIENTED_EDGE('',*,*,#7459,.F.);
#7461=EDGE_LOOP('',(#7454,#7456,#7458,#7460));
#7462=FACE_OUTER_BOUND('',#7461,.F.);
#7463=ADVANCED_FACE('',(#7462),#7453,.F.);
#7464=CARTESIAN_POINT('',(0.E0,4.5E0,0.E0));
#7465=DIRECTION('',(0.E0,-1.E0,0.E0));
#7466=DIRECTION('',(1.E0,0.E0,0.E0));
#7467=AXIS2_PLACEMENT_3D('',#7464,#7465,#7466);
#7468=CYLINDRICAL_SURFACE('',#7467,8.115E-1);
#7470=ORIENTED_EDGE('',*,*,#7469,.F.);
#7472=ORIENTED_EDGE('',*,*,#7471,.T.);
#7474=ORIENTED_EDGE('',*,*,#7473,.F.);
#7476=ORIENTED_EDGE('',*,*,#7475,.F.);
#7477=EDGE_LOOP('',(#7470,#7472,#7474,#7476));
#7478=FACE_OUTER_BOUND('',#7477,.F.);
#7479=ADVANCED_FACE('',(#7478),#7468,.F.);
#7480=CARTESIAN_POINT('',(0.E0,4.5E0,0.E0));
#7481=DIRECTION('',(0.E0,-1.E0,0.E0));
#7482=DIRECTION('',(1.E0,0.E0,0.E0));
#7483=AXIS2_PLACEMENT_3D('',#7480,#7481,#7482);
#7484=CYLINDRICAL_SURFACE('',#7483,8.115E-1);
#7486=ORIENTED_EDGE('',*,*,#7485,.F.);
#7488=ORIENTED_EDGE('',*,*,#7487,.T.);
#7490=ORIENTED_EDGE('',*,*,#7489,.F.);
#7492=ORIENTED_EDGE('',*,*,#7491,.F.);
#7493=EDGE_LOOP('',(#7486,#7488,#7490,#7492));
#7494=FACE_OUTER_BOUND('',#7493,.F.);
#7495=ADVANCED_FACE('',(#7494),#7484,.F.);
#7496=CARTESIAN_POINT('',(0.E0,4.5E0,0.E0));
#7497=DIRECTION('',(0.E0,-1.E0,0.E0));
#7498=DIRECTION('',(1.E0,0.E0,0.E0));
#7499=AXIS2_PLACEMENT_3D('',#7496,#7497,#7498);
#7500=CYLINDRICAL_SURFACE('',#7499,8.115E-1);
#7502=ORIENTED_EDGE('',*,*,#7501,.F.);
#7504=ORIENTED_EDGE('',*,*,#7503,.T.);
#7506=ORIENTED_EDGE('',*,*,#7505,.F.);
#7508=ORIENTED_EDGE('',*,*,#7507,.F.);
#7509=EDGE_LOOP('',(#7502,#7504,#7506,#7508));
#7510=FACE_OUTER_BOUND('',#7509,.F.);
#7511=ADVANCED_FACE('',(#7510),#7500,.F.);
#7512=CARTESIAN_POINT('',(0.E0,4.5E0,0.E0));
#7513=DIRECTION('',(0.E0,-1.E0,0.E0));
#7514=DIRECTION('',(1.E0,0.E0,0.E0));
#7515=AXIS2_PLACEMENT_3D('',#7512,#7513,#7514);
#7516=CYLINDRICAL_SURFACE('',#7515,8.115E-1);
#7518=ORIENTED_EDGE('',*,*,#7517,.F.);
#7520=ORIENTED_EDGE('',*,*,#7519,.T.);
#7522=ORIENTED_EDGE('',*,*,#7521,.F.);
#7524=ORIENTED_EDGE('',*,*,#7523,.F.);
#7525=EDGE_LOOP('',(#7518,#7520,#7522,#7524));
#7526=FACE_OUTER_BOUND('',#7525,.F.);
#7527=ADVANCED_FACE('',(#7526),#7516,.F.);
#7528=CARTESIAN_POINT('',(0.E0,4.5E0,0.E0));
#7529=DIRECTION('',(0.E0,-1.E0,0.E0));
#7530=DIRECTION('',(1.E0,0.E0,0.E0));
#7531=AXIS2_PLACEMENT_3D('',#7528,#7529,#7530);
#7532=CYLINDRICAL_SURFACE('',#7531,8.115E-1);
#7534=ORIENTED_EDGE('',*,*,#7533,.F.);
#7536=ORIENTED_EDGE('',*,*,#7535,.T.);
#7538=ORIENTED_EDGE('',*,*,#7537,.F.);
#7540=ORIENTED_EDGE('',*,*,#7539,.F.);
#7541=EDGE_LOOP('',(#7534,#7536,#7538,#7540));
#7542=FACE_OUTER_BOUND('',#7541,.F.);
#7543=ADVANCED_FACE('',(#7542),#7532,.F.);
#7544=CARTESIAN_POINT('',(0.E0,4.5E0,0.E0));
#7545=DIRECTION('',(0.E0,-1.E0,0.E0));
#7546=DIRECTION('',(1.E0,0.E0,0.E0));
#7547=AXIS2_PLACEMENT_3D('',#7544,#7545,#7546);
#7548=CYLINDRICAL_SURFACE('',#7547,8.115E-1);
#7550=ORIENTED_EDGE('',*,*,#7549,.F.);
#7552=ORIENTED_EDGE('',*,*,#7551,.T.);
#7554=ORIENTED_EDGE('',*,*,#7553,.F.);
#7556=ORIENTED_EDGE('',*,*,#7555,.F.);
#7557=EDGE_LOOP('',(#7550,#7552,#7554,#7556));
#7558=FACE_OUTER_BOUND('',#7557,.F.);
#7559=ADVANCED_FACE('',(#7558),#7548,.F.);
#7560=CARTESIAN_POINT('',(0.E0,4.5E0,0.E0));
#7561=DIRECTION('',(0.E0,-1.E0,0.E0));
#7562=DIRECTION('',(1.E0,0.E0,0.E0));
#7563=AXIS2_PLACEMENT_3D('',#7560,#7561,#7562);
#7564=CYLINDRICAL_SURFACE('',#7563,8.115E-1);
#7566=ORIENTED_EDGE('',*,*,#7565,.F.);
#7568=ORIENTED_EDGE('',*,*,#7567,.T.);
#7570=ORIENTED_EDGE('',*,*,#7569,.F.);
#7572=ORIENTED_EDGE('',*,*,#7571,.F.);
#7573=EDGE_LOOP('',(#7566,#7568,#7570,#7572));
#7574=FACE_OUTER_BOUND('',#7573,.F.);
#7575=ADVANCED_FACE('',(#7574),#7564,.F.);
#7576=CARTESIAN_POINT('',(0.E0,4.5E0,0.E0));
#7577=DIRECTION('',(0.E0,-1.E0,0.E0));
#7578=DIRECTION('',(1.E0,0.E0,0.E0));
#7579=AXIS2_PLACEMENT_3D('',#7576,#7577,#7578);
#7580=CYLINDRICAL_SURFACE('',#7579,8.115E-1);
#7582=ORIENTED_EDGE('',*,*,#7581,.F.);
#7584=ORIENTED_EDGE('',*,*,#7583,.F.);
#7586=ORIENTED_EDGE('',*,*,#7585,.F.);
#7588=ORIENTED_EDGE('',*,*,#7587,.F.);
#7589=EDGE_LOOP('',(#7582,#7584,#7586,#7588));
#7590=FACE_OUTER_BOUND('',#7589,.F.);
#7591=ADVANCED_FACE('',(#7590),#7580,.F.);
#7592=CARTESIAN_POINT('',(0.E0,4.5E0,0.E0));
#7593=DIRECTION('',(0.E0,-1.E0,0.E0));
#7594=DIRECTION('',(1.E0,0.E0,0.E0));
#7595=AXIS2_PLACEMENT_3D('',#7592,#7593,#7594);
#7596=CYLINDRICAL_SURFACE('',#7595,8.115E-1);
#7597=ORIENTED_EDGE('',*,*,#7425,.F.);
#7599=ORIENTED_EDGE('',*,*,#7598,.F.);
#7600=ORIENTED_EDGE('',*,*,#7475,.T.);
#7602=ORIENTED_EDGE('',*,*,#7601,.F.);
#7603=ORIENTED_EDGE('',*,*,#7455,.F.);
#7604=EDGE_LOOP('',(#7597,#7599,#7600,#7602,#7603));
#7605=FACE_OUTER_BOUND('',#7604,.F.);
#7606=ADVANCED_FACE('',(#7605),#7596,.F.);
#7607=CARTESIAN_POINT('',(0.E0,4.5E0,0.E0));
#7608=DIRECTION('',(0.E0,-1.E0,0.E0));
#7609=DIRECTION('',(1.E0,0.E0,0.E0));
#7610=AXIS2_PLACEMENT_3D('',#7607,#7608,#7609);
#7611=CYLINDRICAL_SURFACE('',#7610,8.115E-1);
#7613=ORIENTED_EDGE('',*,*,#7612,.T.);
#7614=ORIENTED_EDGE('',*,*,#7261,.F.);
#7615=ORIENTED_EDGE('',*,*,#7418,.F.);
#7616=ORIENTED_EDGE('',*,*,#7444,.T.);
#7617=EDGE_LOOP('',(#7613,#7614,#7615,#7616));
#7618=FACE_OUTER_BOUND('',#7617,.F.);
#7619=ADVANCED_FACE('',(#7618),#7611,.F.);
#7620=CARTESIAN_POINT('',(0.E0,4.5E0,0.E0));
#7621=DIRECTION('',(0.E0,-1.E0,0.E0));
#7622=DIRECTION('',(1.E0,0.E0,0.E0));
#7623=AXIS2_PLACEMENT_3D('',#7620,#7621,#7622);
#7624=CYLINDRICAL_SURFACE('',#7623,8.115E-1);
#7625=ORIENTED_EDGE('',*,*,#7429,.F.);
#7626=ORIENTED_EDGE('',*,*,#7459,.T.);
#7628=ORIENTED_EDGE('',*,*,#7627,.F.);
#7630=ORIENTED_EDGE('',*,*,#7629,.F.);
#7631=ORIENTED_EDGE('',*,*,#7440,.F.);
#7632=EDGE_LOOP('',(#7625,#7626,#7628,#7630,#7631));
#7633=FACE_OUTER_BOUND('',#7632,.F.);
#7634=ADVANCED_FACE('',(#7633),#7624,.F.);
#7635=CARTESIAN_POINT('',(0.E0,4.5E0,0.E0));
#7636=DIRECTION('',(0.E0,-1.E0,0.E0));
#7637=DIRECTION('',(1.E0,0.E0,0.E0));
#7638=AXIS2_PLACEMENT_3D('',#7635,#7636,#7637);
#7639=CYLINDRICAL_SURFACE('',#7638,8.115E-1);
#7641=ORIENTED_EDGE('',*,*,#7640,.F.);
#7643=ORIENTED_EDGE('',*,*,#7642,.F.);
#7644=ORIENTED_EDGE('',*,*,#7523,.T.);
#7646=ORIENTED_EDGE('',*,*,#7645,.F.);
#7647=ORIENTED_EDGE('',*,*,#7503,.F.);
#7648=EDGE_LOOP('',(#7641,#7643,#7644,#7646,#7647));
#7649=FACE_OUTER_BOUND('',#7648,.F.);
#7650=ADVANCED_FACE('',(#7649),#7639,.F.);
#7651=CARTESIAN_POINT('',(0.E0,4.5E0,0.E0));
#7652=DIRECTION('',(0.E0,-1.E0,0.E0));
#7653=DIRECTION('',(1.E0,0.E0,0.E0));
#7654=AXIS2_PLACEMENT_3D('',#7651,#7652,#7653);
#7655=CYLINDRICAL_SURFACE('',#7654,8.115E-1);
#7657=ORIENTED_EDGE('',*,*,#7656,.F.);
#7658=ORIENTED_EDGE('',*,*,#7491,.T.);
#7660=ORIENTED_EDGE('',*,*,#7659,.F.);
#7661=ORIENTED_EDGE('',*,*,#7471,.F.);
#7662=EDGE_LOOP('',(#7657,#7658,#7660,#7661));
#7663=FACE_OUTER_BOUND('',#7662,.F.);
#7664=ADVANCED_FACE('',(#7663),#7655,.F.);
#7665=CARTESIAN_POINT('',(0.E0,4.5E0,0.E0));
#7666=DIRECTION('',(0.E0,-1.E0,0.E0));
#7667=DIRECTION('',(1.E0,0.E0,0.E0));
#7668=AXIS2_PLACEMENT_3D('',#7665,#7666,#7667);
#7669=CYLINDRICAL_SURFACE('',#7668,8.115E-1);
#7671=ORIENTED_EDGE('',*,*,#7670,.F.);
#7672=ORIENTED_EDGE('',*,*,#7507,.T.);
#7674=ORIENTED_EDGE('',*,*,#7673,.F.);
#7676=ORIENTED_EDGE('',*,*,#7675,.F.);
#7677=ORIENTED_EDGE('',*,*,#7487,.F.);
#7678=EDGE_LOOP('',(#7671,#7672,#7674,#7676,#7677));
#7679=FACE_OUTER_BOUND('',#7678,.F.);
#7680=ADVANCED_FACE('',(#7679),#7669,.F.);
#7681=CARTESIAN_POINT('',(0.E0,4.5E0,0.E0));
#7682=DIRECTION('',(0.E0,-1.E0,0.E0));
#7683=DIRECTION('',(1.E0,0.E0,0.E0));
#7684=AXIS2_PLACEMENT_3D('',#7681,#7682,#7683);
#7685=CYLINDRICAL_SURFACE('',#7684,8.115E-1);
#7687=ORIENTED_EDGE('',*,*,#7686,.F.);
#7688=ORIENTED_EDGE('',*,*,#7539,.T.);
#7690=ORIENTED_EDGE('',*,*,#7689,.F.);
#7691=ORIENTED_EDGE('',*,*,#7519,.F.);
#7692=EDGE_LOOP('',(#7687,#7688,#7690,#7691));
#7693=FACE_OUTER_BOUND('',#7692,.F.);
#7694=ADVANCED_FACE('',(#7693),#7685,.F.);
#7695=CARTESIAN_POINT('',(0.E0,4.5E0,0.E0));
#7696=DIRECTION('',(0.E0,-1.E0,0.E0));
#7697=DIRECTION('',(1.E0,0.E0,0.E0));
#7698=AXIS2_PLACEMENT_3D('',#7695,#7696,#7697);
#7699=CYLINDRICAL_SURFACE('',#7698,8.115E-1);
#7701=ORIENTED_EDGE('',*,*,#7700,.F.);
#7702=ORIENTED_EDGE('',*,*,#7555,.T.);
#7704=ORIENTED_EDGE('',*,*,#7703,.F.);
#7706=ORIENTED_EDGE('',*,*,#7705,.F.);
#7707=ORIENTED_EDGE('',*,*,#7535,.F.);
#7708=EDGE_LOOP('',(#7701,#7702,#7704,#7706,#7707));
#7709=FACE_OUTER_BOUND('',#7708,.F.);
#7710=ADVANCED_FACE('',(#7709),#7699,.F.);
#7711=CARTESIAN_POINT('',(0.E0,4.5E0,0.E0));
#7712=DIRECTION('',(0.E0,-1.E0,0.E0));
#7713=DIRECTION('',(1.E0,0.E0,0.E0));
#7714=AXIS2_PLACEMENT_3D('',#7711,#7712,#7713);
#7715=CYLINDRICAL_SURFACE('',#7714,8.115E-1);
#7717=ORIENTED_EDGE('',*,*,#7716,.F.);
#7719=ORIENTED_EDGE('',*,*,#7718,.F.);
#7720=ORIENTED_EDGE('',*,*,#7571,.T.);
#7722=ORIENTED_EDGE('',*,*,#7721,.F.);
#7723=ORIENTED_EDGE('',*,*,#7551,.F.);
#7724=EDGE_LOOP('',(#7717,#7719,#7720,#7722,#7723));
#7725=FACE_OUTER_BOUND('',#7724,.F.);
#7726=ADVANCED_FACE('',(#7725),#7715,.F.);
#7727=CARTESIAN_POINT('',(0.E0,4.5E0,0.E0));
#7728=DIRECTION('',(0.E0,-1.E0,0.E0));
#7729=DIRECTION('',(1.E0,0.E0,0.E0));
#7730=AXIS2_PLACEMENT_3D('',#7727,#7728,#7729);
#7731=CYLINDRICAL_SURFACE('',#7730,8.115E-1);
#7733=ORIENTED_EDGE('',*,*,#7732,.F.);
#7734=ORIENTED_EDGE('',*,*,#7587,.T.);
#7736=ORIENTED_EDGE('',*,*,#7735,.F.);
#7737=ORIENTED_EDGE('',*,*,#7567,.F.);
#7738=EDGE_LOOP('',(#7733,#7734,#7736,#7737));
#7739=FACE_OUTER_BOUND('',#7738,.F.);
#7740=ADVANCED_FACE('',(#7739),#7731,.F.);
#7741=CARTESIAN_POINT('',(6.104593367530E-2,3.349609724301E0,
-8.026123290692E-1));
#7742=CARTESIAN_POINT('',(2.289605508987E-1,3.336290994757E0,
-7.898409022983E-1));
#7743=CARTESIAN_POINT('',(5.559821166843E-1,3.309653535669E0,
-6.554466908071E-1));
#7744=CARTESIAN_POINT('',(8.349933626219E-1,3.269697347038E0,
-2.039969412326E-1));
#7745=CARTESIAN_POINT('',(7.956347280168E-1,3.229741158407E0,
3.251996863258E-1));
#7746=CARTESIAN_POINT('',(4.530424454303E-1,3.189784969775E0,
7.304462131257E-1));
#7747=CARTESIAN_POINT('',(-6.223791967402E-2,3.149828781144E0,
8.572771950364E-1));
#7748=CARTESIAN_POINT('',(-5.537938031206E-1,3.109872592513E0,
6.573508009976E-1));
#7749=CARTESIAN_POINT('',(-8.342676369610E-1,3.069916403881E0,
2.068702552386E-1));
#7750=CARTESIAN_POINT('',(-7.967540562612E-1,3.029960215250E0,
-3.224604042220E-1));
#7751=CARTESIAN_POINT('',(-4.555518248523E-1,2.990004026618E0,
-7.288829032932E-1));
#7752=CARTESIAN_POINT('',(5.928735785431E-2,2.950047837987E0,
-8.574863025846E-1));
#7753=CARTESIAN_POINT('',(5.515287236571E-1,2.910091649356E0,
-6.592524681592E-1));
#7754=CARTESIAN_POINT('',(8.335508459768E-1,2.870135460724E0,
-2.097396890379E-1));
#7755=CARTESIAN_POINT('',(7.978589101335E-1,2.830179272093E0,
3.197169207788E-1));
#7756=CARTESIAN_POINT('',(4.580571611972E-1,2.790223083461E0,
7.273110661926E-1));
#7757=CARTESIAN_POINT('',(-5.633645598147E-2,2.750266894830E0,
8.576852299387E-1));
#7758=CARTESIAN_POINT('',(-5.492570171005E-1,2.710310706199E0,
6.611463371244E-1));
#7759=CARTESIAN_POINT('',(-8.328242117056E-1,2.670354517567E0,
2.126066375366E-1));
#7760=CARTESIAN_POINT('',(-7.989543103669E-1,2.630398328936E0,
-3.169696513491E-1));
#7761=CARTESIAN_POINT('',(-4.605570759925E-1,2.590442140304E0,
-7.257306178363E-1));
#7762=CARTESIAN_POINT('',(5.338488757364E-2,2.550485951673E0,
-8.578740022668E-1));
#7763=CARTESIAN_POINT('',(5.469788072224E-1,2.510529763042E0,
-6.630323779745E-1));
#7764=CARTESIAN_POINT('',(8.320877166737E-1,2.470573574410E0,
-2.154710692469E-1));
#7765=CARTESIAN_POINT('',(8.000402514253E-1,2.430617385779E0,
3.142186307951E-1));
#7766=CARTESIAN_POINT('',(4.630515359815E-1,2.390661197147E0,
7.241415700572E-1));
#7767=CARTESIAN_POINT('',(-5.043268038179E-2,2.350705008516E0,
8.580526425182E-1));
#7768=CARTESIAN_POINT('',(-5.446941461236E-1,2.310748819885E0,
6.649104745194E-1));
#7769=CARTESIAN_POINT('',(-8.313412762913E-1,2.270792631253E0,
2.183333005047E-1));
#7770=CARTESIAN_POINT('',(-8.011170685650E-1,2.230836442622E0,
-3.114651988344E-1));
#7771=CARTESIAN_POINT('',(-4.655392124844E-1,2.190880253991E0,
-7.225390633400E-1));
#7772=CARTESIAN_POINT('',(4.747502089298E-2,2.150924065359E0,
-8.582393547526E-1));
#7773=CARTESIAN_POINT('',(5.424211555790E-1,2.110967876728E0,
-6.667126581542E-1));
#7774=CARTESIAN_POINT('',(7.344852978375E-1,2.084330417640E0,
-3.698688038641E-1));
#7775=CARTESIAN_POINT('',(7.778212345793E-1,2.071011688096E0,
-2.071407343563E-1));
#7776=CARTESIAN_POINT('',(6.614336631604E-2,3.388415156716E0,
-8.696317362227E-1));
#7777=CARTESIAN_POINT('',(2.480791213803E-1,3.375096427172E0,
-8.557938749857E-1));
#7778=CARTESIAN_POINT('',(6.024075084938E-1,3.348458968084E0,
-7.101775328931E-1));
#7779=CARTESIAN_POINT('',(9.047166376244E-1,3.308502779453E0,
-2.210310105677E-1));
#7780=CARTESIAN_POINT('',(8.620714943748E-1,3.268546590822E0,
3.523543778184E-1));
#7781=CARTESIAN_POINT('',(4.908722108207E-1,3.228590402190E0,
7.914396347169E-1));
#7782=CARTESIAN_POINT('',(-6.743488504316E-2,3.188634213559E0,
9.288612055190E-1));
#7783=CARTESIAN_POINT('',(-6.000364672639E-1,3.148678024928E0,
7.122406393157E-1));
#7784=CARTESIAN_POINT('',(-9.039303127155E-1,3.108721836296E0,
2.241442508672E-1));
#7785=CARTESIAN_POINT('',(-8.632842883095E-1,3.068765647665E0,
-3.493863612983E-1));
#7786=CARTESIAN_POINT('',(-4.935911274191E-1,3.028809459033E0,
-7.897457860248E-1));
#7787=CARTESIAN_POINT('',(6.423794661452E-2,2.988853270402E0,
-9.290877738804E-1));
#7788=CARTESIAN_POINT('',(5.975822500595E-1,2.948897081771E0,
-7.143010987126E-1));
#7789=CARTESIAN_POINT('',(9.031536685431E-1,2.908940893139E0,
-2.272532869566E-1));
#7790=CARTESIAN_POINT('',(8.644813992389E-1,2.868984704508E0,
3.464137926203E-1));
#7791=CARTESIAN_POINT('',(4.963056633370E-1,2.829028515876E0,
7.880426980240E-1));
#7792=CARTESIAN_POINT('',(-6.104063973776E-2,2.789072327245E0,
9.293033119853E-1));
#7793=CARTESIAN_POINT('',(-5.951208523890E-1,2.749116138614E0,
7.163531087513E-1));
#7794=CARTESIAN_POINT('',(-9.023663591534E-1,2.709159949982E0,
2.303596302188E-1));
#7795=CARTESIAN_POINT('',(-8.656682671356E-1,2.669203761351E0,
-3.434371218198E-1));
#7796=CARTESIAN_POINT('',(-4.990143249973E-1,2.629247572719E0,
-7.863302797140E-1));
#7797=CARTESIAN_POINT('',(5.784261066929E-2,2.589291384088E0,
-9.295078471032E-1));
#7798=CARTESIAN_POINT('',(5.926524083594E-1,2.549335195457E0,
-7.183966370147E-1));
#7799=CARTESIAN_POINT('',(9.015683656140E-1,2.509379006825E0,
-2.334632465368E-1));
#7800=CARTESIAN_POINT('',(8.668448860011E-1,2.469422818194E0,
3.404563866702E-1));
#7801=CARTESIAN_POINT('',(5.017170763664E-1,2.429466629562E0,
7.846085439158E-1));
#7802=CARTESIAN_POINT('',(-5.464388947731E-2,2.389510440931E0,9.297014041E-1));
#7803=CARTESIAN_POINT('',(-5.901769744219E-1,2.349554252300E0,
7.204315576109E-1));
#7804=CARTESIAN_POINT('',(-9.007595962713E-1,2.309598063668E0,
2.365644786609E-1));
#7805=CARTESIAN_POINT('',(-8.680116190861E-1,2.269641875037E0,
-3.374730387576E-1));
#7806=CARTESIAN_POINT('',(-5.044124778174E-1,2.229685686405E0,
-7.828722253367E-1));
#7807=CARTESIAN_POINT('',(5.143926071289E-2,2.189729497774E0,
-9.299037071032E-1));
#7808=CARTESIAN_POINT('',(5.877141855485E-1,2.149773309143E0,
-7.223842264481E-1));
#7809=CARTESIAN_POINT('',(7.958159894319E-1,2.123135850055E0,
-4.007534377798E-1));
#7810=CARTESIAN_POINT('',(8.427705458781E-1,2.109817120511E0,
-2.244373154218E-1));
#7811=CARTESIAN_POINT('',(7.124079895676E-2,3.427220589131E0,
-9.366511433762E-1));
#7812=CARTESIAN_POINT('',(2.671976918620E-1,3.413901859587E0,
-9.217468476730E-1));
#7813=CARTESIAN_POINT('',(6.488329003033E-1,3.387264400499E0,
-7.649083749792E-1));
#7814=CARTESIAN_POINT('',(9.744399126268E-1,3.347308211868E0,
-2.380650799027E-1));
#7815=CARTESIAN_POINT('',(9.285082607328E-1,3.307352023237E0,
3.795090693111E-1));
#7816=CARTESIAN_POINT('',(5.287019762111E-1,3.267395834605E0,
8.524330563081E-1));
#7817=CARTESIAN_POINT('',(-7.263185041235E-2,3.227439645974E0,
1.000445216002E0));
#7818=CARTESIAN_POINT('',(-6.462791314073E-1,3.187483457342E0,
7.671304776338E-1));
#7819=CARTESIAN_POINT('',(-9.735929884700E-1,3.147527268711E0,
2.414182464957E-1));
#7820=CARTESIAN_POINT('',(-9.298145203578E-1,3.107571080080E0,
-3.763123183747E-1));
#7821=CARTESIAN_POINT('',(-5.316304299859E-1,3.067614891448E0,
-8.506086687564E-1));
#7822=CARTESIAN_POINT('',(6.918853537479E-2,3.027658702817E0,
-1.000689245176E0));
#7823=CARTESIAN_POINT('',(6.436357764619E-1,2.987702514186E0,
-7.693497292659E-1));
#7824=CARTESIAN_POINT('',(9.727564911093E-1,2.947746325554E0,
-2.447668848752E-1));
#7825=CARTESIAN_POINT('',(9.311038883443E-1,2.907790136923E0,
3.731106644618E-1));
#7826=CARTESIAN_POINT('',(5.345541654768E-1,2.867833948291E0,
8.487743298555E-1));
#7827=CARTESIAN_POINT('',(-6.574482349411E-2,2.827877759660E0,
1.000921394032E0));
#7828=CARTESIAN_POINT('',(-6.409846876776E-1,2.787921571029E0,
7.715598803780E-1));
#7829=CARTESIAN_POINT('',(-9.719085066013E-1,2.747965382397E0,
2.481126229009E-1));
#7830=CARTESIAN_POINT('',(-9.323822239042E-1,2.708009193766E0,
-3.699045922906E-1));
#7831=CARTESIAN_POINT('',(-5.374715740021E-1,2.668053005134E0,
-8.469299415919E-1));
#7832=CARTESIAN_POINT('',(6.230033376498E-2,2.628096816503E0,
-1.001141691940E0));
#7833=CARTESIAN_POINT('',(6.383260094965E-1,2.588140627872E0,
-7.737608960548E-1));
#7834=CARTESIAN_POINT('',(9.710490145542E-1,2.548184439240E0,
-2.514554238266E-1));
#7835=CARTESIAN_POINT('',(9.336495205769E-1,2.508228250609E0,
3.666941425453E-1));
#7836=CARTESIAN_POINT('',(5.403826167512E-1,2.468272061977E0,
8.450755177745E-1));
#7837=CARTESIAN_POINT('',(-5.885509857284E-2,2.428315873346E0,
1.001350165682E0));
#7838=CARTESIAN_POINT('',(-6.356598027203E-1,2.388359684715E0,
7.759526407023E-1));
#7839=CARTESIAN_POINT('',(-9.701779162514E-1,2.348403496083E0,
2.547956568172E-1));
#7840=CARTESIAN_POINT('',(-9.349061696073E-1,2.308447307452E0,
-3.634808786808E-1));
#7841=CARTESIAN_POINT('',(-5.432857431503E-1,2.268491118820E0,
-8.432053873334E-1));
#7842=CARTESIAN_POINT('',(5.540350053280E-2,2.228534930189E0,
-1.001568059454E0));
#7843=CARTESIAN_POINT('',(6.330072155180E-1,2.188578741558E0,
-7.780557947419E-1));
#7844=CARTESIAN_POINT('',(8.571466810263E-1,2.161941282470E0,
-4.316380716955E-1));
#7845=CARTESIAN_POINT('',(9.077198571768E-1,2.148622552926E0,
-2.417338964872E-1));
#7846=CARTESIAN_POINT('',(7.633823159749E-2,3.466026021546E0,
-1.003670550530E0));
#7847=CARTESIAN_POINT('',(2.863162623437E-1,3.452707292002E0,
-9.876998203603E-1));
#7848=CARTESIAN_POINT('',(6.952582921127E-1,3.426069832914E0,
-8.196392170653E-1));
#7849=CARTESIAN_POINT('',(1.044163187629E0,3.386113644283E0,
-2.550991492378E-1));
#7850=CARTESIAN_POINT('',(9.949450270908E-1,3.346157455652E0,
4.066637608037E-1));
#7851=CARTESIAN_POINT('',(5.665317416015E-1,3.306201267020E0,
9.134264778993E-1));
#7852=CARTESIAN_POINT('',(-7.782881578149E-2,3.266245078389E0,
1.072029226484E0));
#7853=CARTESIAN_POINT('',(-6.925217955506E-1,3.226288889757E0,
8.220203159519E-1));
#7854=CARTESIAN_POINT('',(-1.043255664224E0,3.186332701126E0,
2.586922421243E-1));
#7855=CARTESIAN_POINT('',(-9.963447524061E-1,3.146376512495E0,
-4.032382754510E-1));
#7856=CARTESIAN_POINT('',(-5.696697325527E-1,3.106420323863E0,
-9.114715514879E-1));
#7857=CARTESIAN_POINT('',(7.413912413500E-2,3.066464135232E0,
-1.072290716472E0));
#7858=CARTESIAN_POINT('',(6.896893028642E-1,3.026507946600E0,
-8.243983598193E-1));
#7859=CARTESIAN_POINT('',(1.042359313676E0,2.986551757969E0,
-2.622804827939E-1));
#7860=CARTESIAN_POINT('',(9.977263774498E-1,2.946595569338E0,
3.998075363033E-1));
#7861=CARTESIAN_POINT('',(5.728026676166E-1,2.906639380706E0,
9.095059616870E-1));
#7862=CARTESIAN_POINT('',(-7.044900725040E-2,2.866683192075E0,
1.072539476078E0));
#7863=CARTESIAN_POINT('',(-6.868485229662E-1,2.826727003443E0,
8.267666520049E-1));
#7864=CARTESIAN_POINT('',(-1.041450654049E0,2.786770814812E0,
2.658656155831E-1));
#7865=CARTESIAN_POINT('',(-9.990961806729E-1,2.746814626181E0,
-3.963720627613E-1));
#7866=CARTESIAN_POINT('',(-5.759288230069E-1,2.706858437549E0,
-9.075296034697E-1));
#7867=CARTESIAN_POINT('',(6.675805686062E-2,2.666902248918E0,
-1.072775536776E0));
#7868=CARTESIAN_POINT('',(6.839996106335E-1,2.626946060287E0,
-8.291251550950E-1));
#7869=CARTESIAN_POINT('',(1.040529663495E0,2.586989871655E0,
-2.694476011165E-1));
#7870=CARTESIAN_POINT('',(1.000454155153E0,2.547033683024E0,3.929318984204E-1));
#7871=CARTESIAN_POINT('',(5.790481571361E-1,2.507077494392E0,
9.055424916331E-1));
#7872=CARTESIAN_POINT('',(-6.306630766836E-2,2.467121305761E0,
1.072998927264E0));
#7873=CARTESIAN_POINT('',(-6.811426310186E-1,2.427165117130E0,
8.314737237937E-1));
#7874=CARTESIAN_POINT('',(-1.039596236232E0,2.387208928498E0,
2.730268349735E-1));
#7875=CARTESIAN_POINT('',(-1.001800720128E0,2.347252739867E0,
-3.894887186040E-1));
#7876=CARTESIAN_POINT('',(-5.821590084833E-1,2.307296551235E0,
-9.035385493301E-1));
#7877=CARTESIAN_POINT('',(5.936774035271E-2,2.267340362604E0,
-1.073232411804E0));
#7878=CARTESIAN_POINT('',(6.783002454875E-1,2.227384173973E0,
-8.337273630357E-1));
#7879=CARTESIAN_POINT('',(9.184773726208E-1,2.200746714885E0,
-4.625227056113E-1));
#7880=CARTESIAN_POINT('',(9.726691684756E-1,2.187427985341E0,
-2.590304775527E-1));
#7881=B_SPLINE_SURFACE_WITH_KNOTS('',3,3,((#7741,#7742,#7743,#7744,#7745,#7746,
#7747,#7748,#7749,#7750,#7751,#7752,#7753,#7754,#7755,#7756,#7757,#7758,#7759,
#7760,#7761,#7762,#7763,#7764,#7765,#7766,#7767,#7768,#7769,#7770,#7771,#7772,
#7773,#7774,#7775),(#7776,#7777,#7778,#7779,#7780,#7781,#7782,#7783,#7784,#7785,
#7786,#7787,#7788,#7789,#7790,#7791,#7792,#7793,#7794,#7795,#7796,#7797,#7798,
#7799,#7800,#7801,#7802,#7803,#7804,#7805,#7806,#7807,#7808,#7809,#7810),(#7811,
#7812,#7813,#7814,#7815,#7816,#7817,#7818,#7819,#7820,#7821,#7822,#7823,#7824,
#7825,#7826,#7827,#7828,#7829,#7830,#7831,#7832,#7833,#7834,#7835,#7836,#7837,
#7838,#7839,#7840,#7841,#7842,#7843,#7844,#7845),(#7846,#7847,#7848,#7849,#7850,
#7851,#7852,#7853,#7854,#7855,#7856,#7857,#7858,#7859,#7860,#7861,#7862,#7863,
#7864,#7865,#7866,#7867,#7868,#7869,#7870,#7871,#7872,#7873,#7874,#7875,#7876,
#7877,#7878,#7879,#7880)),.UNSPECIFIED.,.F.,.F.,.F.,(4,4),(4,1,1,1,1,1,1,1,1,1,
1,1,1,1,1,1,1,1,1,1,1,1,1,1,1,1,1,1,1,1,1,1,4),(-3.485130413038E-2,
1.034851304130E0),(-2.E-2,1.25E-2,4.5E-2,7.75E-2,1.1E-1,1.425E-1,1.75E-1,
2.075E-1,2.4E-1,2.725E-1,3.05E-1,3.375E-1,3.7E-1,4.025E-1,4.35E-1,4.675E-1,
5.E-1,5.325E-1,5.65E-1,5.975E-1,6.3E-1,6.625E-1,6.95E-1,7.275E-1,7.6E-1,
7.925E-1,8.25E-1,8.575E-1,8.9E-1,9.225E-1,9.55E-1,9.875E-1,1.02E0),
.UNSPECIFIED.);
#7882=ORIENTED_EDGE('',*,*,#7469,.T.);
#7883=ORIENTED_EDGE('',*,*,#7598,.T.);
#7884=ORIENTED_EDGE('',*,*,#7423,.T.);
#7886=ORIENTED_EDGE('',*,*,#7885,.T.);
#7888=ORIENTED_EDGE('',*,*,#7887,.F.);
#7889=ORIENTED_EDGE('',*,*,#7640,.T.);
#7890=ORIENTED_EDGE('',*,*,#7501,.T.);
#7891=ORIENTED_EDGE('',*,*,#7670,.T.);
#7892=ORIENTED_EDGE('',*,*,#7485,.T.);
#7893=ORIENTED_EDGE('',*,*,#7656,.T.);
#7894=EDGE_LOOP('',(#7882,#7883,#7884,#7886,#7888,#7889,#7890,#7891,#7892,
#7893));
#7895=FACE_OUTER_BOUND('',#7894,.F.);
#7896=ADVANCED_FACE('',(#7895),#7881,.F.);
#7897=CARTESIAN_POINT('',(7.584000291073E-2,3.454647364292E0,
-9.971199997786E-1));
#7898=CARTESIAN_POINT('',(2.844475921846E-1,3.441328634748E0,
-9.812535040898E-1));
#7899=CARTESIAN_POINT('',(6.907206231284E-1,3.414691175660E0,
-8.142897642133E-1));
#7900=CARTESIAN_POINT('',(1.037348357853E0,3.374734987029E0,
-2.534342205191E-1));
#7901=CARTESIAN_POINT('',(9.884514242935E-1,3.334778798398E0,
4.040096313163E-1));
#7902=CARTESIAN_POINT('',(5.628342186209E-1,3.294822609766E0,
9.074649136213E-1));
#7903=CARTESIAN_POINT('',(-7.732085865611E-2,3.254866421135E0,
1.065032526371E0));
#7904=CARTESIAN_POINT('',(-6.880019865698E-1,3.214910232503E0,
8.166553226329E-1));
#7905=CARTESIAN_POINT('',(-1.036446757486E0,3.174954043872E0,
2.570038627451E-1));
#7906=CARTESIAN_POINT('',(-9.898420141691E-1,3.134997855241E0,
-4.006065027177E-1));
#7907=CARTESIAN_POINT('',(-5.659517291774E-1,3.095041666609E0,
-9.055227462220E-1));
#7908=CARTESIAN_POINT('',(7.365524813103E-2,3.055085477978E0,
-1.065292309719E0));
#7909=CARTESIAN_POINT('',(6.851879804148E-1,3.015129289347E0,
-8.190178459721E-1));
#7910=CARTESIAN_POINT('',(1.035556257053E0,2.975173100715E0,
-2.605686844227E-1));
#7911=CARTESIAN_POINT('',(9.912146219063E-1,2.935216912084E0,
3.971981546134E-1));
#7912=CARTESIAN_POINT('',(5.690642168444E-1,2.895260723452E0,
9.035699850288E-1));
#7913=CARTESIAN_POINT('',(-6.998921514320E-2,2.855304534821E0,
1.065539445773E0));
#7914=CARTESIAN_POINT('',(-6.823657411354E-1,2.815348346190E0,
8.213706812748E-1));
#7915=CARTESIAN_POINT('',(-1.034653527880E0,2.775392157558E0,
2.641304185038E-1));
#7916=CARTESIAN_POINT('',(-9.925754849792E-1,2.735435968927E0,
-3.937851030143E-1));
#7917=CARTESIAN_POINT('',(-5.721699690860E-1,2.695479780295E0,
-9.016065257002E-1));
#7918=CARTESIAN_POINT('',(6.632235409014E-2,2.655523591664E0,
-1.065773965798E0));
#7919=CARTESIAN_POINT('',(6.795354224984E-1,2.615567403033E0,
-8.237137913715E-1));
#7920=CARTESIAN_POINT('',(1.033738548257E0,2.575611214401E0,
-2.676890258699E-1));
#7921=CARTESIAN_POINT('',(9.939245965100E-1,2.535655025770E0,
3.903673912313E-1));
#7922=CARTESIAN_POINT('',(5.752689445860E-1,2.495698837138E0,
8.996323829370E-1));
#7923=CARTESIAN_POINT('',(-6.265469944806E-2,2.455742648507E0,
1.065995898306E0));
#7924=CARTESIAN_POINT('',(-6.766970892311E-1,2.415786459876E0,
8.260470319145E-1));
#7925=CARTESIAN_POINT('',(-1.032811213096E0,2.375830271244E0,
2.712448995187E-1));
#7926=CARTESIAN_POINT('',(-9.952623730022E-1,2.335874082613E0,
-3.869466836536E-1));
#7927=CARTESIAN_POINT('',(-5.783594926678E-1,2.295917893981E0,
-8.976415195529E-1));
#7928=CARTESIAN_POINT('',(5.898027118172E-2,2.255961705350E0,
-1.066227858988E0));
#7929=CARTESIAN_POINT('',(6.738732547980E-1,2.216005516719E0,
-8.282859625669E-1));
#7930=CARTESIAN_POINT('',(9.124828432008E-1,2.189368057631E0,
-4.595040074388E-1));
#7931=CARTESIAN_POINT('',(9.663209511758E-1,2.176049328087E0,
-2.573398906481E-1));
#7932=CARTESIAN_POINT('',(7.584000291073E-2,3.476371211960E0,
-9.971199997786E-1));
#7933=CARTESIAN_POINT('',(2.844475921846E-1,3.463052482416E0,
-9.812535040898E-1));
#7934=CARTESIAN_POINT('',(6.907206231284E-1,3.436415023329E0,
-8.142897642133E-1));
#7935=CARTESIAN_POINT('',(1.037348357853E0,3.396458834697E0,
-2.534342205191E-1));
#7936=CARTESIAN_POINT('',(9.884514242935E-1,3.356502646066E0,
4.040096313163E-1));
#7937=CARTESIAN_POINT('',(5.628342186209E-1,3.316546457435E0,
9.074649136213E-1));
#7938=CARTESIAN_POINT('',(-7.732085865611E-2,3.276590268803E0,
1.065032526371E0));
#7939=CARTESIAN_POINT('',(-6.880019865698E-1,3.236634080172E0,
8.166553226329E-1));
#7940=CARTESIAN_POINT('',(-1.036446757486E0,3.196677891541E0,
2.570038627451E-1));
#7941=CARTESIAN_POINT('',(-9.898420141691E-1,3.156721702909E0,
-4.006065027177E-1));
#7942=CARTESIAN_POINT('',(-5.659517291774E-1,3.116765514278E0,
-9.055227462220E-1));
#7943=CARTESIAN_POINT('',(7.365524813103E-2,3.076809325646E0,
-1.065292309719E0));
#7944=CARTESIAN_POINT('',(6.851879804148E-1,3.036853137015E0,
-8.190178459721E-1));
#7945=CARTESIAN_POINT('',(1.035556257053E0,2.996896948384E0,
-2.605686844227E-1));
#7946=CARTESIAN_POINT('',(9.912146219063E-1,2.956940759752E0,
3.971981546134E-1));
#7947=CARTESIAN_POINT('',(5.690642168444E-1,2.916984571121E0,
9.035699850288E-1));
#7948=CARTESIAN_POINT('',(-6.998921514320E-2,2.877028382489E0,
1.065539445773E0));
#7949=CARTESIAN_POINT('',(-6.823657411354E-1,2.837072193858E0,
8.213706812748E-1));
#7950=CARTESIAN_POINT('',(-1.034653527880E0,2.797116005227E0,
2.641304185038E-1));
#7951=CARTESIAN_POINT('',(-9.925754849792E-1,2.757159816595E0,
-3.937851030143E-1));
#7952=CARTESIAN_POINT('',(-5.721699690860E-1,2.717203627964E0,
-9.016065257002E-1));
#7953=CARTESIAN_POINT('',(6.632235409014E-2,2.677247439332E0,
-1.065773965798E0));
#7954=CARTESIAN_POINT('',(6.795354224984E-1,2.637291250701E0,
-8.237137913715E-1));
#7955=CARTESIAN_POINT('',(1.033738548257E0,2.597335062070E0,
-2.676890258699E-1));
#7956=CARTESIAN_POINT('',(9.939245965100E-1,2.557378873438E0,
3.903673912313E-1));
#7957=CARTESIAN_POINT('',(5.752689445860E-1,2.517422684807E0,
8.996323829370E-1));
#7958=CARTESIAN_POINT('',(-6.265469944806E-2,2.477466496175E0,
1.065995898306E0));
#7959=CARTESIAN_POINT('',(-6.766970892311E-1,2.437510307544E0,
8.260470319145E-1));
#7960=CARTESIAN_POINT('',(-1.032811213096E0,2.397554118913E0,
2.712448995187E-1));
#7961=CARTESIAN_POINT('',(-9.952623730022E-1,2.357597930281E0,
-3.869466836536E-1));
#7962=CARTESIAN_POINT('',(-5.783594926678E-1,2.317641741650E0,
-8.976415195529E-1));
#7963=CARTESIAN_POINT('',(5.898027118172E-2,2.277685553018E0,
-1.066227858988E0));
#7964=CARTESIAN_POINT('',(6.738732547980E-1,2.237729364387E0,
-8.282859625669E-1));
#7965=CARTESIAN_POINT('',(9.124828432008E-1,2.211091905300E0,
-4.595040074388E-1));
#7966=CARTESIAN_POINT('',(9.663209511758E-1,2.197773175756E0,
-2.573398906481E-1));
#7967=CARTESIAN_POINT('',(7.584000291073E-2,3.498095059629E0,
-9.971199997786E-1));
#7968=CARTESIAN_POINT('',(2.844475921846E-1,3.484776330085E0,
-9.812535040898E-1));
#7969=CARTESIAN_POINT('',(6.907206231284E-1,3.458138870997E0,
-8.142897642133E-1));
#7970=CARTESIAN_POINT('',(1.037348357853E0,3.418182682366E0,
-2.534342205191E-1));
#7971=CARTESIAN_POINT('',(9.884514242935E-1,3.378226493734E0,
4.040096313163E-1));
#7972=CARTESIAN_POINT('',(5.628342186209E-1,3.338270305103E0,
9.074649136213E-1));
#7973=CARTESIAN_POINT('',(-7.732085865611E-2,3.298314116472E0,
1.065032526371E0));
#7974=CARTESIAN_POINT('',(-6.880019865698E-1,3.258357927840E0,
8.166553226329E-1));
#7975=CARTESIAN_POINT('',(-1.036446757486E0,3.218401739209E0,
2.570038627451E-1));
#7976=CARTESIAN_POINT('',(-9.898420141691E-1,3.178445550578E0,
-4.006065027177E-1));
#7977=CARTESIAN_POINT('',(-5.659517291774E-1,3.138489361946E0,
-9.055227462220E-1));
#7978=CARTESIAN_POINT('',(7.365524813103E-2,3.098533173315E0,
-1.065292309719E0));
#7979=CARTESIAN_POINT('',(6.851879804148E-1,3.058576984683E0,
-8.190178459721E-1));
#7980=CARTESIAN_POINT('',(1.035556257053E0,3.018620796052E0,
-2.605686844227E-1));
#7981=CARTESIAN_POINT('',(9.912146219063E-1,2.978664607421E0,
3.971981546134E-1));
#7982=CARTESIAN_POINT('',(5.690642168444E-1,2.938708418789E0,
9.035699850288E-1));
#7983=CARTESIAN_POINT('',(-6.998921514320E-2,2.898752230158E0,
1.065539445773E0));
#7984=CARTESIAN_POINT('',(-6.823657411354E-1,2.858796041526E0,
8.213706812748E-1));
#7985=CARTESIAN_POINT('',(-1.034653527880E0,2.818839852895E0,
2.641304185038E-1));
#7986=CARTESIAN_POINT('',(-9.925754849792E-1,2.778883664264E0,
-3.937851030143E-1));
#7987=CARTESIAN_POINT('',(-5.721699690860E-1,2.738927475632E0,
-9.016065257002E-1));
#7988=CARTESIAN_POINT('',(6.632235409014E-2,2.698971287001E0,
-1.065773965798E0));
#7989=CARTESIAN_POINT('',(6.795354224984E-1,2.659015098369E0,
-8.237137913715E-1));
#7990=CARTESIAN_POINT('',(1.033738548257E0,2.619058909738E0,
-2.676890258699E-1));
#7991=CARTESIAN_POINT('',(9.939245965100E-1,2.579102721107E0,
3.903673912313E-1));
#7992=CARTESIAN_POINT('',(5.752689445860E-1,2.539146532475E0,
8.996323829370E-1));
#7993=CARTESIAN_POINT('',(-6.265469944806E-2,2.499190343844E0,
1.065995898306E0));
#7994=CARTESIAN_POINT('',(-6.766970892311E-1,2.459234155212E0,
8.260470319145E-1));
#7995=CARTESIAN_POINT('',(-1.032811213096E0,2.419277966581E0,
2.712448995187E-1));
#7996=CARTESIAN_POINT('',(-9.952623730022E-1,2.379321777950E0,
-3.869466836536E-1));
#7997=CARTESIAN_POINT('',(-5.783594926678E-1,2.339365589318E0,
-8.976415195529E-1));
#7998=CARTESIAN_POINT('',(5.898027118172E-2,2.299409400687E0,
-1.066227858988E0));
#7999=CARTESIAN_POINT('',(6.738732547980E-1,2.259453212056E0,
-8.282859625669E-1));
#8000=CARTESIAN_POINT('',(9.124828432008E-1,2.232815752968E0,
-4.595040074388E-1));
#8001=CARTESIAN_POINT('',(9.663209511758E-1,2.219497023424E0,
-2.573398906481E-1));
#8002=CARTESIAN_POINT('',(7.584000291073E-2,3.519818907297E0,
-9.971199997786E-1));
#8003=CARTESIAN_POINT('',(2.844475921846E-1,3.506500177753E0,
-9.812535040898E-1));
#8004=CARTESIAN_POINT('',(6.907206231284E-1,3.479862718666E0,
-8.142897642133E-1));
#8005=CARTESIAN_POINT('',(1.037348357853E0,3.439906530034E0,
-2.534342205191E-1));
#8006=CARTESIAN_POINT('',(9.884514242935E-1,3.399950341403E0,
4.040096313163E-1));
#8007=CARTESIAN_POINT('',(5.628342186209E-1,3.359994152771E0,
9.074649136213E-1));
#8008=CARTESIAN_POINT('',(-7.732085865611E-2,3.320037964140E0,
1.065032526371E0));
#8009=CARTESIAN_POINT('',(-6.880019865698E-1,3.280081775509E0,
8.166553226329E-1));
#8010=CARTESIAN_POINT('',(-1.036446757486E0,3.240125586877E0,
2.570038627451E-1));
#8011=CARTESIAN_POINT('',(-9.898420141691E-1,3.200169398246E0,
-4.006065027177E-1));
#8012=CARTESIAN_POINT('',(-5.659517291774E-1,3.160213209615E0,
-9.055227462220E-1));
#8013=CARTESIAN_POINT('',(7.365524813103E-2,3.120257020983E0,
-1.065292309719E0));
#8014=CARTESIAN_POINT('',(6.851879804148E-1,3.080300832352E0,
-8.190178459721E-1));
#8015=CARTESIAN_POINT('',(1.035556257053E0,3.040344643720E0,
-2.605686844227E-1));
#8016=CARTESIAN_POINT('',(9.912146219063E-1,3.000388455089E0,
3.971981546134E-1));
#8017=CARTESIAN_POINT('',(5.690642168444E-1,2.960432266458E0,
9.035699850288E-1));
#8018=CARTESIAN_POINT('',(-6.998921514320E-2,2.920476077826E0,
1.065539445773E0));
#8019=CARTESIAN_POINT('',(-6.823657411354E-1,2.880519889195E0,
8.213706812748E-1));
#8020=CARTESIAN_POINT('',(-1.034653527880E0,2.840563700563E0,
2.641304185038E-1));
#8021=CARTESIAN_POINT('',(-9.925754849792E-1,2.800607511932E0,
-3.937851030143E-1));
#8022=CARTESIAN_POINT('',(-5.721699690860E-1,2.760651323301E0,
-9.016065257002E-1));
#8023=CARTESIAN_POINT('',(6.632235409014E-2,2.720695134669E0,
-1.065773965798E0));
#8024=CARTESIAN_POINT('',(6.795354224984E-1,2.680738946038E0,
-8.237137913715E-1));
#8025=CARTESIAN_POINT('',(1.033738548257E0,2.640782757406E0,
-2.676890258699E-1));
#8026=CARTESIAN_POINT('',(9.939245965100E-1,2.600826568775E0,
3.903673912313E-1));
#8027=CARTESIAN_POINT('',(5.752689445860E-1,2.560870380144E0,
8.996323829370E-1));
#8028=CARTESIAN_POINT('',(-6.265469944806E-2,2.520914191512E0,
1.065995898306E0));
#8029=CARTESIAN_POINT('',(-6.766970892311E-1,2.480958002881E0,
8.260470319145E-1));
#8030=CARTESIAN_POINT('',(-1.032811213096E0,2.441001814249E0,
2.712448995187E-1));
#8031=CARTESIAN_POINT('',(-9.952623730022E-1,2.401045625618E0,
-3.869466836536E-1));
#8032=CARTESIAN_POINT('',(-5.783594926678E-1,2.361089436987E0,
-8.976415195529E-1));
#8033=CARTESIAN_POINT('',(5.898027118172E-2,2.321133248355E0,
-1.066227858988E0));
#8034=CARTESIAN_POINT('',(6.738732547980E-1,2.281177059724E0,
-8.282859625669E-1));
#8035=CARTESIAN_POINT('',(9.124828432008E-1,2.254539600636E0,
-4.595040074388E-1));
#8036=CARTESIAN_POINT('',(9.663209511758E-1,2.241220871093E0,
-2.573398906481E-1));
#8037=B_SPLINE_SURFACE_WITH_KNOTS('',3,3,((#7897,#7898,#7899,#7900,#7901,#7902,
#7903,#7904,#7905,#7906,#7907,#7908,#7909,#7910,#7911,#7912,#7913,#7914,#7915,
#7916,#7917,#7918,#7919,#7920,#7921,#7922,#7923,#7924,#7925,#7926,#7927,#7928,
#7929,#7930,#7931),(#7932,#7933,#7934,#7935,#7936,#7937,#7938,#7939,#7940,#7941,
#7942,#7943,#7944,#7945,#7946,#7947,#7948,#7949,#7950,#7951,#7952,#7953,#7954,
#7955,#7956,#7957,#7958,#7959,#7960,#7961,#7962,#7963,#7964,#7965,#7966),(#7967,
#7968,#7969,#7970,#7971,#7972,#7973,#7974,#7975,#7976,#7977,#7978,#7979,#7980,
#7981,#7982,#7983,#7984,#7985,#7986,#7987,#7988,#7989,#7990,#7991,#7992,#7993,
#7994,#7995,#7996,#7997,#7998,#7999,#8000,#8001),(#8002,#8003,#8004,#8005,#8006,
#8007,#8008,#8009,#8010,#8011,#8012,#8013,#8014,#8015,#8016,#8017,#8018,#8019,
#8020,#8021,#8022,#8023,#8024,#8025,#8026,#8027,#8028,#8029,#8030,#8031,#8032,
#8033,#8034,#8035,#8036)),.UNSPECIFIED.,.F.,.F.,.F.,(4,4),(4,1,1,1,1,1,1,1,1,1,
1,1,1,1,1,1,1,1,1,1,1,1,1,1,1,1,1,1,1,1,1,1,4),(-1.517154300525E-1,
1.151715430052E0),(-2.E-2,1.25E-2,4.5E-2,7.75E-2,1.1E-1,1.425E-1,1.75E-1,
2.075E-1,2.4E-1,2.725E-1,3.05E-1,3.375E-1,3.7E-1,4.025E-1,4.35E-1,4.675E-1,
5.E-1,5.325E-1,5.65E-1,5.975E-1,6.3E-1,6.625E-1,6.95E-1,7.275E-1,7.6E-1,
7.925E-1,8.25E-1,8.575E-1,8.9E-1,9.225E-1,9.55E-1,9.875E-1,1.02E0),
.UNSPECIFIED.);
#8039=ORIENTED_EDGE('',*,*,#8038,.T.);
#8041=ORIENTED_EDGE('',*,*,#8040,.T.);
#8043=ORIENTED_EDGE('',*,*,#8042,.F.);
#8044=ORIENTED_EDGE('',*,*,#7885,.F.);
#8045=EDGE_LOOP('',(#8039,#8041,#8043,#8044));
#8046=FACE_OUTER_BOUND('',#8045,.F.);
#8047=ADVANCED_FACE('',(#8046),#8037,.F.);
#8048=CARTESIAN_POINT('',(-8.048307742135E-1,4.399931334257E0,
5.935043596123E-1));
#8049=CARTESIAN_POINT('',(-9.008637358876E-1,4.389630401971E0,
4.632773753580E-1));
#8050=CARTESIAN_POINT('',(-1.028358549457E0,4.369028537398E0,
1.554278253667E-1));
#8051=CARTESIAN_POINT('',(-9.820884520255E-1,4.338125740538E0,
-3.423674433045E-1));
#8052=CARTESIAN_POINT('',(-7.088929458177E-1,4.307222943679E0,
-7.610318599734E-1));
#8053=CARTESIAN_POINT('',(-2.719193432561E-1,4.276320146820E0,
-1.003873993182E0));
#8054=CARTESIAN_POINT('',(2.278805822608E-1,4.245417349960E0,
-1.014777072961E0));
#8055=CARTESIAN_POINT('',(6.750301312517E-1,4.214514553101E0,
-7.912247293859E-1));
#8056=CARTESIAN_POINT('',(9.662195684436E-1,4.183611756242E0,
-3.848661912332E-1));
#8057=CARTESIAN_POINT('',(1.034171798626E0,4.152708959382E0,1.104125108641E-1));
#8058=CARTESIAN_POINT('',(8.631870496784E-1,4.121806162523E0,
5.801813108460E-1));
#8059=CARTESIAN_POINT('',(4.927699476432E-1,4.090903365664E0,
9.159039323522E-1));
#8060=CARTESIAN_POINT('',(8.502355547064E-3,4.060000568805E0,1.040014396523E0));
#8061=CARTESIAN_POINT('',(-4.777296368376E-1,4.029097771945E0,
9.238379885151E-1));
#8062=CARTESIAN_POINT('',(-8.535860800868E-1,3.998194975086E0,
5.942163232609E-1));
#8063=CARTESIAN_POINT('',(-1.032228398404E0,3.967292178227E0,
1.273058069280E-1));
#8064=CARTESIAN_POINT('',(-9.723827363230E-1,3.936389381367E0,
-3.690176812138E-1));
#8065=CARTESIAN_POINT('',(-6.878759475826E-1,3.905486584508E0,
-7.800826338827E-1));
#8066=CARTESIAN_POINT('',(-2.444410129442E-1,3.874583787649E0,
-1.010915835338E0));
#8067=CARTESIAN_POINT('',(2.554700306558E-1,3.843680990789E0,
-1.008185150846E0));
#8068=CARTESIAN_POINT('',(6.963568004102E-1,3.812778193930E0,
-7.725214828534E-1));
#8069=CARTESIAN_POINT('',(9.763559921491E-1,3.781875397071E0,
-3.583730061419E-1));
#8070=CARTESIAN_POINT('',(1.030776068819E0,3.750972600211E0,1.385746404481E-1));
#8071=CARTESIAN_POINT('',(8.470437138480E-1,3.720069803352E0,
6.035057426646E-1));
#8072=CARTESIAN_POINT('',(4.676087951787E-1,3.689167006493E0,
9.290017496534E-1));
#8073=CARTESIAN_POINT('',(-1.986333703694E-2,3.658264209633E0,
1.039859451786E0));
#8074=CARTESIAN_POINT('',(-5.027461968303E-1,3.627361412774E0,
9.104660900716E-1));
#8075=CARTESIAN_POINT('',(-8.694736715414E-1,3.596458615915E0,
5.707169044157E-1));
#8076=CARTESIAN_POINT('',(-1.035316184979E0,3.565555819056E0,
9.910834828302E-2));
#8077=CARTESIAN_POINT('',(-9.619578231010E-1,3.534653022196E0,
-3.953988745541E-1));
#8078=CARTESIAN_POINT('',(-6.663450112265E-1,3.503750225337E0,
-7.985505785724E-1));
#8079=CARTESIAN_POINT('',(-2.167857473703E-1,3.472847428478E0,
-1.017210466705E0));
#8080=CARTESIAN_POINT('',(2.828867707475E-1,3.441944631618E0,
-1.000826753277E0));
#8081=CARTESIAN_POINT('',(5.723629687792E-1,3.421342767045E0,
-8.358121972825E-1));
#8082=CARTESIAN_POINT('',(6.895495823340E-1,3.411041834759E0,
-7.242384783364E-1));
#8083=CARTESIAN_POINT('',(-8.048307742135E-1,4.421655181925E0,
5.935043596123E-1));
#8084=CARTESIAN_POINT('',(-9.008637358876E-1,4.411354249639E0,
4.632773753580E-1));
#8085=CARTESIAN_POINT('',(-1.028358549457E0,4.390752385066E0,
1.554278253667E-1));
#8086=CARTESIAN_POINT('',(-9.820884520255E-1,4.359849588207E0,
-3.423674433045E-1));
#8087=CARTESIAN_POINT('',(-7.088929458177E-1,4.328946791347E0,
-7.610318599734E-1));
#8088=CARTESIAN_POINT('',(-2.719193432561E-1,4.298043994488E0,
-1.003873993182E0));
#8089=CARTESIAN_POINT('',(2.278805822608E-1,4.267141197629E0,
-1.014777072961E0));
#8090=CARTESIAN_POINT('',(6.750301312517E-1,4.236238400770E0,
-7.912247293859E-1));
#8091=CARTESIAN_POINT('',(9.662195684436E-1,4.205335603910E0,
-3.848661912332E-1));
#8092=CARTESIAN_POINT('',(1.034171798626E0,4.174432807051E0,1.104125108641E-1));
#8093=CARTESIAN_POINT('',(8.631870496784E-1,4.143530010192E0,
5.801813108460E-1));
#8094=CARTESIAN_POINT('',(4.927699476432E-1,4.112627213332E0,
9.159039323522E-1));
#8095=CARTESIAN_POINT('',(8.502355547064E-3,4.081724416473E0,1.040014396523E0));
#8096=CARTESIAN_POINT('',(-4.777296368376E-1,4.050821619614E0,
9.238379885151E-1));
#8097=CARTESIAN_POINT('',(-8.535860800868E-1,4.019918822754E0,
5.942163232609E-1));
#8098=CARTESIAN_POINT('',(-1.032228398404E0,3.989016025895E0,
1.273058069280E-1));
#8099=CARTESIAN_POINT('',(-9.723827363230E-1,3.958113229036E0,
-3.690176812138E-1));
#8100=CARTESIAN_POINT('',(-6.878759475826E-1,3.927210432176E0,
-7.800826338827E-1));
#8101=CARTESIAN_POINT('',(-2.444410129442E-1,3.896307635317E0,
-1.010915835338E0));
#8102=CARTESIAN_POINT('',(2.554700306558E-1,3.865404838458E0,
-1.008185150846E0));
#8103=CARTESIAN_POINT('',(6.963568004102E-1,3.834502041598E0,
-7.725214828534E-1));
#8104=CARTESIAN_POINT('',(9.763559921491E-1,3.803599244739E0,
-3.583730061419E-1));
#8105=CARTESIAN_POINT('',(1.030776068819E0,3.772696447880E0,1.385746404481E-1));
#8106=CARTESIAN_POINT('',(8.470437138480E-1,3.741793651020E0,
6.035057426646E-1));
#8107=CARTESIAN_POINT('',(4.676087951787E-1,3.710890854161E0,
9.290017496534E-1));
#8108=CARTESIAN_POINT('',(-1.986333703694E-2,3.679988057302E0,
1.039859451786E0));
#8109=CARTESIAN_POINT('',(-5.027461968303E-1,3.649085260443E0,
9.104660900716E-1));
#8110=CARTESIAN_POINT('',(-8.694736715414E-1,3.618182463583E0,
5.707169044157E-1));
#8111=CARTESIAN_POINT('',(-1.035316184979E0,3.587279666724E0,
9.910834828302E-2));
#8112=CARTESIAN_POINT('',(-9.619578231010E-1,3.556376869865E0,
-3.953988745541E-1));
#8113=CARTESIAN_POINT('',(-6.663450112265E-1,3.525474073005E0,
-7.985505785724E-1));
#8114=CARTESIAN_POINT('',(-2.167857473703E-1,3.494571276146E0,
-1.017210466705E0));
#8115=CARTESIAN_POINT('',(2.828867707475E-1,3.463668479287E0,
-1.000826753277E0));
#8116=CARTESIAN_POINT('',(5.723629687792E-1,3.443066614714E0,
-8.358121972825E-1));
#8117=CARTESIAN_POINT('',(6.895495823340E-1,3.432765682427E0,
-7.242384783364E-1));
#8118=CARTESIAN_POINT('',(-8.048307742135E-1,4.443379029594E0,
5.935043596123E-1));
#8119=CARTESIAN_POINT('',(-9.008637358876E-1,4.433078097307E0,
4.632773753580E-1));
#8120=CARTESIAN_POINT('',(-1.028358549457E0,4.412476232734E0,
1.554278253667E-1));
#8121=CARTESIAN_POINT('',(-9.820884520255E-1,4.381573435875E0,
-3.423674433045E-1));
#8122=CARTESIAN_POINT('',(-7.088929458177E-1,4.350670639016E0,
-7.610318599734E-1));
#8123=CARTESIAN_POINT('',(-2.719193432561E-1,4.319767842157E0,
-1.003873993182E0));
#8124=CARTESIAN_POINT('',(2.278805822608E-1,4.288865045297E0,
-1.014777072961E0));
#8125=CARTESIAN_POINT('',(6.750301312517E-1,4.257962248438E0,
-7.912247293859E-1));
#8126=CARTESIAN_POINT('',(9.662195684436E-1,4.227059451579E0,
-3.848661912332E-1));
#8127=CARTESIAN_POINT('',(1.034171798626E0,4.196156654719E0,1.104125108641E-1));
#8128=CARTESIAN_POINT('',(8.631870496784E-1,4.165253857860E0,
5.801813108460E-1));
#8129=CARTESIAN_POINT('',(4.927699476432E-1,4.134351061001E0,
9.159039323522E-1));
#8130=CARTESIAN_POINT('',(8.502355547063E-3,4.103448264141E0,1.040014396523E0));
#8131=CARTESIAN_POINT('',(-4.777296368376E-1,4.072545467282E0,
9.238379885151E-1));
#8132=CARTESIAN_POINT('',(-8.535860800868E-1,4.041642670423E0,
5.942163232609E-1));
#8133=CARTESIAN_POINT('',(-1.032228398404E0,4.010739873563E0,
1.273058069280E-1));
#8134=CARTESIAN_POINT('',(-9.723827363230E-1,3.979837076704E0,
-3.690176812138E-1));
#8135=CARTESIAN_POINT('',(-6.878759475826E-1,3.948934279845E0,
-7.800826338827E-1));
#8136=CARTESIAN_POINT('',(-2.444410129442E-1,3.918031482985E0,
-1.010915835338E0));
#8137=CARTESIAN_POINT('',(2.554700306558E-1,3.887128686126E0,
-1.008185150846E0));
#8138=CARTESIAN_POINT('',(6.963568004102E-1,3.856225889267E0,
-7.725214828534E-1));
#8139=CARTESIAN_POINT('',(9.763559921491E-1,3.825323092408E0,
-3.583730061419E-1));
#8140=CARTESIAN_POINT('',(1.030776068819E0,3.794420295548E0,1.385746404481E-1));
#8141=CARTESIAN_POINT('',(8.470437138480E-1,3.763517498689E0,
6.035057426646E-1));
#8142=CARTESIAN_POINT('',(4.676087951787E-1,3.732614701830E0,
9.290017496534E-1));
#8143=CARTESIAN_POINT('',(-1.986333703694E-2,3.701711904970E0,
1.039859451786E0));
#8144=CARTESIAN_POINT('',(-5.027461968303E-1,3.670809108111E0,
9.104660900716E-1));
#8145=CARTESIAN_POINT('',(-8.694736715414E-1,3.639906311252E0,
5.707169044157E-1));
#8146=CARTESIAN_POINT('',(-1.035316184979E0,3.609003514392E0,
9.910834828302E-2));
#8147=CARTESIAN_POINT('',(-9.619578231010E-1,3.578100717533E0,
-3.953988745541E-1));
#8148=CARTESIAN_POINT('',(-6.663450112265E-1,3.547197920674E0,
-7.985505785724E-1));
#8149=CARTESIAN_POINT('',(-2.167857473703E-1,3.516295123814E0,
-1.017210466705E0));
#8150=CARTESIAN_POINT('',(2.828867707475E-1,3.485392326955E0,
-1.000826753277E0));
#8151=CARTESIAN_POINT('',(5.723629687792E-1,3.464790462382E0,
-8.358121972825E-1));
#8152=CARTESIAN_POINT('',(6.895495823340E-1,3.454489530096E0,
-7.242384783364E-1));
#8153=CARTESIAN_POINT('',(-8.048307742135E-1,4.465102877262E0,
5.935043596123E-1));
#8154=CARTESIAN_POINT('',(-9.008637358876E-1,4.454801944976E0,
4.632773753580E-1));
#8155=CARTESIAN_POINT('',(-1.028358549457E0,4.434200080403E0,
1.554278253667E-1));
#8156=CARTESIAN_POINT('',(-9.820884520255E-1,4.403297283544E0,
-3.423674433045E-1));
#8157=CARTESIAN_POINT('',(-7.088929458177E-1,4.372394486684E0,
-7.610318599734E-1));
#8158=CARTESIAN_POINT('',(-2.719193432561E-1,4.341491689825E0,
-1.003873993182E0));
#8159=CARTESIAN_POINT('',(2.278805822608E-1,4.310588892966E0,
-1.014777072961E0));
#8160=CARTESIAN_POINT('',(6.750301312517E-1,4.279686096106E0,
-7.912247293859E-1));
#8161=CARTESIAN_POINT('',(9.662195684436E-1,4.248783299247E0,
-3.848661912332E-1));
#8162=CARTESIAN_POINT('',(1.034171798626E0,4.217880502388E0,1.104125108641E-1));
#8163=CARTESIAN_POINT('',(8.631870496784E-1,4.186977705528E0,
5.801813108460E-1));
#8164=CARTESIAN_POINT('',(4.927699476432E-1,4.156074908669E0,
9.159039323522E-1));
#8165=CARTESIAN_POINT('',(8.502355547063E-3,4.125172111810E0,1.040014396523E0));
#8166=CARTESIAN_POINT('',(-4.777296368376E-1,4.094269314950E0,
9.238379885151E-1));
#8167=CARTESIAN_POINT('',(-8.535860800868E-1,4.063366518091E0,
5.942163232609E-1));
#8168=CARTESIAN_POINT('',(-1.032228398404E0,4.032463721232E0,
1.273058069280E-1));
#8169=CARTESIAN_POINT('',(-9.723827363230E-1,4.001560924373E0,
-3.690176812138E-1));
#8170=CARTESIAN_POINT('',(-6.878759475826E-1,3.970658127513E0,
-7.800826338827E-1));
#8171=CARTESIAN_POINT('',(-2.444410129442E-1,3.939755330654E0,
-1.010915835338E0));
#8172=CARTESIAN_POINT('',(2.554700306558E-1,3.908852533795E0,
-1.008185150846E0));
#8173=CARTESIAN_POINT('',(6.963568004102E-1,3.877949736935E0,
-7.725214828534E-1));
#8174=CARTESIAN_POINT('',(9.763559921491E-1,3.847046940076E0,
-3.583730061419E-1));
#8175=CARTESIAN_POINT('',(1.030776068819E0,3.816144143217E0,1.385746404481E-1));
#8176=CARTESIAN_POINT('',(8.470437138480E-1,3.785241346357E0,
6.035057426646E-1));
#8177=CARTESIAN_POINT('',(4.676087951787E-1,3.754338549498E0,
9.290017496534E-1));
#8178=CARTESIAN_POINT('',(-1.986333703694E-2,3.723435752639E0,
1.039859451786E0));
#8179=CARTESIAN_POINT('',(-5.027461968303E-1,3.692532955779E0,
9.104660900716E-1));
#8180=CARTESIAN_POINT('',(-8.694736715414E-1,3.661630158920E0,
5.707169044157E-1));
#8181=CARTESIAN_POINT('',(-1.035316184979E0,3.630727362061E0,
9.910834828302E-2));
#8182=CARTESIAN_POINT('',(-9.619578231010E-1,3.599824565201E0,
-3.953988745541E-1));
#8183=CARTESIAN_POINT('',(-6.663450112265E-1,3.568921768342E0,
-7.985505785724E-1));
#8184=CARTESIAN_POINT('',(-2.167857473703E-1,3.538018971483E0,
-1.017210466705E0));
#8185=CARTESIAN_POINT('',(2.828867707475E-1,3.507116174624E0,
-1.000826753277E0));
#8186=CARTESIAN_POINT('',(5.723629687792E-1,3.486514310051E0,
-8.358121972825E-1));
#8187=CARTESIAN_POINT('',(6.895495823340E-1,3.476213377764E0,
-7.242384783364E-1));
#8188=B_SPLINE_SURFACE_WITH_KNOTS('',3,3,((#8048,#8049,#8050,#8051,#8052,#8053,
#8054,#8055,#8056,#8057,#8058,#8059,#8060,#8061,#8062,#8063,#8064,#8065,#8066,
#8067,#8068,#8069,#8070,#8071,#8072,#8073,#8074,#8075,#8076,#8077,#8078,#8079,
#8080,#8081,#8082),(#8083,#8084,#8085,#8086,#8087,#8088,#8089,#8090,#8091,#8092,
#8093,#8094,#8095,#8096,#8097,#8098,#8099,#8100,#8101,#8102,#8103,#8104,#8105,
#8106,#8107,#8108,#8109,#8110,#8111,#8112,#8113,#8114,#8115,#8116,#8117),(#8118,
#8119,#8120,#8121,#8122,#8123,#8124,#8125,#8126,#8127,#8128,#8129,#8130,#8131,
#8132,#8133,#8134,#8135,#8136,#8137,#8138,#8139,#8140,#8141,#8142,#8143,#8144,
#8145,#8146,#8147,#8148,#8149,#8150,#8151,#8152),(#8153,#8154,#8155,#8156,#8157,
#8158,#8159,#8160,#8161,#8162,#8163,#8164,#8165,#8166,#8167,#8168,#8169,#8170,
#8171,#8172,#8173,#8174,#8175,#8176,#8177,#8178,#8179,#8180,#8181,#8182,#8183,
#8184,#8185,#8186,#8187)),.UNSPECIFIED.,.F.,.F.,.F.,(4,4),(4,1,1,1,1,1,1,1,1,1,
1,1,1,1,1,1,1,1,1,1,1,1,1,1,1,1,1,1,1,1,1,1,4),(-1.517154300525E-1,
1.151715430052E0),(2.111146263903E-1,2.362506799612E-1,2.613867335321E-1,
2.865227871030E-1,3.116588406739E-1,3.367948942448E-1,3.619309478157E-1,
3.870670013866E-1,4.122030549575E-1,4.373391085284E-1,4.624751620993E-1,
4.876112156701E-1,5.127472692410E-1,5.378833228119E-1,5.630193763828E-1,
5.881554299537E-1,6.132914835246E-1,6.384275370955E-1,6.635635906664E-1,
6.886996442373E-1,7.138356978082E-1,7.389717513791E-1,7.641078049500E-1,
7.892438585209E-1,8.143799120918E-1,8.395159656627E-1,8.646520192336E-1,
8.897880728045E-1,9.149241263754E-1,9.400601799463E-1,9.651962335172E-1,
9.903322870881E-1,1.015468340659E0),.UNSPECIFIED.);
#8190=ORIENTED_EDGE('',*,*,#8189,.T.);
#8192=ORIENTED_EDGE('',*,*,#8191,.T.);
#8193=ORIENTED_EDGE('',*,*,#8038,.F.);
#8194=ORIENTED_EDGE('',*,*,#7421,.F.);
#8195=ORIENTED_EDGE('',*,*,#7270,.T.);
#8196=EDGE_LOOP('',(#8190,#8192,#8193,#8194,#8195));
#8197=FACE_OUTER_BOUND('',#8196,.F.);
#8198=ADVANCED_FACE('',(#8197),#8188,.F.);
#8199=CARTESIAN_POINT('',(0.E0,4.389907568053E0,0.E0));
#8200=DIRECTION('',(0.E0,1.E0,0.E0));
#8201=DIRECTION('',(-1.E0,0.E0,0.E0));
#8202=AXIS2_PLACEMENT_3D('',#8199,#8200,#8201);
#8203=CONICAL_SURFACE('',#8202,1.001407568053E0,4.5E1);
#8204=ORIENTED_EDGE('',*,*,#8189,.F.);
#8205=ORIENTED_EDGE('',*,*,#7268,.F.);
#8206=ORIENTED_EDGE('',*,*,#7237,.T.);
#8207=ORIENTED_EDGE('',*,*,#7265,.T.);
#8209=ORIENTED_EDGE('',*,*,#8208,.F.);
#8210=EDGE_LOOP('',(#8204,#8205,#8206,#8207,#8209));
#8211=FACE_OUTER_BOUND('',#8210,.F.);
#8212=ADVANCED_FACE('',(#8211),#8203,.F.);
#8213=CARTESIAN_POINT('',(-9.927826129382E-1,4.402724220008E0,
-1.660264528676E-1));
#8214=CARTESIAN_POINT('',(-9.673310589059E-1,4.392964954388E0,
-3.182182264017E-1));
#8215=CARTESIAN_POINT('',(-8.452161193517E-1,4.373446423149E0,
-6.105546550942E-1));
#8216=CARTESIAN_POINT('',(-4.863891863807E-1,4.344168626290E0,
-9.222894554622E-1));
#8217=CARTESIAN_POINT('',(-2.649457505329E-2,4.314890829430E0,
-1.042343284435E0));
#8218=CARTESIAN_POINT('',(4.389068977713E-1,4.285613032571E0,
-9.458042127873E-1));
#8219=CARTESIAN_POINT('',(8.131025703836E-1,4.256335235712E0,
-6.527237023446E-1));
#8220=CARTESIAN_POINT('',(1.018334486074E0,4.227057438852E0,
-2.240068347529E-1));
#8221=CARTESIAN_POINT('',(1.011955052901E0,4.197779641993E0,2.512591091622E-1));
#8222=CARTESIAN_POINT('',(7.952899565020E-1,4.168501845134E0,
6.743130215930E-1));
#8223=CARTESIAN_POINT('',(4.133624975482E-1,4.139224048274E0,
9.572437591366E-1));
#8224=CARTESIAN_POINT('',(-5.446226376032E-2,4.109946251415E0,
1.041257907289E0));
#8225=CARTESIAN_POINT('',(-5.109696909159E-1,4.080668454556E0,
9.088972125434E-1));
#8226=CARTESIAN_POINT('',(-8.612969044684E-1,4.051390657697E0,
5.876664107087E-1));
#8227=CARTESIAN_POINT('',(-1.032645421467E0,4.022112860837E0,
1.443177101436E-1));
#8228=CARTESIAN_POINT('',(-9.894087813730E-1,3.992835063978E0,
-3.290204116430E-1));
#8229=CARTESIAN_POINT('',(-7.405716182321E-1,3.963557267119E0,
-7.339876335501E-1));
#8230=CARTESIAN_POINT('',(-3.378426411819E-1,3.934279470259E0,
-9.864312027379E-1));
#8231=CARTESIAN_POINT('',(1.350905073318E-1,3.905001673400E0,
-1.033892993866E0));
#8232=CARTESIAN_POINT('',(5.799516602357E-1,3.875723876541E0,
-8.665103806220E-1));
#8233=CARTESIAN_POINT('',(9.042980502540E-1,3.846446079681E0,
-5.190657032053E-1));
#8234=CARTESIAN_POINT('',(1.040730045702E0,3.817168282822E0,
-6.375844959692E-2));
#8235=CARTESIAN_POINT('',(9.608968879222E-1,3.787890485963E0,
4.047978986919E-1));
#8236=CARTESIAN_POINT('',(6.813880181230E-1,3.758612689103E0,
7.892366795992E-1));
#8237=CARTESIAN_POINT('',(2.602857695153E-1,3.729334892244E0,1.009670979564E0));
#8238=CARTESIAN_POINT('',(-2.149042266488E-1,3.700057095385E0,
1.020294241565E0));
#8239=CARTESIAN_POINT('',(-6.454368174417E-1,3.670779298525E0,
8.188989459752E-1));
#8240=CARTESIAN_POINT('',(-9.418467672110E-1,3.641501501666E0,
4.473352821288E-1));
#8241=CARTESIAN_POINT('',(-1.042539539414E0,3.612223704807E0,
-1.718517748694E-2));
#8242=CARTESIAN_POINT('',(-9.265915435460E-1,3.582945907948E0,
-4.781349027906E-1));
#8243=CARTESIAN_POINT('',(-6.180950394299E-1,3.553668111088E0,
-8.397261502099E-1));
#8244=CARTESIAN_POINT('',(-1.811631034902E-1,3.524390314229E0,
-1.026826280448E0));
#8245=CARTESIAN_POINT('',(2.934355965801E-1,3.495112517370E0,
-1.000531271840E0));
#8246=CARTESIAN_POINT('',(5.691320481104E-1,3.475593986130E0,
-8.444411933059E-1));
#8247=CARTESIAN_POINT('',(6.825433544661E-1,3.465834720510E0,
-7.398085352835E-1));
#8248=CARTESIAN_POINT('',(-9.264902402903E-1,4.441529652423E0,
-1.549401512549E-1));
#8249=CARTESIAN_POINT('',(-9.027381961833E-1,4.431770386803E0,
-2.969694243246E-1));
#8250=CARTESIAN_POINT('',(-7.887773972973E-1,4.412251855564E0,
-5.697852900893E-1));
#8251=CARTESIAN_POINT('',(-4.539108847109E-1,4.382974058705E0,
-8.607042146714E-1));
#8252=CARTESIAN_POINT('',(-2.472541812035E-2,4.353696261845E0,
-9.727415322103E-1));
#8253=CARTESIAN_POINT('',(4.095991930980E-1,4.324418464986E0,
-8.826487903323E-1));
#8254=CARTESIAN_POINT('',(7.588082083608E-1,4.295140668127E0,
-6.091385283618E-1));
#8255=CARTESIAN_POINT('',(9.503359047617E-1,4.265862871267E0,
-2.090489332228E-1));
#8256=CARTESIAN_POINT('',(9.443824538287E-1,4.236585074408E0,
2.344814558484E-1));
#8257=CARTESIAN_POINT('',(7.421850194569E-1,4.207307277549E0,
6.292862357426E-1));
#8258=CARTESIAN_POINT('',(3.857605025404E-1,4.178029480689E0,
8.933244688825E-1));
#8259=CARTESIAN_POINT('',(-5.082558374861E-2,4.148751683830E0,
9.717286303731E-1));
#8260=CARTESIAN_POINT('',(-4.768500430488E-1,4.119473886971E0,
8.482062295152E-1));
#8261=CARTESIAN_POINT('',(-8.037843991048E-1,4.090196090111E0,
5.484253923995E-1));
#8262=CARTESIAN_POINT('',(-9.636912373373E-1,4.060918293252E0,
1.346809948185E-1));
#8263=CARTESIAN_POINT('',(-9.233416939955E-1,4.031640496393E0,
-3.070503011141E-1));
#8264=CARTESIAN_POINT('',(-6.911204603970E-1,4.002362699534E0,
-6.849761167406E-1));
#8265=CARTESIAN_POINT('',(-3.152834323746E-1,3.973084902674E0,
-9.205629411153E-1));
#8266=CARTESIAN_POINT('',(1.260699320956E-1,3.943807105815E0,
-9.648555039516E-1));
#8267=CARTESIAN_POINT('',(5.412257890560E-1,3.914529308956E0,
-8.086497489924E-1));
#8268=CARTESIAN_POINT('',(8.439141731081E-1,3.885251512096E0,
-4.844054497146E-1));
#8269=CARTESIAN_POINT('',(9.712360163785E-1,3.855973715237E0,
-5.950102320262E-2));
#8270=CARTESIAN_POINT('',(8.967336625189E-1,3.826695918378E0,
3.777677988519E-1));
#8271=CARTESIAN_POINT('',(6.358888042704E-1,3.797418121518E0,
7.365359459345E-1));
#8272=CARTESIAN_POINT('',(2.429053671969E-1,3.768140324659E0,
9.422508979096E-1));
#8273=CARTESIAN_POINT('',(-2.005541454820E-1,3.738862527800E0,
9.521647989353E-1));
#8274=CARTESIAN_POINT('',(-6.023382201608E-1,3.709584730940E0,
7.642175349794E-1));
#8275=CARTESIAN_POINT('',(-8.789556004486E-1,3.680306934081E0,
4.174647779168E-1));
#8276=CARTESIAN_POINT('',(-9.729246823987E-1,3.651029137222E0,
-1.603764914072E-2));
#8277=CARTESIAN_POINT('',(-8.647190337975E-1,3.621751340363E0,
-4.462077752012E-1));
#8278=CARTESIAN_POINT('',(-5.768221704738E-1,3.592473543503E0,
-7.836540170496E-1));
#8279=CARTESIAN_POINT('',(-1.690660624964E-1,3.563195746644E0,
-9.582606654372E-1));
#8280=CARTESIAN_POINT('',(2.738416374765E-1,3.533917949785E0,
-9.337214878503E-1));
#8281=CARTESIAN_POINT('',(5.311286490506E-1,3.514399418545E0,
-7.880542164025E-1));
#8282=CARTESIAN_POINT('',(6.369669938279E-1,3.504640152925E0,
-6.904083317848E-1));
#8283=CARTESIAN_POINT('',(-8.601978676424E-1,4.480335084838E0,
-1.438538496422E-1));
#8284=CARTESIAN_POINT('',(-8.381453334607E-1,4.470575819218E0,
-2.757206222474E-1));
#8285=CARTESIAN_POINT('',(-7.323386752429E-1,4.451057287979E0,
-5.290159250843E-1));
#8286=CARTESIAN_POINT('',(-4.214325830412E-1,4.421779491120E0,
-7.991189738806E-1));
#8287=CARTESIAN_POINT('',(-2.295626118741E-2,4.392501694260E0,
-9.031397799855E-1));
#8288=CARTESIAN_POINT('',(3.802914884247E-1,4.363223897401E0,
-8.194933678774E-1));
#8289=CARTESIAN_POINT('',(7.045138463380E-1,4.333946100542E0,
-5.655533543791E-1));
#8290=CARTESIAN_POINT('',(8.823373234498E-1,4.304668303682E0,
-1.940910316927E-1));
#8291=CARTESIAN_POINT('',(8.768098547567E-1,4.275390506823E0,
2.177038025347E-1));
#8292=CARTESIAN_POINT('',(6.890800824118E-1,4.246112709964E0,
5.842594498922E-1));
#8293=CARTESIAN_POINT('',(3.581585075326E-1,4.216834913104E0,
8.294051786285E-1));
#8294=CARTESIAN_POINT('',(-4.718890373690E-2,4.187557116245E0,
9.021993534568E-1));
#8295=CARTESIAN_POINT('',(-4.427303951818E-1,4.158279319386E0,
7.875152464870E-1));
#8296=CARTESIAN_POINT('',(-7.462718937412E-1,4.129001522526E0,
5.091843740903E-1));
#8297=CARTESIAN_POINT('',(-8.947370532079E-1,4.099723725667E0,
1.250442794935E-1));
#8298=CARTESIAN_POINT('',(-8.572746066180E-1,4.070445928808E0,
-2.850801905852E-1));
#8299=CARTESIAN_POINT('',(-6.416693025620E-1,4.041168131948E0,
-6.359645999310E-1));
#8300=CARTESIAN_POINT('',(-2.927242235672E-1,4.011890335089E0,
-8.546946794927E-1));
#8301=CARTESIAN_POINT('',(1.170493568593E-1,3.982612538230E0,
-8.958180140378E-1));
#8302=CARTESIAN_POINT('',(5.024999178763E-1,3.953334741371E0,
-7.507891173628E-1));
#8303=CARTESIAN_POINT('',(7.835302959623E-1,3.924056944511E0,
-4.497451962238E-1));
#8304=CARTESIAN_POINT('',(9.017419870548E-1,3.894779147652E0,
-5.524359680831E-2));
#8305=CARTESIAN_POINT('',(8.325704371157E-1,3.865501350793E0,
3.507376990119E-1));
#8306=CARTESIAN_POINT('',(5.903895904178E-1,3.836223553933E0,
6.838352122698E-1));
#8307=CARTESIAN_POINT('',(2.255249648784E-1,3.806945757074E0,
8.748308162556E-1));
#8308=CARTESIAN_POINT('',(-1.862040643153E-1,3.777667960215E0,
8.840353563052E-1));
#8309=CARTESIAN_POINT('',(-5.592396228798E-1,3.748390163355E0,
7.095361239836E-1));
#8310=CARTESIAN_POINT('',(-8.160644336861E-1,3.719112366496E0,
3.875942737047E-1));
#8311=CARTESIAN_POINT('',(-9.033098253834E-1,3.689834569637E0,
-1.489012079449E-2));
#8312=CARTESIAN_POINT('',(-8.028465240490E-1,3.660556772777E0,
-4.142806476119E-1));
#8313=CARTESIAN_POINT('',(-5.355493015177E-1,3.631278975918E0,
-7.275818838893E-1));
#8314=CARTESIAN_POINT('',(-1.569690215026E-1,3.602001179059E0,
-8.896950504265E-1));
#8315=CARTESIAN_POINT('',(2.542476783730E-1,3.572723382200E0,
-8.669117038611E-1));
#8316=CARTESIAN_POINT('',(4.931252499907E-1,3.553204850960E0,
-7.316672394990E-1));
#8317=CARTESIAN_POINT('',(5.913906331897E-1,3.543445585340E0,
-6.410081282861E-1));
#8318=CARTESIAN_POINT('',(-7.939054949945E-1,4.519140517253E0,
-1.327675480294E-1));
#8319=CARTESIAN_POINT('',(-7.735524707382E-1,4.509381251633E0,
-2.544718201702E-1));
#8320=CARTESIAN_POINT('',(-6.758999531885E-1,4.489862720394E0,
-4.882465600794E-1));
#8321=CARTESIAN_POINT('',(-3.889542813715E-1,4.460584923535E0,
-7.375337330898E-1));
#8322=CARTESIAN_POINT('',(-2.118710425447E-2,4.431307126675E0,
-8.335380277607E-1));
#8323=CARTESIAN_POINT('',(3.509837837514E-1,4.402029329816E0,
-7.563379454224E-1));
#8324=CARTESIAN_POINT('',(6.502194843151E-1,4.372751532957E0,
-5.219681803964E-1));
#8325=CARTESIAN_POINT('',(8.143387421378E-1,4.343473736097E0,
-1.791331301626E-1));
#8326=CARTESIAN_POINT('',(8.092372556846E-1,4.314195939238E0,
2.009261492210E-1));
#8327=CARTESIAN_POINT('',(6.359751453667E-1,4.284918142379E0,
5.392326640418E-1));
#8328=CARTESIAN_POINT('',(3.305565125248E-1,4.255640345519E0,
7.654858883745E-1));
#8329=CARTESIAN_POINT('',(-4.355222372519E-2,4.226362548660E0,
8.326700765406E-1));
#8330=CARTESIAN_POINT('',(-4.086107473147E-1,4.197084751801E0,
7.268242634587E-1));
#8331=CARTESIAN_POINT('',(-6.887593883776E-1,4.167806954941E0,
4.699433557812E-1));
#8332=CARTESIAN_POINT('',(-8.257828690785E-1,4.138529158082E0,
1.154075641685E-1));
#8333=CARTESIAN_POINT('',(-7.912075192405E-1,4.109251361223E0,
-2.631100800563E-1));
#8334=CARTESIAN_POINT('',(-5.922181447269E-1,4.079973564363E0,
-5.869530831215E-1));
#8335=CARTESIAN_POINT('',(-2.701650147599E-1,4.050695767504E0,
-7.888264178700E-1));
#8336=CARTESIAN_POINT('',(1.080287816231E-1,4.021417970645E0,
-8.267805241239E-1));
#8337=CARTESIAN_POINT('',(4.637740466966E-1,3.992140173786E0,
-6.929284857332E-1));
#8338=CARTESIAN_POINT('',(7.231464188164E-1,3.962862376926E0,
-4.150849427331E-1));
#8339=CARTESIAN_POINT('',(8.322479577311E-1,3.933584580067E0,
-5.098617041401E-2));
#8340=CARTESIAN_POINT('',(7.684072117125E-1,3.904306783208E0,
3.237075991718E-1));
#8341=CARTESIAN_POINT('',(5.448903765652E-1,3.875028986348E0,
6.311344786052E-1));
#8342=CARTESIAN_POINT('',(2.081445625599E-1,3.845751189489E0,
8.074107346016E-1));
#8343=CARTESIAN_POINT('',(-1.718539831485E-1,3.816473392630E0,
8.159059136750E-1));
#8344=CARTESIAN_POINT('',(-5.161410255989E-1,3.787195595770E0,
6.548547129878E-1));
#8345=CARTESIAN_POINT('',(-7.531732669236E-1,3.757917798911E0,
3.577237694926E-1));
#8346=CARTESIAN_POINT('',(-8.336949683680E-1,3.728640002052E0,
-1.374259244827E-2));
#8347=CARTESIAN_POINT('',(-7.409740143005E-1,3.699362205192E0,
-3.823535200225E-1));
#8348=CARTESIAN_POINT('',(-4.942764325616E-1,3.670084408333E0,
-6.715097507290E-1));
#8349=CARTESIAN_POINT('',(-1.448719805089E-1,3.640806611474E0,
-8.211294354157E-1));
#8350=CARTESIAN_POINT('',(2.346537192694E-1,3.611528814615E0,
-8.001019198719E-1));
#8351=CARTESIAN_POINT('',(4.551218509308E-1,3.592010283375E0,
-6.752802625956E-1));
#8352=CARTESIAN_POINT('',(5.458142725515E-1,3.582251017755E0,
-5.916079247874E-1));
#8353=B_SPLINE_SURFACE_WITH_KNOTS('',3,3,((#8213,#8214,#8215,#8216,#8217,#8218,
#8219,#8220,#8221,#8222,#8223,#8224,#8225,#8226,#8227,#8228,#8229,#8230,#8231,
#8232,#8233,#8234,#8235,#8236,#8237,#8238,#8239,#8240,#8241,#8242,#8243,#8244,
#8245,#8246,#8247),(#8248,#8249,#8250,#8251,#8252,#8253,#8254,#8255,#8256,#8257,
#8258,#8259,#8260,#8261,#8262,#8263,#8264,#8265,#8266,#8267,#8268,#8269,#8270,
#8271,#8272,#8273,#8274,#8275,#8276,#8277,#8278,#8279,#8280,#8281,#8282),(#8283,
#8284,#8285,#8286,#8287,#8288,#8289,#8290,#8291,#8292,#8293,#8294,#8295,#8296,
#8297,#8298,#8299,#8300,#8301,#8302,#8303,#8304,#8305,#8306,#8307,#8308,#8309,
#8310,#8311,#8312,#8313,#8314,#8315,#8316,#8317),(#8318,#8319,#8320,#8321,#8322,
#8323,#8324,#8325,#8326,#8327,#8328,#8329,#8330,#8331,#8332,#8333,#8334,#8335,
#8336,#8337,#8338,#8339,#8340,#8341,#8342,#8343,#8344,#8345,#8346,#8347,#8348,
#8349,#8350,#8351,#8352)),.UNSPECIFIED.,.F.,.F.,.F.,(4,4),(4,1,1,1,1,1,1,1,1,1,
1,1,1,1,1,1,1,1,1,1,1,1,1,1,1,1,1,1,1,1,1,1,4),(-3.485130413038E-2,
1.034851304130E0),(2.525975619948E-1,2.764118553626E-1,3.002261487305E-1,
3.240404420983E-1,3.478547354661E-1,3.716690288339E-1,3.954833222017E-1,
4.192976155695E-1,4.431119089373E-1,4.669262023051E-1,4.907404956730E-1,
5.145547890408E-1,5.383690824086E-1,5.621833757764E-1,5.859976691442E-1,
6.098119625120E-1,6.336262558798E-1,6.574405492476E-1,6.812548426154E-1,
7.050691359833E-1,7.288834293511E-1,7.526977227189E-1,7.765120160867E-1,
8.003263094545E-1,8.241406028223E-1,8.479548961901E-1,8.717691895579E-1,
8.955834829257E-1,9.193977762936E-1,9.432120696614E-1,9.670263630292E-1,
9.908406563970E-1,1.014654949765E0),.UNSPECIFIED.);
#8354=ORIENTED_EDGE('',*,*,#7442,.T.);
#8355=ORIENTED_EDGE('',*,*,#7629,.T.);
#8357=ORIENTED_EDGE('',*,*,#8356,.F.);
#8358=ORIENTED_EDGE('',*,*,#8191,.F.);
#8359=ORIENTED_EDGE('',*,*,#8208,.T.);
#8360=ORIENTED_EDGE('',*,*,#7263,.T.);
#8361=ORIENTED_EDGE('',*,*,#7612,.F.);
#8362=EDGE_LOOP('',(#8354,#8355,#8357,#8358,#8359,#8360,#8361));
#8363=FACE_OUTER_BOUND('',#8362,.F.);
#8364=ADVANCED_FACE('',(#8363),#8353,.F.);
#8365=CARTESIAN_POINT('',(7.633823159749E-2,3.508440250043E0,
-1.003670550530E0));
#8366=CARTESIAN_POINT('',(2.863162623437E-1,3.495121520499E0,
-9.876998203603E-1));
#8367=CARTESIAN_POINT('',(6.952582921127E-1,3.468484061412E0,
-8.196392170653E-1));
#8368=CARTESIAN_POINT('',(1.044163187629E0,3.428527872780E0,
-2.550991492378E-1));
#8369=CARTESIAN_POINT('',(9.949450270908E-1,3.388571684149E0,
4.066637608037E-1));
#8370=CARTESIAN_POINT('',(5.665317416015E-1,3.348615495518E0,
9.134264778993E-1));
#8371=CARTESIAN_POINT('',(-7.782881578149E-2,3.308659306886E0,
1.072029226484E0));
#8372=CARTESIAN_POINT('',(-6.925217955506E-1,3.268703118255E0,
8.220203159519E-1));
#8373=CARTESIAN_POINT('',(-1.043255664224E0,3.228746929623E0,
2.586922421243E-1));
#8374=CARTESIAN_POINT('',(-9.963447524061E-1,3.188790740992E0,
-4.032382754510E-1));
#8375=CARTESIAN_POINT('',(-5.696697325527E-1,3.148834552361E0,
-9.114715514879E-1));
#8376=CARTESIAN_POINT('',(7.413912413500E-2,3.108878363729E0,
-1.072290716472E0));
#8377=CARTESIAN_POINT('',(6.896893028642E-1,3.068922175098E0,
-8.243983598193E-1));
#8378=CARTESIAN_POINT('',(1.042359313676E0,3.028965986466E0,
-2.622804827939E-1));
#8379=CARTESIAN_POINT('',(9.977263774498E-1,2.989009797835E0,
3.998075363033E-1));
#8380=CARTESIAN_POINT('',(5.728026676166E-1,2.949053609204E0,
9.095059616870E-1));
#8381=CARTESIAN_POINT('',(-7.044900725040E-2,2.909097420572E0,
1.072539476078E0));
#8382=CARTESIAN_POINT('',(-6.868485229662E-1,2.869141231941E0,
8.267666520049E-1));
#8383=CARTESIAN_POINT('',(-1.041450654049E0,2.829185043309E0,
2.658656155831E-1));
#8384=CARTESIAN_POINT('',(-9.990961806729E-1,2.789228854678E0,
-3.963720627613E-1));
#8385=CARTESIAN_POINT('',(-5.759288230069E-1,2.749272666047E0,
-9.075296034697E-1));
#8386=CARTESIAN_POINT('',(6.675805686062E-2,2.709316477415E0,
-1.072775536776E0));
#8387=CARTESIAN_POINT('',(6.839996106335E-1,2.669360288784E0,
-8.291251550950E-1));
#8388=CARTESIAN_POINT('',(1.040529663495E0,2.629404100152E0,
-2.694476011165E-1));
#8389=CARTESIAN_POINT('',(1.000454155153E0,2.589447911521E0,3.929318984204E-1));
#8390=CARTESIAN_POINT('',(5.790481571361E-1,2.549491722890E0,
9.055424916331E-1));
#8391=CARTESIAN_POINT('',(-6.306630766836E-2,2.509535534258E0,
1.072998927264E0));
#8392=CARTESIAN_POINT('',(-6.811426310186E-1,2.469579345627E0,
8.314737237937E-1));
#8393=CARTESIAN_POINT('',(-1.039596236232E0,2.429623156996E0,
2.730268349735E-1));
#8394=CARTESIAN_POINT('',(-1.001800720128E0,2.389666968364E0,
-3.894887186040E-1));
#8395=CARTESIAN_POINT('',(-5.821590084833E-1,2.349710779733E0,
-9.035385493301E-1));
#8396=CARTESIAN_POINT('',(5.936774035271E-2,2.309754591101E0,
-1.073232411804E0));
#8397=CARTESIAN_POINT('',(6.783002454875E-1,2.269798402470E0,
-8.337273630357E-1));
#8398=CARTESIAN_POINT('',(9.184773726208E-1,2.243160943382E0,
-4.625227056113E-1));
#8399=CARTESIAN_POINT('',(9.726691684756E-1,2.229842213839E0,
-2.590304775527E-1));
#8400=CARTESIAN_POINT('',(7.124079895676E-2,3.547245682458E0,
-9.366511433762E-1));
#8401=CARTESIAN_POINT('',(2.671976918620E-1,3.533926952914E0,
-9.217468476730E-1));
#8402=CARTESIAN_POINT('',(6.488329003033E-1,3.507289493827E0,
-7.649083749792E-1));
#8403=CARTESIAN_POINT('',(9.744399126268E-1,3.467333305195E0,
-2.380650799027E-1));
#8404=CARTESIAN_POINT('',(9.285082607328E-1,3.427377116564E0,
3.795090693111E-1));
#8405=CARTESIAN_POINT('',(5.287019762111E-1,3.387420927933E0,
8.524330563081E-1));
#8406=CARTESIAN_POINT('',(-7.263185041235E-2,3.347464739301E0,
1.000445216002E0));
#8407=CARTESIAN_POINT('',(-6.462791314073E-1,3.307508550670E0,
7.671304776338E-1));
#8408=CARTESIAN_POINT('',(-9.735929884700E-1,3.267552362038E0,
2.414182464957E-1));
#8409=CARTESIAN_POINT('',(-9.298145203578E-1,3.227596173407E0,
-3.763123183747E-1));
#8410=CARTESIAN_POINT('',(-5.316304299859E-1,3.187639984776E0,
-8.506086687564E-1));
#8411=CARTESIAN_POINT('',(6.918853537479E-2,3.147683796144E0,
-1.000689245176E0));
#8412=CARTESIAN_POINT('',(6.436357764619E-1,3.107727607513E0,
-7.693497292659E-1));
#8413=CARTESIAN_POINT('',(9.727564911093E-1,3.067771418881E0,
-2.447668848752E-1));
#8414=CARTESIAN_POINT('',(9.311038883443E-1,3.027815230250E0,
3.731106644618E-1));
#8415=CARTESIAN_POINT('',(5.345541654768E-1,2.987859041619E0,
8.487743298555E-1));
#8416=CARTESIAN_POINT('',(-6.574482349411E-2,2.947902852987E0,
1.000921394032E0));
#8417=CARTESIAN_POINT('',(-6.409846876776E-1,2.907946664356E0,
7.715598803780E-1));
#8418=CARTESIAN_POINT('',(-9.719085066013E-1,2.867990475724E0,
2.481126229009E-1));
#8419=CARTESIAN_POINT('',(-9.323822239042E-1,2.828034287093E0,
-3.699045922906E-1));
#8420=CARTESIAN_POINT('',(-5.374715740021E-1,2.788078098462E0,
-8.469299415919E-1));
#8421=CARTESIAN_POINT('',(6.230033376498E-2,2.748121909830E0,
-1.001141691940E0));
#8422=CARTESIAN_POINT('',(6.383260094965E-1,2.708165721199E0,
-7.737608960548E-1));
#8423=CARTESIAN_POINT('',(9.710490145542E-1,2.668209532567E0,
-2.514554238266E-1));
#8424=CARTESIAN_POINT('',(9.336495205769E-1,2.628253343936E0,
3.666941425453E-1));
#8425=CARTESIAN_POINT('',(5.403826167512E-1,2.588297155305E0,
8.450755177745E-1));
#8426=CARTESIAN_POINT('',(-5.885509857284E-2,2.548340966673E0,
1.001350165682E0));
#8427=CARTESIAN_POINT('',(-6.356598027203E-1,2.508384778042E0,
7.759526407023E-1));
#8428=CARTESIAN_POINT('',(-9.701779162514E-1,2.468428589410E0,
2.547956568172E-1));
#8429=CARTESIAN_POINT('',(-9.349061696073E-1,2.428472400779E0,
-3.634808786808E-1));
#8430=CARTESIAN_POINT('',(-5.432857431503E-1,2.388516212148E0,
-8.432053873334E-1));
#8431=CARTESIAN_POINT('',(5.540350053280E-2,2.348560023516E0,
-1.001568059454E0));
#8432=CARTESIAN_POINT('',(6.330072155180E-1,2.308603834885E0,
-7.780557947419E-1));
#8433=CARTESIAN_POINT('',(8.571466810263E-1,2.281966375797E0,
-4.316380716955E-1));
#8434=CARTESIAN_POINT('',(9.077198571768E-1,2.268647646254E0,
-2.417338964872E-1));
#8435=CARTESIAN_POINT('',(6.614336631604E-2,3.586051114873E0,
-8.696317362227E-1));
#8436=CARTESIAN_POINT('',(2.480791213803E-1,3.572732385329E0,
-8.557938749857E-1));
#8437=CARTESIAN_POINT('',(6.024075084938E-1,3.546094926242E0,
-7.101775328931E-1));
#8438=CARTESIAN_POINT('',(9.047166376244E-1,3.506138737610E0,
-2.210310105677E-1));
#8439=CARTESIAN_POINT('',(8.620714943748E-1,3.466182548979E0,
3.523543778184E-1));
#8440=CARTESIAN_POINT('',(4.908722108207E-1,3.426226360347E0,
7.914396347169E-1));
#8441=CARTESIAN_POINT('',(-6.743488504316E-2,3.386270171716E0,
9.288612055190E-1));
#8442=CARTESIAN_POINT('',(-6.000364672639E-1,3.346313983085E0,
7.122406393157E-1));
#8443=CARTESIAN_POINT('',(-9.039303127155E-1,3.306357794453E0,
2.241442508672E-1));
#8444=CARTESIAN_POINT('',(-8.632842883095E-1,3.266401605822E0,
-3.493863612983E-1));
#8445=CARTESIAN_POINT('',(-4.935911274191E-1,3.226445417191E0,
-7.897457860248E-1));
#8446=CARTESIAN_POINT('',(6.423794661452E-2,3.186489228559E0,
-9.290877738804E-1));
#8447=CARTESIAN_POINT('',(5.975822500595E-1,3.146533039928E0,
-7.143010987126E-1));
#8448=CARTESIAN_POINT('',(9.031536685431E-1,3.106576851296E0,
-2.272532869566E-1));
#8449=CARTESIAN_POINT('',(8.644813992389E-1,3.066620662665E0,
3.464137926203E-1));
#8450=CARTESIAN_POINT('',(4.963056633370E-1,3.026664474034E0,
7.880426980240E-1));
#8451=CARTESIAN_POINT('',(-6.104063973776E-2,2.986708285402E0,
9.293033119853E-1));
#8452=CARTESIAN_POINT('',(-5.951208523890E-1,2.946752096771E0,
7.163531087513E-1));
#8453=CARTESIAN_POINT('',(-9.023663591534E-1,2.906795908139E0,
2.303596302188E-1));
#8454=CARTESIAN_POINT('',(-8.656682671356E-1,2.866839719508E0,
-3.434371218198E-1));
#8455=CARTESIAN_POINT('',(-4.990143249973E-1,2.826883530877E0,
-7.863302797140E-1));
#8456=CARTESIAN_POINT('',(5.784261066929E-2,2.786927342245E0,
-9.295078471032E-1));
#8457=CARTESIAN_POINT('',(5.926524083594E-1,2.746971153614E0,
-7.183966370147E-1));
#8458=CARTESIAN_POINT('',(9.015683656140E-1,2.707014964982E0,
-2.334632465368E-1));
#8459=CARTESIAN_POINT('',(8.668448860011E-1,2.667058776351E0,
3.404563866702E-1));
#8460=CARTESIAN_POINT('',(5.017170763664E-1,2.627102587720E0,
7.846085439158E-1));
#8461=CARTESIAN_POINT('',(-5.464388947731E-2,2.587146399088E0,9.297014041E-1));
#8462=CARTESIAN_POINT('',(-5.901769744219E-1,2.547190210457E0,
7.204315576109E-1));
#8463=CARTESIAN_POINT('',(-9.007595962713E-1,2.507234021825E0,
2.365644786609E-1));
#8464=CARTESIAN_POINT('',(-8.680116190861E-1,2.467277833194E0,
-3.374730387576E-1));
#8465=CARTESIAN_POINT('',(-5.044124778174E-1,2.427321644563E0,
-7.828722253367E-1));
#8466=CARTESIAN_POINT('',(5.143926071289E-2,2.387365455931E0,
-9.299037071032E-1));
#8467=CARTESIAN_POINT('',(5.877141855485E-1,2.347409267300E0,
-7.223842264481E-1));
#8468=CARTESIAN_POINT('',(7.958159894319E-1,2.320771808212E0,
-4.007534377798E-1));
#8469=CARTESIAN_POINT('',(8.427705458781E-1,2.307453078669E0,
-2.244373154218E-1));
#8470=CARTESIAN_POINT('',(6.104593367530E-2,3.624856547288E0,
-8.026123290692E-1));
#8471=CARTESIAN_POINT('',(2.289605508987E-1,3.611537817744E0,
-7.898409022983E-1));
#8472=CARTESIAN_POINT('',(5.559821166843E-1,3.584900358657E0,
-6.554466908071E-1));
#8473=CARTESIAN_POINT('',(8.349933626219E-1,3.544944170025E0,
-2.039969412326E-1));
#8474=CARTESIAN_POINT('',(7.956347280168E-1,3.504987981394E0,
3.251996863258E-1));
#8475=CARTESIAN_POINT('',(4.530424454303E-1,3.465031792762E0,
7.304462131257E-1));
#8476=CARTESIAN_POINT('',(-6.223791967402E-2,3.425075604131E0,
8.572771950364E-1));
#8477=CARTESIAN_POINT('',(-5.537938031206E-1,3.385119415500E0,
6.573508009976E-1));
#8478=CARTESIAN_POINT('',(-8.342676369610E-1,3.345163226868E0,
2.068702552386E-1));
#8479=CARTESIAN_POINT('',(-7.967540562612E-1,3.305207038237E0,
-3.224604042220E-1));
#8480=CARTESIAN_POINT('',(-4.555518248523E-1,3.265250849605E0,
-7.288829032932E-1));
#8481=CARTESIAN_POINT('',(5.928735785431E-2,3.225294660974E0,
-8.574863025846E-1));
#8482=CARTESIAN_POINT('',(5.515287236571E-1,3.185338472343E0,
-6.592524681592E-1));
#8483=CARTESIAN_POINT('',(8.335508459768E-1,3.145382283711E0,
-2.097396890379E-1));
#8484=CARTESIAN_POINT('',(7.978589101335E-1,3.105426095080E0,
3.197169207788E-1));
#8485=CARTESIAN_POINT('',(4.580571611972E-1,3.065469906449E0,
7.273110661926E-1));
#8486=CARTESIAN_POINT('',(-5.633645598147E-2,3.025513717817E0,
8.576852299387E-1));
#8487=CARTESIAN_POINT('',(-5.492570171005E-1,2.985557529186E0,
6.611463371244E-1));
#8488=CARTESIAN_POINT('',(-8.328242117056E-1,2.945601340554E0,
2.126066375366E-1));
#8489=CARTESIAN_POINT('',(-7.989543103669E-1,2.905645151923E0,
-3.169696513491E-1));
#8490=CARTESIAN_POINT('',(-4.605570759925E-1,2.865688963292E0,
-7.257306178363E-1));
#8491=CARTESIAN_POINT('',(5.338488757364E-2,2.825732774660E0,
-8.578740022668E-1));
#8492=CARTESIAN_POINT('',(5.469788072224E-1,2.785776586029E0,
-6.630323779745E-1));
#8493=CARTESIAN_POINT('',(8.320877166737E-1,2.745820397397E0,
-2.154710692469E-1));
#8494=CARTESIAN_POINT('',(8.000402514253E-1,2.705864208766E0,
3.142186307951E-1));
#8495=CARTESIAN_POINT('',(4.630515359815E-1,2.665908020135E0,
7.241415700572E-1));
#8496=CARTESIAN_POINT('',(-5.043268038180E-2,2.625951831503E0,
8.580526425182E-1));
#8497=CARTESIAN_POINT('',(-5.446941461236E-1,2.585995642872E0,
6.649104745194E-1));
#8498=CARTESIAN_POINT('',(-8.313412762913E-1,2.546039454240E0,
2.183333005047E-1));
#8499=CARTESIAN_POINT('',(-8.011170685650E-1,2.506083265609E0,
-3.114651988344E-1));
#8500=CARTESIAN_POINT('',(-4.655392124844E-1,2.466127076978E0,
-7.225390633400E-1));
#8501=CARTESIAN_POINT('',(4.747502089298E-2,2.426170888346E0,
-8.582393547526E-1));
#8502=CARTESIAN_POINT('',(5.424211555790E-1,2.386214699715E0,
-6.667126581542E-1));
#8503=CARTESIAN_POINT('',(7.344852978375E-1,2.359577240627E0,
-3.698688038641E-1));
#8504=CARTESIAN_POINT('',(7.778212345793E-1,2.346258511084E0,
-2.071407343563E-1));
#8505=B_SPLINE_SURFACE_WITH_KNOTS('',3,3,((#8365,#8366,#8367,#8368,#8369,#8370,
#8371,#8372,#8373,#8374,#8375,#8376,#8377,#8378,#8379,#8380,#8381,#8382,#8383,
#8384,#8385,#8386,#8387,#8388,#8389,#8390,#8391,#8392,#8393,#8394,#8395,#8396,
#8397,#8398,#8399),(#8400,#8401,#8402,#8403,#8404,#8405,#8406,#8407,#8408,#8409,
#8410,#8411,#8412,#8413,#8414,#8415,#8416,#8417,#8418,#8419,#8420,#8421,#8422,
#8423,#8424,#8425,#8426,#8427,#8428,#8429,#8430,#8431,#8432,#8433,#8434),(#8435,
#8436,#8437,#8438,#8439,#8440,#8441,#8442,#8443,#8444,#8445,#8446,#8447,#8448,
#8449,#8450,#8451,#8452,#8453,#8454,#8455,#8456,#8457,#8458,#8459,#8460,#8461,
#8462,#8463,#8464,#8465,#8466,#8467,#8468,#8469),(#8470,#8471,#8472,#8473,#8474,
#8475,#8476,#8477,#8478,#8479,#8480,#8481,#8482,#8483,#8484,#8485,#8486,#8487,
#8488,#8489,#8490,#8491,#8492,#8493,#8494,#8495,#8496,#8497,#8498,#8499,#8500,
#8501,#8502,#8503,#8504)),.UNSPECIFIED.,.F.,.F.,.F.,(4,4),(4,1,1,1,1,1,1,1,1,1,
1,1,1,1,1,1,1,1,1,1,1,1,1,1,1,1,1,1,1,1,1,1,4),(-3.485130413038E-2,
1.034851304130E0),(-2.E-2,1.25E-2,4.5E-2,7.75E-2,1.1E-1,1.425E-1,1.75E-1,
2.075E-1,2.4E-1,2.725E-1,3.05E-1,3.375E-1,3.7E-1,4.025E-1,4.35E-1,4.675E-1,
5.E-1,5.325E-1,5.65E-1,5.975E-1,6.3E-1,6.625E-1,6.95E-1,7.275E-1,7.6E-1,
7.925E-1,8.25E-1,8.575E-1,8.9E-1,9.225E-1,9.55E-1,9.875E-1,1.02E0),
.UNSPECIFIED.);
#8506=ORIENTED_EDGE('',*,*,#7457,.T.);
#8507=ORIENTED_EDGE('',*,*,#7601,.T.);
#8508=ORIENTED_EDGE('',*,*,#7473,.T.);
#8509=ORIENTED_EDGE('',*,*,#7659,.T.);
#8510=ORIENTED_EDGE('',*,*,#7489,.T.);
#8511=ORIENTED_EDGE('',*,*,#7675,.T.);
#8513=ORIENTED_EDGE('',*,*,#8512,.F.);
#8514=ORIENTED_EDGE('',*,*,#8040,.F.);
#8515=ORIENTED_EDGE('',*,*,#8356,.T.);
#8516=ORIENTED_EDGE('',*,*,#7627,.T.);
#8517=EDGE_LOOP('',(#8506,#8507,#8508,#8509,#8510,#8511,#8513,#8514,#8515,
#8516));
#8518=FACE_OUTER_BOUND('',#8517,.F.);
#8519=ADVANCED_FACE('',(#8518),#8505,.F.);
#8520=CARTESIAN_POINT('',(5.158375992955E-1,2.279019061385E0,
-8.643458050787E-1));
#8521=CARTESIAN_POINT('',(6.966674841002E-1,2.265700331841E0,
-7.564273618926E-1));
#8522=CARTESIAN_POINT('',(9.877770639430E-1,2.239062872754E0,
-4.236614342267E-1));
#8523=CARTESIAN_POINT('',(1.048368926141E0,2.199106684122E0,2.372233821623E-1));
#8524=CARTESIAN_POINT('',(7.092530838777E-1,2.159150495491E0,
8.076206314191E-1));
#8525=CARTESIAN_POINT('',(9.983077947860E-2,2.119194306859E0,1.070205569149E0));
#8526=CARTESIAN_POINT('',(-5.476509590061E-1,2.079238118228E0,
9.248688631920E-1));
#8527=CARTESIAN_POINT('',(-9.863892958784E-1,2.039281929597E0,
4.270128734907E-1));
#8528=CARTESIAN_POINT('',(-1.049158659819E0,1.999325740965E0,
-2.336025761832E-1));
#8529=CARTESIAN_POINT('',(-7.120332983359E-1,1.959369552334E0,
-8.051785854683E-1));
#8530=CARTESIAN_POINT('',(-1.035112314273E-1,1.919413363702E0,
-1.069854858533E0));
#8531=CARTESIAN_POINT('',(5.444649167478E-1,1.879457175071E0,
-9.267480481718E-1));
#8532=CARTESIAN_POINT('',(9.849142397983E-1,1.839500986440E0,
-4.304043800901E-1));
#8533=CARTESIAN_POINT('',(1.049956230827E0,1.799544797808E0,2.299910950611E-1));
#8534=CARTESIAN_POINT('',(7.147996538040E-1,1.759588609177E0,
8.027237664761E-1));
#8535=CARTESIAN_POINT('',(1.071919123598E-1,1.719632420546E0,1.069492348873E0));
#8536=CARTESIAN_POINT('',(-5.412728177539E-1,1.679676231914E0,
9.286160278229E-1));
#8537=CARTESIAN_POINT('',(-9.834274178665E-1,1.639720043283E0,
4.337908530117E-1));
#8538=CARTESIAN_POINT('',(-1.050741398301E0,1.599763854651E0,
-2.263769075353E-1));
#8539=CARTESIAN_POINT('',(-7.175575385211E-1,1.559807666020E0,
-8.002594387349E-1));
#8540=CARTESIAN_POINT('',(-1.108713261479E-1,1.519851477389E0,
-1.069117177573E0));
#8541=CARTESIAN_POINT('',(5.380743106183E-1,1.479895288757E0,
-9.304730123509E-1));
#8542=CARTESIAN_POINT('',(9.819289519420E-1,1.439939100126E0,
-4.371721897561E-1));
#8543=CARTESIAN_POINT('',(1.051514125124E0,1.399982911494E0,2.227600391080E-1));
#8544=CARTESIAN_POINT('',(7.203069268524E-1,1.360026722863E0,
7.977856381804E-1));
#8545=CARTESIAN_POINT('',(1.145494289690E-1,1.320070534232E0,1.068729339337E0));
#8546=CARTESIAN_POINT('',(-5.348694391993E-1,1.280114345600E0,
9.323190119708E-1));
#8547=CARTESIAN_POINT('',(-9.804188355593E-1,1.240158156969E0,
4.405482312197E-1));
#8548=CARTESIAN_POINT('',(-1.052274492991E0,1.200201968337E0,
-2.191400885330E-1));
#8549=CARTESIAN_POINT('',(-7.230474470803E-1,1.160245779706E0,
-7.953040513164E-1));
#8550=CARTESIAN_POINT('',(-1.182274430896E-1,1.120289591075E0,
-1.068322653969E0));
#8551=CARTESIAN_POINT('',(5.316629655408E-1,1.080333402443E0,
-9.341770867530E-1));
#8552=CARTESIAN_POINT('',(9.788794560229E-1,1.040377213812E0,
-4.438327945063E-1));
#8553=CARTESIAN_POINT('',(1.028352012743E0,1.013739754724E0,
-4.480525565807E-3));
#8554=CARTESIAN_POINT('',(9.861276874919E-1,1.000421025181E0,
2.018273607965E-1));
#8555=CARTESIAN_POINT('',(4.813929002117E-1,2.317824493800E0,
-8.066297114846E-1));
#8556=CARTESIAN_POINT('',(6.501479944700E-1,2.304505764256E0,
-7.059174477360E-1));
#8557=CARTESIAN_POINT('',(9.218189333688E-1,2.277868305169E0,
-3.953717348421E-1));
#8558=CARTESIAN_POINT('',(9.783648158567E-1,2.237912116537E0,
2.213829548158E-1));
#8559=CARTESIAN_POINT('',(6.618931995230E-1,2.197955927906E0,
7.536923220809E-1));
#8560=CARTESIAN_POINT('',(9.316464819399E-2,2.157999739274E0,
9.987433321245E-1));
#8561=CARTESIAN_POINT('',(-5.110819448208E-1,2.118043550643E0,
8.631113842333E-1));
#8562=CARTESIAN_POINT('',(-9.205238325574E-1,2.078087362012E0,
3.984993840662E-1));
#8563=CARTESIAN_POINT('',(-9.791018156141E-1,2.038131173380E0,
-2.180039256528E-1));
#8564=CARTESIAN_POINT('',(-6.644877670828E-1,1.998174984749E0,
-7.514133420602E-1));
#8565=CARTESIAN_POINT('',(-9.659934050818E-2,1.958218796117E0,
-9.984160399672E-1));
#8566=CARTESIAN_POINT('',(5.081086483318E-1,1.918262607486E0,
-8.648650879351E-1));
#8567=CARTESIAN_POINT('',(9.191472723272E-1,1.878306418855E0,
-4.016644251570E-1));
#8568=CARTESIAN_POINT('',(9.798461293703E-1,1.838350230223E0,
2.146335986860E-1));
#8569=CARTESIAN_POINT('',(6.670694010770E-1,1.798394041592E0,
7.491224419091E-1));
#8570=CARTESIAN_POINT('',(1.000342465159E-1,1.758437852960E0,
9.980777366389E-1));
#8571=CARTESIAN_POINT('',(-5.051296995414E-1,1.718481664329E0,
8.666083345364E-1));
#8572=CARTESIAN_POINT('',(-9.177597319020E-1,1.678525475698E0,
4.048247686904E-1));
#8573=CARTESIAN_POINT('',(-9.805788678286E-1,1.638569287066E0,
-2.112607460336E-1));
#8574=CARTESIAN_POINT('',(-6.696431299487E-1,1.598613098435E0,
-7.468226679492E-1));
#8575=CARTESIAN_POINT('',(-1.034679699920E-1,1.558656909803E0,
-9.977276171435E-1));
#8576=CARTESIAN_POINT('',(5.021447705087E-1,1.518700721172E0,
-8.683413202063E-1));
#8577=CARTESIAN_POINT('',(9.163613250038E-1,1.478744532541E0,
-4.079803190113E-1));
#8578=CARTESIAN_POINT('',(9.812999963525E-1,1.438788343909E0,
2.078853914952E-1));
#8579=CARTESIAN_POINT('',(6.722089297749E-1,1.398832155278E0,
7.445140537165E-1));
#8580=CARTESIAN_POINT('',(1.069004700400E-1,1.358875966647E0,
9.973656765369E-1));
#8581=CARTESIAN_POINT('',(-4.991539021631E-1,1.318919778015E0,
8.700640544778E-1));
#8582=CARTESIAN_POINT('',(-9.149520455986E-1,1.278963589384E0,
4.111309276400E-1));
#8583=CARTESIAN_POINT('',(-9.820095911808E-1,1.239007400752E0,
-2.045071606172E-1));
#8584=CARTESIAN_POINT('',(-6.747664536591E-1,1.199051212121E0,
-7.421981730998E-1));
#8585=CARTESIAN_POINT('',(-1.103328873103E-1,1.159095023490E0,
-9.969861473041E-1));
#8586=CARTESIAN_POINT('',(4.961615385663E-1,1.119138834858E0,
-8.717980576009E-1));
#8587=CARTESIAN_POINT('',(9.135154570665E-1,1.079182646227E0,
-4.141961664839E-1));
#8588=CARTESIAN_POINT('',(9.596845180132E-1,1.052545187139E0,
-4.181341568630E-3));
#8589=CARTESIAN_POINT('',(9.202796928900E-1,1.039226457595E0,
1.883504783067E-1));
#8590=CARTESIAN_POINT('',(4.469482011279E-1,2.356629926215E0,
-7.489136178905E-1));
#8591=CARTESIAN_POINT('',(6.036285048398E-1,2.343311196671E0,
-6.554075335794E-1));
#8592=CARTESIAN_POINT('',(8.558608027947E-1,2.316673737583E0,
-3.670820354575E-1));
#8593=CARTESIAN_POINT('',(9.083607055726E-1,2.276717548952E0,
2.055425274694E-1));
#8594=CARTESIAN_POINT('',(6.145333151683E-1,2.236761360321E0,
6.997640127426E-1));
#8595=CARTESIAN_POINT('',(8.649851690934E-2,2.196805171689E0,
9.272810950997E-1));
#8596=CARTESIAN_POINT('',(-4.745129306356E-1,2.156848983058E0,
8.013539052745E-1));
#8597=CARTESIAN_POINT('',(-8.546583692363E-1,2.116892794427E0,
3.699858946416E-1));
#8598=CARTESIAN_POINT('',(-9.090449714097E-1,2.076936605795E0,
-2.024052751225E-1));
#8599=CARTESIAN_POINT('',(-6.169422358296E-1,2.036980417164E0,
-6.976480986521E-1));
#8600=CARTESIAN_POINT('',(-8.968744958901E-2,1.997024228532E0,
-9.269772214014E-1));
#8601=CARTESIAN_POINT('',(4.717523799158E-1,1.957068039901E0,
-8.029821276984E-1));
#8602=CARTESIAN_POINT('',(8.533803048562E-1,1.917111851270E0,
-3.729244702238E-1));
#8603=CARTESIAN_POINT('',(9.097360279131E-1,1.877155662638E0,
1.992761023109E-1));
#8604=CARTESIAN_POINT('',(6.193391483499E-1,1.837199474007E0,
6.955211173422E-1));
#8605=CARTESIAN_POINT('',(9.287658067202E-2,1.797243285375E0,
9.266631244050E-1));
#8606=CARTESIAN_POINT('',(-4.689865813290E-1,1.757287096744E0,
8.046006412499E-1));
#8607=CARTESIAN_POINT('',(-8.520920459377E-1,1.717330908113E0,
3.758586843691E-1));
#8608=CARTESIAN_POINT('',(-9.104163373562E-1,1.677374719481E0,
-1.961445845320E-1));
#8609=CARTESIAN_POINT('',(-6.217287213762E-1,1.637418530850E0,
-6.933858971636E-1));
#8610=CARTESIAN_POINT('',(-9.606461383607E-2,1.597462342218E0,
-9.263380567137E-1));
#8611=CARTESIAN_POINT('',(4.662152303990E-1,1.557506153587E0,
-8.062096280617E-1));
#8612=CARTESIAN_POINT('',(8.507936980656E-1,1.517549964956E0,
-3.787884482664E-1));
#8613=CARTESIAN_POINT('',(9.110858675807E-1,1.477593776324E0,
1.930107438824E-1));
#8614=CARTESIAN_POINT('',(6.241109326973E-1,1.437637587693E0,
6.912424692526E-1));
#8615=CARTESIAN_POINT('',(9.925151111096E-2,1.397681399061E0,
9.260020137373E-1));
#8616=CARTESIAN_POINT('',(-4.634383651268E-1,1.357725210430E0,
8.078090969848E-1));
#8617=CARTESIAN_POINT('',(-8.494852556378E-1,1.317769021799E0,
3.817136240604E-1));
#8618=CARTESIAN_POINT('',(-9.117446893704E-1,1.277812833167E0,
-1.898742327015E-1));
#8619=CARTESIAN_POINT('',(-6.264854602378E-1,1.237856644536E0,
-6.890922948832E-1));
#8620=CARTESIAN_POINT('',(-1.024383315311E-1,1.197900455905E0,
-9.256496406387E-1));
#8621=CARTESIAN_POINT('',(4.606601115919E-1,1.157944267273E0,
-8.094190284489E-1));
#8622=CARTESIAN_POINT('',(8.481514581101E-1,1.117988078642E0,
-3.845595384615E-1));
#8623=CARTESIAN_POINT('',(8.910170232832E-1,1.091350619554E0,
-3.882157571453E-3));
#8624=CARTESIAN_POINT('',(8.544316982881E-1,1.078031890010E0,
1.748735958169E-1));
#8625=CARTESIAN_POINT('',(4.125035020441E-1,2.395435358630E0,
-6.911975242964E-1));
#8626=CARTESIAN_POINT('',(5.571090152096E-1,2.382116629086E0,
-6.048976194229E-1));
#8627=CARTESIAN_POINT('',(7.899026722205E-1,2.355479169998E0,
-3.387923360728E-1));
#8628=CARTESIAN_POINT('',(8.383565952886E-1,2.315522981367E0,
1.897021001229E-1));
#8629=CARTESIAN_POINT('',(5.671734308137E-1,2.275566792736E0,
6.458357034044E-1));
#8630=CARTESIAN_POINT('',(7.983238562474E-2,2.235610604104E0,
8.558188580749E-1));
#8631=CARTESIAN_POINT('',(-4.379439164503E-1,2.195654415473E0,
7.395964263157E-1));
#8632=CARTESIAN_POINT('',(-7.887929059153E-1,2.155698226842E0,
3.414724052170E-1));
#8633=CARTESIAN_POINT('',(-8.389881272053E-1,2.115742038210E0,
-1.868066245922E-1));
#8634=CARTESIAN_POINT('',(-5.693967045765E-1,2.075785849579E0,
-6.438828552440E-1));
#8635=CARTESIAN_POINT('',(-8.277555866990E-2,2.035829660947E0,
-8.555384028355E-1));
#8636=CARTESIAN_POINT('',(4.353961114998E-1,1.995873472316E0,
-7.410991674618E-1));
#8637=CARTESIAN_POINT('',(7.876133373852E-1,1.955917283685E0,
-3.441845152907E-1));
#8638=CARTESIAN_POINT('',(8.396259264560E-1,1.915961095053E0,
1.839186059358E-1));
#8639=CARTESIAN_POINT('',(5.716088956229E-1,1.876004906422E0,
6.419197927752E-1));
#8640=CARTESIAN_POINT('',(8.571891482818E-2,1.836048717790E0,
8.552485121711E-1));
#8641=CARTESIAN_POINT('',(-4.328434631165E-1,1.796092529159E0,
7.425929479634E-1));
#8642=CARTESIAN_POINT('',(-7.864243599732E-1,1.756136340528E0,
3.468926000477E-1));
#8643=CARTESIAN_POINT('',(-8.402538068838E-1,1.716180151896E0,
-1.810284230304E-1));
#8644=CARTESIAN_POINT('',(-5.738143128037E-1,1.676223963265E0,
-6.399491263779E-1));
#8645=CARTESIAN_POINT('',(-8.866125768018E-2,1.636267774633E0,
-8.549484962840E-1));
#8646=CARTESIAN_POINT('',(4.302856902893E-1,1.596311586002E0,
-7.440779359171E-1));
#8647=CARTESIAN_POINT('',(7.852260711273E-1,1.556355397371E0,
-3.495965775216E-1));
#8648=CARTESIAN_POINT('',(8.408717388089E-1,1.516399208739E0,
1.781360962695E-1));
#8649=CARTESIAN_POINT('',(5.760129356197E-1,1.476443020108E0,
6.379708847888E-1));
#8650=CARTESIAN_POINT('',(9.160255218193E-2,1.436486831476E0,
8.546383509377E-1));
#8651=CARTESIAN_POINT('',(-4.277228280905E-1,1.396530642845E0,
7.455541394917E-1));
#8652=CARTESIAN_POINT('',(-7.840184656771E-1,1.356574454214E0,
3.522963204808E-1));
#8653=CARTESIAN_POINT('',(-8.414797875599E-1,1.316618265582E0,
-1.752413047858E-1));
#8654=CARTESIAN_POINT('',(-5.782044668166E-1,1.276662076951E0,
-6.359864166666E-1));
#8655=CARTESIAN_POINT('',(-9.454377575183E-2,1.236705888320E0,
-8.543131339733E-1));
#8656=CARTESIAN_POINT('',(4.251586846175E-1,1.196749699688E0,
-7.470399992968E-1));
#8657=CARTESIAN_POINT('',(7.827874591537E-1,1.156793511057E0,
-3.549229104390E-1));
#8658=CARTESIAN_POINT('',(8.223495285532E-1,1.130156051969E0,
-3.582973574276E-3));
#8659=CARTESIAN_POINT('',(7.885837036862E-1,1.116837322425E0,
1.613967133271E-1));
#8660=B_SPLINE_SURFACE_WITH_KNOTS('',3,3,((#8520,#8521,#8522,#8523,#8524,#8525,
#8526,#8527,#8528,#8529,#8530,#8531,#8532,#8533,#8534,#8535,#8536,#8537,#8538,
#8539,#8540,#8541,#8542,#8543,#8544,#8545,#8546,#8547,#8548,#8549,#8550,#8551,
#8552,#8553,#8554),(#8555,#8556,#8557,#8558,#8559,#8560,#8561,#8562,#8563,#8564,
#8565,#8566,#8567,#8568,#8569,#8570,#8571,#8572,#8573,#8574,#8575,#8576,#8577,
#8578,#8579,#8580,#8581,#8582,#8583,#8584,#8585,#8586,#8587,#8588,#8589),(#8590,
#8591,#8592,#8593,#8594,#8595,#8596,#8597,#8598,#8599,#8600,#8601,#8602,#8603,
#8604,#8605,#8606,#8607,#8608,#8609,#8610,#8611,#8612,#8613,#8614,#8615,#8616,
#8617,#8618,#8619,#8620,#8621,#8622,#8623,#8624),(#8625,#8626,#8627,#8628,#8629,
#8630,#8631,#8632,#8633,#8634,#8635,#8636,#8637,#8638,#8639,#8640,#8641,#8642,
#8643,#8644,#8645,#8646,#8647,#8648,#8649,#8650,#8651,#8652,#8653,#8654,#8655,
#8656,#8657,#8658,#8659)),.UNSPECIFIED.,.F.,.F.,.F.,(4,4),(4,1,1,1,1,1,1,1,1,1,
1,1,1,1,1,1,1,1,1,1,1,1,1,1,1,1,1,1,1,1,1,1,4),(-3.485130413038E-2,
1.034851304130E0),(-1.999999999999E-2,1.250000000001E-2,4.500000000001E-2,
7.750000000001E-2,1.1E-1,1.425E-1,1.75E-1,2.075E-1,2.4E-1,2.725E-1,3.05E-1,
3.375E-1,3.7E-1,4.025E-1,4.35E-1,4.675E-1,5.E-1,5.325E-1,5.65E-1,5.975E-1,
6.3E-1,6.625E-1,6.95E-1,7.275E-1,7.6E-1,7.925E-1,8.25E-1,8.575E-1,8.9E-1,
9.225E-1,9.55E-1,9.875E-1,1.02E0),.UNSPECIFIED.);
#8661=ORIENTED_EDGE('',*,*,#7505,.T.);
#8662=ORIENTED_EDGE('',*,*,#7645,.T.);
#8663=ORIENTED_EDGE('',*,*,#7521,.T.);
#8664=ORIENTED_EDGE('',*,*,#7689,.T.);
#8665=ORIENTED_EDGE('',*,*,#7537,.T.);
#8666=ORIENTED_EDGE('',*,*,#7705,.T.);
#8668=ORIENTED_EDGE('',*,*,#8667,.F.);
#8670=ORIENTED_EDGE('',*,*,#8669,.F.);
#8671=ORIENTED_EDGE('',*,*,#8512,.T.);
#8672=ORIENTED_EDGE('',*,*,#7673,.T.);
#8673=EDGE_LOOP('',(#8661,#8662,#8663,#8664,#8665,#8666,#8668,#8670,#8671,
#8672));
#8674=FACE_OUTER_BOUND('',#8673,.F.);
#8675=ADVANCED_FACE('',(#8674),#8660,.F.);
#8676=CARTESIAN_POINT('',(8.962671569231E-1,1.043355495648E0,
-4.581345686861E-1));
#8677=CARTESIAN_POINT('',(9.677805764472E-1,1.033418053688E0,
-3.182299782453E-1));
#8678=CARTESIAN_POINT('',(1.044017594348E0,1.013543169770E0,
-4.448245946657E-3));
#8679=CARTESIAN_POINT('',(9.336300012835E-1,9.837308438919E-1,
4.672851425722E-1));
#8680=CARTESIAN_POINT('',(6.222009646221E-1,9.539185180140E-1,
8.383760336451E-1));
#8681=CARTESIAN_POINT('',(1.768046466295E-1,9.241061921361E-1,
1.028956877007E0));
#8682=CARTESIAN_POINT('',(-3.066619055009E-1,8.942938662582E-1,
9.979828115949E-1));
#8683=CARTESIAN_POINT('',(-7.240983609281E-1,8.644815403803E-1,
7.521256234449E-1));
#8684=CARTESIAN_POINT('',(-9.856234849712E-1,8.346692145024E-1,
3.443221150708E-1));
#8685=CARTESIAN_POINT('',(-1.034926121209E0,8.048568886245E-1,
-1.376201011351E-1));
#8686=CARTESIAN_POINT('',(-8.613905497804E-1,7.750445627466E-1,
-5.899302439064E-1));
#8687=CARTESIAN_POINT('',(-5.023820946108E-1,7.452322368687E-1,
-9.152177892004E-1));
#8688=CARTESIAN_POINT('',(-3.520173666696E-2,7.154199109908E-1,
-1.043442479852E0));
#8689=CARTESIAN_POINT('',(4.395581885838E-1,6.856075851129E-1,
-9.469952321883E-1));
#8690=CARTESIAN_POINT('',(8.196733278690E-1,6.557952592350E-1,
-6.466428740293E-1));
#8691=CARTESIAN_POINT('',(1.023298053217E0,6.259829333570E-1,
-2.070566715533E-1));
#8692=CARTESIAN_POINT('',(1.006588297910E0,5.961706074791E-1,
2.771125573880E-1));
#8693=CARTESIAN_POINT('',(7.731419728878E-1,5.663582816012E-1,
7.016144672902E-1));
#8694=CARTESIAN_POINT('',(3.732242717775E-1,5.365459557233E-1,
9.750461598855E-1));
#8695=CARTESIAN_POINT('',(-1.070553295919E-1,5.067336298454E-1,
1.038532872546E0));
#8696=CARTESIAN_POINT('',(-5.642839925094E-1,4.769213039675E-1,
8.784047738659E-1));
#8697=CARTESIAN_POINT('',(-9.000121599901E-1,4.471089780896E-1,
5.291403243076E-1));
#8698=CARTESIAN_POINT('',(-1.041951517678E0,4.172966522116E-1,
6.594244332699E-2));
#8699=CARTESIAN_POINT('',(-9.595399680219E-1,3.874843263337E-1,
-4.114540319681E-1));
#8700=CARTESIAN_POINT('',(-6.705222012713E-1,3.576720004558E-1,
-8.002570521580E-1));
#8701=CARTESIAN_POINT('',(-2.371289385989E-1,3.278596745779E-1,
-1.016750330748E0));
#8702=CARTESIAN_POINT('',(2.473224399850E-1,2.980473487E-1,-1.014318975339E0));
#8703=CARTESIAN_POINT('',(6.785208875770E-1,2.682350228221E-1,
-7.934864805797E-1));
#8704=CARTESIAN_POINT('',(9.636214324044E-1,2.384226969442E-1,
-4.018021298288E-1));
#8705=CARTESIAN_POINT('',(1.041237501391E0,2.086103710662E-1,
7.639766690008E-2));
#8706=CARTESIAN_POINT('',(8.946543335156E-1,1.787980451883E-1,
5.381468551322E-1));
#8707=CARTESIAN_POINT('',(5.554437185973E-1,1.489857193104E-1,
8.840263905766E-1));
#8708=CARTESIAN_POINT('',(9.660724305790E-2,1.191733934325E-1,
1.039547769363E0));
#8709=CARTESIAN_POINT('',(-2.230795159465E-1,9.929850951389E-2,
9.940347543057E-1));
#8710=CARTESIAN_POINT('',(-3.692481345025E-1,8.936106755459E-2,
9.363962381228E-1));
#8711=CARTESIAN_POINT('',(8.364195371275E-1,1.082160928063E0,
-4.275429495799E-1));
#8712=CARTESIAN_POINT('',(9.031576975016E-1,1.072223486103E0,
-2.969803914469E-1));
#8713=CARTESIAN_POINT('',(9.743040412360E-1,1.052348602185E0,
-4.151217398733E-3));
#8714=CARTESIAN_POINT('',(8.712875033854E-1,1.022536276307E0,
4.360825002207E-1));
#8715=CARTESIAN_POINT('',(5.806539253498E-1,9.927239504290E-1,
7.823940535850E-1));
#8716=CARTESIAN_POINT('',(1.649986385795E-1,9.629116245511E-1,
9.602489928840E-1));
#8717=CARTESIAN_POINT('',(-2.861847687628E-1,9.330992986732E-1,
9.313431992767E-1));
#8718=CARTESIAN_POINT('',(-6.757471934613E-1,9.032869727953E-1,
7.019029548993E-1));
#8719=CARTESIAN_POINT('',(-9.198091581440E-1,8.734746469174E-1,
3.213302438739E-1));
#8720=CARTESIAN_POINT('',(-9.658196449311E-1,8.436623210395E-1,
-1.284306140214E-1));
#8721=CARTESIAN_POINT('',(-8.038717913158E-1,8.138499951616E-1,
-5.505380597005E-1));
#8722=CARTESIAN_POINT('',(-4.688358775503E-1,7.840376692837E-1,
-8.541047540354E-1));
#8723=CARTESIAN_POINT('',(-3.285116503671E-2,7.542253434057E-1,
-9.737673296130E-1));
#8724=CARTESIAN_POINT('',(4.102069944168E-1,7.244130175278E-1,
-8.837602802362E-1));
#8725=CARTESIAN_POINT('',(7.649402080576E-1,6.946006916499E-1,
-6.034637431535E-1));
#8726=CARTESIAN_POINT('',(9.549680331402E-1,6.647883657720E-1,
-1.932306054529E-1));
#8727=CARTESIAN_POINT('',(9.393740601922E-1,6.349760398941E-1,
2.586085579420E-1));
#8728=CARTESIAN_POINT('',(7.215159521372E-1,6.051637140162E-1,
6.547646462774E-1));
#8729=CARTESIAN_POINT('',(3.483024790472E-1,5.753513881383E-1,
9.099381266286E-1));
#8730=CARTESIAN_POINT('',(-9.990678396798E-2,5.455390622603E-1,
9.691855579406E-1));
#8731=CARTESIAN_POINT('',(-5.266043190107E-1,5.157267363824E-1,
8.197499023503E-1));
#8732=CARTESIAN_POINT('',(-8.399144702037E-1,4.859144105045E-1,
4.938073449575E-1));
#8733=CARTESIAN_POINT('',(-9.723759254077E-1,4.561020846266E-1,
6.153918226120E-2));
#8734=CARTESIAN_POINT('',(-8.954673500070E-1,4.262897587487E-1,
-3.839794734301E-1));
#8735=CARTESIAN_POINT('',(-6.257485448272E-1,3.964774328708E-1,
-7.468204407343E-1));
#8736=CARTESIAN_POINT('',(-2.212948176561E-1,3.666651069929E-1,
-9.488575303127E-1));
#8737=CARTESIAN_POINT('',(2.308076550341E-1,3.368527811149E-1,
-9.465885269805E-1));
#8738=CARTESIAN_POINT('',(6.332131243845E-1,3.070404552370E-1,
-7.405019693925E-1));
#8739=CARTESIAN_POINT('',(8.992762774270E-1,2.772281293591E-1,
-3.749720703835E-1));
#8740=CARTESIAN_POINT('',(9.717095870641E-1,2.474158034812E-1,
7.129626550811E-2));
#8741=CARTESIAN_POINT('',(8.349144088880E-1,2.176034776033E-1,
5.022124709128E-1));
#8742=CARTESIAN_POINT('',(5.183543482777E-1,1.877911517254E-1,
8.249961394914E-1));
#8743=CARTESIAN_POINT('',(9.015636118928E-2,1.579788258475E-1,
9.701326857247E-1));
#8744=CARTESIAN_POINT('',(-2.081835354886E-1,1.381039419288E-1,
9.276587707836E-1));
#8745=CARTESIAN_POINT('',(-3.445918455899E-1,1.281664999695E-1,
8.738690266722E-1));
#8746=CARTESIAN_POINT('',(7.765719173319E-1,1.120966360478E0,
-3.969513304737E-1));
#8747=CARTESIAN_POINT('',(8.385348185560E-1,1.111028918518E0,
-2.757308046486E-1));
#8748=CARTESIAN_POINT('',(9.045904881242E-1,1.091154034600E0,
-3.854188850808E-3));
#8749=CARTESIAN_POINT('',(8.089450054874E-1,1.061341708722E0,
4.048798578693E-1));
#8750=CARTESIAN_POINT('',(5.391068860775E-1,1.031529382844E0,
7.264120735250E-1));
#8751=CARTESIAN_POINT('',(1.531926305295E-1,1.001717056966E0,
8.915411087610E-1));
#8752=CARTESIAN_POINT('',(-2.657076320246E-1,9.719047310881E-1,
8.647035869585E-1));
#8753=CARTESIAN_POINT('',(-6.273960259944E-1,9.420924052102E-1,
6.516802863537E-1));
#8754=CARTESIAN_POINT('',(-8.539948313169E-1,9.122800793323E-1,
2.983383726770E-1));
#8755=CARTESIAN_POINT('',(-8.967131686531E-1,8.824677534544E-1,
-1.192411269077E-1));
#8756=CARTESIAN_POINT('',(-7.463530328513E-1,8.526554275765E-1,
-5.111458754945E-1));
#8757=CARTESIAN_POINT('',(-4.352896604897E-1,8.228431016986E-1,
-7.929917188705E-1));
#8758=CARTESIAN_POINT('',(-3.050059340644E-2,7.930307758207E-1,
-9.040921793741E-1));
#8759=CARTESIAN_POINT('',(3.808558002497E-1,7.632184499428E-1,
-8.205253282841E-1));
#8760=CARTESIAN_POINT('',(7.102070882462E-1,7.334061240649E-1,
-5.602846122777E-1));
#8761=CARTESIAN_POINT('',(8.866380130637E-1,7.035937981870E-1,
-1.794045393524E-1));
#8762=CARTESIAN_POINT('',(8.721598224745E-1,6.737814723090E-1,
2.401045584961E-1));
#8763=CARTESIAN_POINT('',(6.698899313866E-1,6.439691464311E-1,
6.079148252646E-1));
#8764=CARTESIAN_POINT('',(3.233806863168E-1,6.141568205532E-1,
8.448300933717E-1));
#8765=CARTESIAN_POINT('',(-9.275823834406E-2,5.843444946753E-1,
8.998382433355E-1));
#8766=CARTESIAN_POINT('',(-4.889246455120E-1,5.545321687974E-1,
7.610950308347E-1));
#8767=CARTESIAN_POINT('',(-7.798167804173E-1,5.247198429195E-1,
4.584743656075E-1));
#8768=CARTESIAN_POINT('',(-9.028003331372E-1,4.949075170416E-1,
5.713592119540E-2));
#8769=CARTESIAN_POINT('',(-8.313947319920E-1,4.650951911636E-1,
-3.565049148921E-1));
#8770=CARTESIAN_POINT('',(-5.809748883831E-1,4.352828652857E-1,
-6.933838293106E-1));
#8771=CARTESIAN_POINT('',(-2.054606967133E-1,4.054705394078E-1,
-8.809647298774E-1));
#8772=CARTESIAN_POINT('',(2.142928700832E-1,3.756582135299E-1,
-8.788580786218E-1));
#8773=CARTESIAN_POINT('',(5.879053611920E-1,3.458458876520E-1,
-6.875174582054E-1));
#8774=CARTESIAN_POINT('',(8.349311224495E-1,3.160335617741E-1,
-3.481420109383E-1));
#8775=CARTESIAN_POINT('',(9.021816727377E-1,2.862212358961E-1,
6.619486411614E-2));
#8776=CARTESIAN_POINT('',(7.751744842605E-1,2.564089100182E-1,
4.662780866933E-1));
#8777=CARTESIAN_POINT('',(4.812649779580E-1,2.265965841403E-1,
7.659658884063E-1));
#8778=CARTESIAN_POINT('',(8.370547932066E-2,1.967842582624E-1,
9.007176020863E-1));
#8779=CARTESIAN_POINT('',(-1.932875550308E-1,1.769093743438E-1,
8.612827872615E-1));
#8780=CARTESIAN_POINT('',(-3.199355566773E-1,1.669719323845E-1,
8.113418152215E-1));
#8781=CARTESIAN_POINT('',(7.167242975363E-1,1.159771792893E0,
-3.663597113676E-1));
#8782=CARTESIAN_POINT('',(7.739119396103E-1,1.149834350933E0,
-2.544812178502E-1));
#8783=CARTESIAN_POINT('',(8.348769350125E-1,1.129959467015E0,
-3.557160302884E-3));
#8784=CARTESIAN_POINT('',(7.466025075893E-1,1.100147141137E0,
3.736772155179E-1));
#8785=CARTESIAN_POINT('',(4.975598468052E-1,1.070334815259E0,
6.704300934650E-1));
#8786=CARTESIAN_POINT('',(1.413866224795E-1,1.040522489381E0,
8.228332246379E-1));
#8787=CARTESIAN_POINT('',(-2.452304952865E-1,1.010710163503E0,
7.980639746403E-1));
#8788=CARTESIAN_POINT('',(-5.790448585275E-1,9.808978376252E-1,
6.014576178081E-1));
#8789=CARTESIAN_POINT('',(-7.881805044897E-1,9.510855117473E-1,
2.753465014801E-1));
#8790=CARTESIAN_POINT('',(-8.276066923750E-1,9.212731858694E-1,
-1.100516397941E-1));
#8791=CARTESIAN_POINT('',(-6.888342743867E-1,8.914608599915E-1,
-4.717536912886E-1));
#8792=CARTESIAN_POINT('',(-4.017434434292E-1,8.616485341136E-1,
-7.318786837055E-1));
#8793=CARTESIAN_POINT('',(-2.815002177619E-2,8.318362082357E-1,
-8.344170291353E-1));
#8794=CARTESIAN_POINT('',(3.515046060827E-1,8.020238823577E-1,
-7.572903763320E-1));
#8795=CARTESIAN_POINT('',(6.554739684348E-1,7.722115564798E-1,
-5.171054814020E-1));
#8796=CARTESIAN_POINT('',(8.183079929872E-1,7.423992306019E-1,
-1.655784732520E-1));
#8797=CARTESIAN_POINT('',(8.049455847567E-1,7.125869047240E-1,
2.216005590501E-1));
#8798=CARTESIAN_POINT('',(6.182639106359E-1,6.827745788461E-1,
5.610650042519E-1));
#8799=CARTESIAN_POINT('',(2.984588935865E-1,6.529622529682E-1,
7.797220601149E-1));
#8800=CARTESIAN_POINT('',(-8.560969272010E-2,6.231499270903E-1,
8.304909287304E-1));
#8801=CARTESIAN_POINT('',(-4.512449720134E-1,5.933376012123E-1,
7.024401593191E-1));
#8802=CARTESIAN_POINT('',(-7.197190906309E-1,5.635252753344E-1,
4.231413862574E-1));
#8803=CARTESIAN_POINT('',(-8.332247408668E-1,5.337129494565E-1,
5.273266012961E-2));
#8804=CARTESIAN_POINT('',(-7.673221139771E-1,5.039006235786E-1,
-3.290303563540E-1));
#8805=CARTESIAN_POINT('',(-5.362012319390E-1,4.740882977007E-1,
-6.399472178870E-1));
#8806=CARTESIAN_POINT('',(-1.896265757704E-1,4.442759718228E-1,
-8.130719294422E-1));
#8807=CARTESIAN_POINT('',(1.977780851323E-1,4.144636459448E-1,
-8.111276302632E-1));
#8808=CARTESIAN_POINT('',(5.425975979995E-1,3.846513200669E-1,
-6.345329470182E-1));
#8809=CARTESIAN_POINT('',(7.705859674720E-1,3.548389941890E-1,
-3.213119514931E-1));
#8810=CARTESIAN_POINT('',(8.326537584112E-1,3.250266683111E-1,
6.109346272417E-2));
#8811=CARTESIAN_POINT('',(7.154345596329E-1,2.952143424332E-1,
4.303437024739E-1));
#8812=CARTESIAN_POINT('',(4.441756076383E-1,2.654020165553E-1,
7.069356373212E-1));
#8813=CARTESIAN_POINT('',(7.725459745205E-2,2.355896906774E-1,
8.313025184478E-1));
#8814=CARTESIAN_POINT('',(-1.783915745729E-1,2.157148067588E-1,
7.949068037394E-1));
#8815=CARTESIAN_POINT('',(-2.952792677648E-1,2.057773647995E-1,
7.488146037708E-1));
#8816=B_SPLINE_SURFACE_WITH_KNOTS('',3,3,((#8676,#8677,#8678,#8679,#8680,#8681,
#8682,#8683,#8684,#8685,#8686,#8687,#8688,#8689,#8690,#8691,#8692,#8693,#8694,
#8695,#8696,#8697,#8698,#8699,#8700,#8701,#8702,#8703,#8704,#8705,#8706,#8707,
#8708,#8709,#8710),(#8711,#8712,#8713,#8714,#8715,#8716,#8717,#8718,#8719,#8720,
#8721,#8722,#8723,#8724,#8725,#8726,#8727,#8728,#8729,#8730,#8731,#8732,#8733,
#8734,#8735,#8736,#8737,#8738,#8739,#8740,#8741,#8742,#8743,#8744,#8745),(#8746,
#8747,#8748,#8749,#8750,#8751,#8752,#8753,#8754,#8755,#8756,#8757,#8758,#8759,
#8760,#8761,#8762,#8763,#8764,#8765,#8766,#8767,#8768,#8769,#8770,#8771,#8772,
#8773,#8774,#8775,#8776,#8777,#8778,#8779,#8780),(#8781,#8782,#8783,#8784,#8785,
#8786,#8787,#8788,#8789,#8790,#8791,#8792,#8793,#8794,#8795,#8796,#8797,#8798,
#8799,#8800,#8801,#8802,#8803,#8804,#8805,#8806,#8807,#8808,#8809,#8810,#8811,
#8812,#8813,#8814,#8815)),.UNSPECIFIED.,.F.,.F.,.F.,(4,4),(4,1,1,1,1,1,1,1,1,1,
1,1,1,1,1,1,1,1,1,1,1,1,1,1,1,1,1,1,1,1,1,1,4),(-3.485130413038E-2,
1.034851304130E0),(-1.492250732568E-2,9.326567078556E-3,3.357564148279E-2,
5.782471588702E-2,8.207379029125E-2,1.063228646955E-1,1.305719390997E-1,
1.548210135039E-1,1.790700879082E-1,2.033191623124E-1,2.275682367166E-1,
2.518173111209E-1,2.760663855251E-1,3.003154599293E-1,3.245645343336E-1,
3.488136087378E-1,3.730626831420E-1,3.973117575463E-1,4.215608319505E-1,
4.458099063547E-1,4.700589807590E-1,4.943080551632E-1,5.185571295674E-1,
5.428062039716E-1,5.670552783759E-1,5.913043527801E-1,6.155534271843E-1,
6.398025015886E-1,6.640515759928E-1,6.883006503970E-1,7.125497248013E-1,
7.367987992055E-1,7.610478736097E-1),.UNSPECIFIED.);
#8817=ORIENTED_EDGE('',*,*,#7553,.T.);
#8818=ORIENTED_EDGE('',*,*,#7721,.T.);
#8819=ORIENTED_EDGE('',*,*,#7569,.T.);
#8820=ORIENTED_EDGE('',*,*,#7735,.T.);
#8821=ORIENTED_EDGE('',*,*,#7585,.T.);
#8823=ORIENTED_EDGE('',*,*,#8822,.T.);
#8825=ORIENTED_EDGE('',*,*,#8824,.F.);
#8826=ORIENTED_EDGE('',*,*,#8667,.T.);
#8827=ORIENTED_EDGE('',*,*,#7703,.T.);
#8828=EDGE_LOOP('',(#8817,#8818,#8819,#8820,#8821,#8823,#8825,#8826,#8827));
#8829=FACE_OUTER_BOUND('',#8828,.F.);
#8830=ADVANCED_FACE('',(#8829),#8816,.F.);
#8831=CARTESIAN_POINT('',(0.E0,1.5E-1,0.E0));
#8832=DIRECTION('',(0.E0,-1.E0,0.E0));
#8833=DIRECTION('',(1.E0,0.E0,0.E0));
#8834=AXIS2_PLACEMENT_3D('',#8831,#8832,#8833);
#8835=CONICAL_SURFACE('',#8834,9.615E-1,4.5E1);
#8837=ORIENTED_EDGE('',*,*,#8836,.F.);
#8838=ORIENTED_EDGE('',*,*,#8822,.F.);
#8839=ORIENTED_EDGE('',*,*,#7583,.T.);
#8841=ORIENTED_EDGE('',*,*,#8840,.F.);
#8843=ORIENTED_EDGE('',*,*,#8842,.F.);
#8844=ORIENTED_EDGE('',*,*,#6993,.F.);
#8846=ORIENTED_EDGE('',*,*,#8845,.T.);
#8848=ORIENTED_EDGE('',*,*,#8847,.F.);
#8849=EDGE_LOOP('',(#8837,#8838,#8839,#8841,#8843,#8844,#8846,#8848));
#8850=FACE_OUTER_BOUND('',#8849,.F.);
#8851=ADVANCED_FACE('',(#8850),#8835,.F.);
#8852=CARTESIAN_POINT('',(8.904175845759E-1,9.895626098964E-1,
-4.551445101041E-1));
#8853=CARTESIAN_POINT('',(9.614642650055E-1,9.796251679371E-1,
-3.161530202018E-1));
#8854=CARTESIAN_POINT('',(1.037203714800E0,9.597502840185E-1,
-4.419214048879E-3));
#8855=CARTESIAN_POINT('',(9.275365767998E-1,9.299379581406E-1,
4.642353619045E-1));
#8856=CARTESIAN_POINT('',(6.181401111937E-1,9.001256322627E-1,
8.329042931880E-1));
#8857=CARTESIAN_POINT('',(1.756507143853E-1,8.703133063848E-1,
1.022241292655E0));
#8858=CARTESIAN_POINT('',(-3.046604475779E-1,8.405009805069E-1,
9.914693824097E-1));
#8859=CARTESIAN_POINT('',(-7.193724645077E-1,8.106886546290E-1,
7.472168044455E-1));
#8860=CARTESIAN_POINT('',(-9.791907200999E-1,7.808763287511E-1,
3.420748642291E-1));
#8861=CARTESIAN_POINT('',(-1.028171578020E0,7.510640028732E-1,
-1.367219105322E-1));
#8862=CARTESIAN_POINT('',(-8.557686029076E-1,7.212516769953E-1,
-5.860800083881E-1));
#8863=CARTESIAN_POINT('',(-4.991032503671E-1,6.914393511174E-1,
-9.092445337598E-1));
#8864=CARTESIAN_POINT('',(-3.497198920406E-2,6.616270252395E-1,
-1.036632353843E0));
#8865=CARTESIAN_POINT('',(4.366893705032E-1,6.318146993616E-1,
-9.408145782613E-1));
#8866=CARTESIAN_POINT('',(8.143236523896E-1,6.020023734836E-1,
-6.424224981680E-1));
#8867=CARTESIAN_POINT('',(1.016619401713E0,5.721900476057E-1,
-2.057052966080E-1));
#8868=CARTESIAN_POINT('',(1.000018704205E0,5.423777217278E-1,
2.753039560795E-1));
#8869=CARTESIAN_POINT('',(7.680959886965E-1,5.125653958499E-1,
6.970353141275E-1));
#8870=CARTESIAN_POINT('',(3.707883882771E-1,4.827530699720E-1,
9.686824289265E-1));
#8871=CARTESIAN_POINT('',(-1.063566228606E-1,4.529407440941E-1,
1.031754789553E0));
#8872=CARTESIAN_POINT('',(-5.606011396758E-1,4.231284182162E-1,
8.726717820508E-1));
#8873=CARTESIAN_POINT('',(-8.941381455263E-1,3.933160923382E-1,
5.256868399476E-1));
#8874=CARTESIAN_POINT('',(-1.035151122575E0,3.635037664603E-1,
6.551206373536E-2));
#8875=CARTESIAN_POINT('',(-9.532774396903E-1,3.336914405824E-1,
-4.087686383230E-1));
#8876=CARTESIAN_POINT('',(-6.661459747228E-1,3.038791147045E-1,
-7.950340988380E-1));
#8877=CARTESIAN_POINT('',(-2.355812941592E-1,2.740667888266E-1,
-1.010114413574E0));
#8878=CARTESIAN_POINT('',(2.457082666946E-1,2.442544629487E-1,
-1.007698926637E0));
#8879=CARTESIAN_POINT('',(6.740924568460E-1,2.144421370708E-1,
-7.883077160353E-1));
#8880=CARTESIAN_POINT('',(9.573322660096E-1,1.846298111928E-1,
-3.991797302356E-1));
#8881=CARTESIAN_POINT('',(1.034441766382E0,1.548174853149E-1,
7.589905030320E-2));
#8882=CARTESIAN_POINT('',(8.888152874129E-1,1.250051594370E-1,
5.346345887972E-1));
#8883=CARTESIAN_POINT('',(5.518185626474E-1,9.519283355910E-2,
8.782567087484E-1));
#8884=CARTESIAN_POINT('',(9.597672675129E-2,6.538050768119E-2,
1.032763062551E0));
#8885=CARTESIAN_POINT('',(-2.216235663921E-1,4.550562376258E-2,
9.875470924897E-1));
#8886=CARTESIAN_POINT('',(-3.668382016380E-1,3.556818180328E-2,
9.302847595328E-1));
#8887=CARTESIAN_POINT('',(8.904175845759E-1,1.011286457565E0,
-4.551445101041E-1));
#8888=CARTESIAN_POINT('',(9.614642650055E-1,1.001349015606E0,
-3.161530202018E-1));
#8889=CARTESIAN_POINT('',(1.037203714800E0,9.814741316869E-1,
-4.419214048879E-3));
#8890=CARTESIAN_POINT('',(9.275365767998E-1,9.516618058090E-1,
4.642353619045E-1));
#8891=CARTESIAN_POINT('',(6.181401111937E-1,9.218494799311E-1,
8.329042931880E-1));
#8892=CARTESIAN_POINT('',(1.756507143853E-1,8.920371540532E-1,
1.022241292655E0));
#8893=CARTESIAN_POINT('',(-3.046604475779E-1,8.622248281753E-1,
9.914693824097E-1));
#8894=CARTESIAN_POINT('',(-7.193724645077E-1,8.324125022974E-1,
7.472168044455E-1));
#8895=CARTESIAN_POINT('',(-9.791907200999E-1,8.026001764195E-1,
3.420748642291E-1));
#8896=CARTESIAN_POINT('',(-1.028171578020E0,7.727878505416E-1,
-1.367219105322E-1));
#8897=CARTESIAN_POINT('',(-8.557686029076E-1,7.429755246637E-1,
-5.860800083881E-1));
#8898=CARTESIAN_POINT('',(-4.991032503671E-1,7.131631987858E-1,
-9.092445337598E-1));
#8899=CARTESIAN_POINT('',(-3.497198920406E-2,6.833508729079E-1,
-1.036632353843E0));
#8900=CARTESIAN_POINT('',(4.366893705032E-1,6.535385470300E-1,
-9.408145782613E-1));
#8901=CARTESIAN_POINT('',(8.143236523896E-1,6.237262211521E-1,
-6.424224981680E-1));
#8902=CARTESIAN_POINT('',(1.016619401713E0,5.939138952742E-1,
-2.057052966080E-1));
#8903=CARTESIAN_POINT('',(1.000018704205E0,5.641015693962E-1,
2.753039560795E-1));
#8904=CARTESIAN_POINT('',(7.680959886965E-1,5.342892435183E-1,
6.970353141275E-1));
#8905=CARTESIAN_POINT('',(3.707883882771E-1,5.044769176404E-1,
9.686824289265E-1));
#8906=CARTESIAN_POINT('',(-1.063566228606E-1,4.746645917625E-1,
1.031754789553E0));
#8907=CARTESIAN_POINT('',(-5.606011396758E-1,4.448522658846E-1,
8.726717820508E-1));
#8908=CARTESIAN_POINT('',(-8.941381455263E-1,4.150399400067E-1,
5.256868399476E-1));
#8909=CARTESIAN_POINT('',(-1.035151122575E0,3.852276141287E-1,
6.551206373536E-2));
#8910=CARTESIAN_POINT('',(-9.532774396903E-1,3.554152882508E-1,
-4.087686383230E-1));
#8911=CARTESIAN_POINT('',(-6.661459747228E-1,3.256029623729E-1,
-7.950340988380E-1));
#8912=CARTESIAN_POINT('',(-2.355812941592E-1,2.957906364950E-1,
-1.010114413574E0));
#8913=CARTESIAN_POINT('',(2.457082666946E-1,2.659783106171E-1,
-1.007698926637E0));
#8914=CARTESIAN_POINT('',(6.740924568460E-1,2.361659847392E-1,
-7.883077160353E-1));
#8915=CARTESIAN_POINT('',(9.573322660096E-1,2.063536588613E-1,
-3.991797302356E-1));
#8916=CARTESIAN_POINT('',(1.034441766382E0,1.765413329833E-1,
7.589905030320E-2));
#8917=CARTESIAN_POINT('',(8.888152874129E-1,1.467290071054E-1,
5.346345887972E-1));
#8918=CARTESIAN_POINT('',(5.518185626474E-1,1.169166812275E-1,
8.782567087484E-1));
#8919=CARTESIAN_POINT('',(9.597672675129E-2,8.710435534960E-2,
1.032763062551E0));
#8920=CARTESIAN_POINT('',(-2.216235663921E-1,6.722947143100E-2,
9.875470924897E-1));
#8921=CARTESIAN_POINT('',(-3.668382016380E-1,5.729202947169E-2,
9.302847595328E-1));
#8922=CARTESIAN_POINT('',(8.904175845759E-1,1.033010305233E0,
-4.551445101041E-1));
#8923=CARTESIAN_POINT('',(9.614642650055E-1,1.023072863274E0,
-3.161530202018E-1));
#8924=CARTESIAN_POINT('',(1.037203714800E0,1.003197979355E0,
-4.419214048879E-3));
#8925=CARTESIAN_POINT('',(9.275365767998E-1,9.733856534775E-1,
4.642353619045E-1));
#8926=CARTESIAN_POINT('',(6.181401111937E-1,9.435733275996E-1,
8.329042931880E-1));
#8927=CARTESIAN_POINT('',(1.756507143853E-1,9.137610017217E-1,
1.022241292655E0));
#8928=CARTESIAN_POINT('',(-3.046604475779E-1,8.839486758438E-1,
9.914693824097E-1));
#8929=CARTESIAN_POINT('',(-7.193724645077E-1,8.541363499659E-1,
7.472168044455E-1));
#8930=CARTESIAN_POINT('',(-9.791907200999E-1,8.243240240879E-1,
3.420748642291E-1));
#8931=CARTESIAN_POINT('',(-1.028171578020E0,7.945116982100E-1,
-1.367219105322E-1));
#8932=CARTESIAN_POINT('',(-8.557686029076E-1,7.646993723321E-1,
-5.860800083881E-1));
#8933=CARTESIAN_POINT('',(-4.991032503671E-1,7.348870464542E-1,
-9.092445337598E-1));
#8934=CARTESIAN_POINT('',(-3.497198920406E-2,7.050747205763E-1,
-1.036632353843E0));
#8935=CARTESIAN_POINT('',(4.366893705032E-1,6.752623946984E-1,
-9.408145782613E-1));
#8936=CARTESIAN_POINT('',(8.143236523896E-1,6.454500688205E-1,
-6.424224981680E-1));
#8937=CARTESIAN_POINT('',(1.016619401713E0,6.156377429426E-1,
-2.057052966080E-1));
#8938=CARTESIAN_POINT('',(1.000018704205E0,5.858254170647E-1,
2.753039560795E-1));
#8939=CARTESIAN_POINT('',(7.680959886965E-1,5.560130911867E-1,
6.970353141275E-1));
#8940=CARTESIAN_POINT('',(3.707883882771E-1,5.262007653088E-1,
9.686824289265E-1));
#8941=CARTESIAN_POINT('',(-1.063566228606E-1,4.963884394309E-1,
1.031754789553E0));
#8942=CARTESIAN_POINT('',(-5.606011396758E-1,4.665761135530E-1,
8.726717820508E-1));
#8943=CARTESIAN_POINT('',(-8.941381455263E-1,4.367637876751E-1,
5.256868399476E-1));
#8944=CARTESIAN_POINT('',(-1.035151122575E0,4.069514617972E-1,
6.551206373536E-2));
#8945=CARTESIAN_POINT('',(-9.532774396903E-1,3.771391359192E-1,
-4.087686383230E-1));
#8946=CARTESIAN_POINT('',(-6.661459747228E-1,3.473268100413E-1,
-7.950340988380E-1));
#8947=CARTESIAN_POINT('',(-2.355812941592E-1,3.175144841634E-1,
-1.010114413574E0));
#8948=CARTESIAN_POINT('',(2.457082666946E-1,2.877021582855E-1,
-1.007698926637E0));
#8949=CARTESIAN_POINT('',(6.740924568460E-1,2.578898324076E-1,
-7.883077160353E-1));
#8950=CARTESIAN_POINT('',(9.573322660096E-1,2.280775065297E-1,
-3.991797302356E-1));
#8951=CARTESIAN_POINT('',(1.034441766382E0,1.982651806518E-1,
7.589905030320E-2));
#8952=CARTESIAN_POINT('',(8.888152874129E-1,1.684528547738E-1,
5.346345887972E-1));
#8953=CARTESIAN_POINT('',(5.518185626474E-1,1.386405288959E-1,
8.782567087484E-1));
#8954=CARTESIAN_POINT('',(9.597672675129E-2,1.088282030180E-1,
1.032763062551E0));
#8955=CARTESIAN_POINT('',(-2.216235663921E-1,8.895331909941E-2,
9.875470924897E-1));
#8956=CARTESIAN_POINT('',(-3.668382016380E-1,7.901587714011E-2,
9.302847595328E-1));
#8957=CARTESIAN_POINT('',(8.904175845759E-1,1.054734152902E0,
-4.551445101041E-1));
#8958=CARTESIAN_POINT('',(9.614642650055E-1,1.044796710942E0,
-3.161530202018E-1));
#8959=CARTESIAN_POINT('',(1.037203714800E0,1.024921827024E0,
-4.419214048879E-3));
#8960=CARTESIAN_POINT('',(9.275365767998E-1,9.951095011459E-1,
4.642353619045E-1));
#8961=CARTESIAN_POINT('',(6.181401111937E-1,9.652971752680E-1,
8.329042931880E-1));
#8962=CARTESIAN_POINT('',(1.756507143853E-1,9.354848493901E-1,
1.022241292655E0));
#8963=CARTESIAN_POINT('',(-3.046604475779E-1,9.056725235122E-1,
9.914693824097E-1));
#8964=CARTESIAN_POINT('',(-7.193724645077E-1,8.758601976343E-1,
7.472168044455E-1));
#8965=CARTESIAN_POINT('',(-9.791907200999E-1,8.460478717564E-1,
3.420748642291E-1));
#8966=CARTESIAN_POINT('',(-1.028171578020E0,8.162355458785E-1,
-1.367219105322E-1));
#8967=CARTESIAN_POINT('',(-8.557686029076E-1,7.864232200005E-1,
-5.860800083881E-1));
#8968=CARTESIAN_POINT('',(-4.991032503671E-1,7.566108941226E-1,
-9.092445337598E-1));
#8969=CARTESIAN_POINT('',(-3.497198920406E-2,7.267985682447E-1,
-1.036632353843E0));
#8970=CARTESIAN_POINT('',(4.366893705032E-1,6.969862423668E-1,
-9.408145782613E-1));
#8971=CARTESIAN_POINT('',(8.143236523896E-1,6.671739164889E-1,
-6.424224981680E-1));
#8972=CARTESIAN_POINT('',(1.016619401713E0,6.373615906110E-1,
-2.057052966080E-1));
#8973=CARTESIAN_POINT('',(1.000018704205E0,6.075492647331E-1,
2.753039560795E-1));
#8974=CARTESIAN_POINT('',(7.680959886965E-1,5.777369388552E-1,
6.970353141275E-1));
#8975=CARTESIAN_POINT('',(3.707883882771E-1,5.479246129772E-1,
9.686824289265E-1));
#8976=CARTESIAN_POINT('',(-1.063566228606E-1,5.181122870993E-1,
1.031754789553E0));
#8977=CARTESIAN_POINT('',(-5.606011396758E-1,4.882999612214E-1,
8.726717820508E-1));
#8978=CARTESIAN_POINT('',(-8.941381455263E-1,4.584876353435E-1,
5.256868399476E-1));
#8979=CARTESIAN_POINT('',(-1.035151122575E0,4.286753094656E-1,
6.551206373536E-2));
#8980=CARTESIAN_POINT('',(-9.532774396903E-1,3.988629835877E-1,
-4.087686383230E-1));
#8981=CARTESIAN_POINT('',(-6.661459747228E-1,3.690506577097E-1,
-7.950340988380E-1));
#8982=CARTESIAN_POINT('',(-2.355812941592E-1,3.392383318318E-1,
-1.010114413574E0));
#8983=CARTESIAN_POINT('',(2.457082666946E-1,3.094260059539E-1,
-1.007698926637E0));
#8984=CARTESIAN_POINT('',(6.740924568460E-1,2.796136800760E-1,
-7.883077160353E-1));
#8985=CARTESIAN_POINT('',(9.573322660096E-1,2.498013541981E-1,
-3.991797302356E-1));
#8986=CARTESIAN_POINT('',(1.034441766382E0,2.199890283202E-1,
7.589905030320E-2));
#8987=CARTESIAN_POINT('',(8.888152874129E-1,1.901767024423E-1,
5.346345887972E-1));
#8988=CARTESIAN_POINT('',(5.518185626474E-1,1.603643765643E-1,
8.782567087484E-1));
#8989=CARTESIAN_POINT('',(9.597672675129E-2,1.305520506864E-1,
1.032763062551E0));
#8990=CARTESIAN_POINT('',(-2.216235663921E-1,1.106771667678E-1,
9.875470924897E-1));
#8991=CARTESIAN_POINT('',(-3.668382016380E-1,1.007397248085E-1,
9.302847595328E-1));
#8992=B_SPLINE_SURFACE_WITH_KNOTS('',3,3,((#8852,#8853,#8854,#8855,#8856,#8857,
#8858,#8859,#8860,#8861,#8862,#8863,#8864,#8865,#8866,#8867,#8868,#8869,#8870,
#8871,#8872,#8873,#8874,#8875,#8876,#8877,#8878,#8879,#8880,#8881,#8882,#8883,
#8884,#8885,#8886),(#8887,#8888,#8889,#8890,#8891,#8892,#8893,#8894,#8895,#8896,
#8897,#8898,#8899,#8900,#8901,#8902,#8903,#8904,#8905,#8906,#8907,#8908,#8909,
#8910,#8911,#8912,#8913,#8914,#8915,#8916,#8917,#8918,#8919,#8920,#8921),(#8922,
#8923,#8924,#8925,#8926,#8927,#8928,#8929,#8930,#8931,#8932,#8933,#8934,#8935,
#8936,#8937,#8938,#8939,#8940,#8941,#8942,#8943,#8944,#8945,#8946,#8947,#8948,
#8949,#8950,#8951,#8952,#8953,#8954,#8955,#8956),(#8957,#8958,#8959,#8960,#8961,
#8962,#8963,#8964,#8965,#8966,#8967,#8968,#8969,#8970,#8971,#8972,#8973,#8974,
#8975,#8976,#8977,#8978,#8979,#8980,#8981,#8982,#8983,#8984,#8985,#8986,#8987,
#8988,#8989,#8990,#8991)),.UNSPECIFIED.,.F.,.F.,.F.,(4,4),(4,1,1,1,1,1,1,1,1,1,
1,1,1,1,1,1,1,1,1,1,1,1,1,1,1,1,1,1,1,1,1,1,4),(-1.517154300525E-1,
1.151715430053E0),(-1.492250732568E-2,9.326567078555E-3,3.357564148279E-2,
5.782471588702E-2,8.207379029125E-2,1.063228646955E-1,1.305719390997E-1,
1.548210135039E-1,1.790700879082E-1,2.033191623124E-1,2.275682367166E-1,
2.518173111209E-1,2.760663855251E-1,3.003154599293E-1,3.245645343336E-1,
3.488136087378E-1,3.730626831420E-1,3.973117575463E-1,4.215608319505E-1,
4.458099063547E-1,4.700589807590E-1,4.943080551632E-1,5.185571295674E-1,
5.428062039716E-1,5.670552783759E-1,5.913043527801E-1,6.155534271843E-1,
6.398025015886E-1,6.640515759928E-1,6.883006503970E-1,7.125497248013E-1,
7.367987992055E-1,7.610478736097E-1),.UNSPECIFIED.);
#8993=ORIENTED_EDGE('',*,*,#8836,.T.);
#8995=ORIENTED_EDGE('',*,*,#8994,.F.);
#8997=ORIENTED_EDGE('',*,*,#8996,.T.);
#8998=ORIENTED_EDGE('',*,*,#8824,.T.);
#8999=EDGE_LOOP('',(#8993,#8995,#8997,#8998));
#9000=FACE_OUTER_BOUND('',#8999,.F.);
#9001=ADVANCED_FACE('',(#9000),#8992,.F.);
#9002=CARTESIAN_POINT('',(7.223904052751E-1,8.835249699055E-1,
-3.550566985127E-1));
#9003=CARTESIAN_POINT('',(7.747926883987E-1,8.741291946129E-1,
-2.484401871172E-1));
#9004=CARTESIAN_POINT('',(8.315753396097E-1,8.553376440276E-1,
-1.170448978524E-2));
#9005=CARTESIAN_POINT('',(7.564030250302E-1,8.271503181497E-1,
3.457191768825E-1));
#9006=CARTESIAN_POINT('',(5.353429733016E-1,7.989629922718E-1,
6.364508084002E-1));
#9007=CARTESIAN_POINT('',(2.110391896270E-1,7.707756663939E-1,
8.044413998464E-1));
#9008=CARTESIAN_POINT('',(-1.539660885569E-1,7.425883405160E-1,
8.172866622950E-1));
#9009=CARTESIAN_POINT('',(-4.892773934441E-1,7.144010146381E-1,
6.725107974176E-1));
#9010=CARTESIAN_POINT('',(-7.302269750442E-1,6.862136887602E-1,
3.980347875212E-1));
#9011=CARTESIAN_POINT('',(-8.303453770314E-1,6.580263628823E-1,
4.679403316766E-2));
#9012=CARTESIAN_POINT('',(-7.703238345773E-1,6.298390370044E-1,
-3.134713986192E-1));
#9013=CARTESIAN_POINT('',(-5.617380650893E-1,6.016517111264E-1,
-6.132809091805E-1));
#9014=CARTESIAN_POINT('',(-2.448158050767E-1,5.734643852485E-1,
-7.948134052059E-1));
#9015=CARTESIAN_POINT('',(1.193214949736E-1,5.452770593706E-1,
-8.230586299294E-1));
#9016=CARTESIAN_POINT('',(4.604465178648E-1,5.170897334927E-1,
-6.925692251754E-1));
#9017=CARTESIAN_POINT('',(7.127700814661E-1,4.889024076148E-1,
-4.285113049142E-1));
#9018=CARTESIAN_POINT('',(8.276292036609E-1,4.607150817369E-1,
-8.181093276558E-2));
#9019=CARTESIAN_POINT('',(7.828722180391E-1,4.325277558590E-1,
2.806674503662E-1));
#9020=CARTESIAN_POINT('',(5.871309319493E-1,4.043404299811E-1,
5.890164651525E-1));
#9021=CARTESIAN_POINT('',(2.781559009389E-1,3.761531041031E-1,
7.837680921327E-1));
#9022=CARTESIAN_POINT('',(-8.446412239384E-2,3.479657782252E-1,
8.273626408668E-1));
#9023=CARTESIAN_POINT('',(-4.307944420594E-1,3.197784523473E-1,
7.113924909322E-1));
#9024=CARTESIAN_POINT('',(-6.940419853082E-1,2.915911264694E-1,
4.582235809512E-1));
#9025=CARTESIAN_POINT('',(-8.234369772369E-1,2.634038005915E-1,
1.166819259977E-1));
#9026=CARTESIAN_POINT('',(-7.940243722586E-1,2.352164747136E-1,
-2.473629400891E-1));
#9027=CARTESIAN_POINT('',(-6.114766668603E-1,2.070291488357E-1,
-5.637015279231E-1));
#9028=CARTESIAN_POINT('',(-3.109999179698E-1,1.788418229577E-1,
-7.713249497987E-1));
#9029=CARTESIAN_POINT('',(4.945612568250E-2,1.506544970798E-1,
-8.301910816258E-1));
#9030=CARTESIAN_POINT('',(4.003740004152E-1,1.224671712019E-1,
-7.289469833824E-1));
#9031=CARTESIAN_POINT('',(6.740762966927E-1,9.427984532400E-2,
-4.871187243190E-1));
#9032=CARTESIAN_POINT('',(8.177753872396E-1,6.609251944608E-2,
-1.513444633998E-1));
#9033=CARTESIAN_POINT('',(8.037633475115E-1,3.790519356817E-2,
2.136159327771E-1));
#9034=CARTESIAN_POINT('',(6.347208778884E-1,9.717867690254E-3,
5.373862183762E-1));
#9035=CARTESIAN_POINT('',(4.404604447193E-1,-9.073682895022E-3,
6.841204815005E-1));
#9036=CARTESIAN_POINT('',(3.322548381102E-1,-1.846945818766E-2,
7.331574724058E-1));
#9037=CARTESIAN_POINT('',(7.827111540867E-1,9.223304023205E-1,
-3.847044980522E-1));
#9038=CARTESIAN_POINT('',(8.394891112702E-1,9.129346270278E-1,
-2.691853382327E-1));
#9039=CARTESIAN_POINT('',(9.010132042495E-1,8.941430764426E-1,
-1.268183331465E-2));
#9040=CARTESIAN_POINT('',(8.195638817360E-1,8.659557505647E-1,
3.745872785016E-1));
#9041=CARTESIAN_POINT('',(5.800449637832E-1,8.377684246868E-1,
6.895954640659E-1));
#9042=CARTESIAN_POINT('',(2.286612979136E-1,8.095810988088E-1,
8.716135373215E-1));
#9043=CARTESIAN_POINT('',(-1.668225020495E-1,7.813937729309E-1,
8.855313996329E-1));
#9044=CARTESIAN_POINT('',(-5.301328346759E-1,7.532064470530E-1,
7.286665195699E-1));
#9045=CARTESIAN_POINT('',(-7.912020899066E-1,7.250191211751E-1,
4.312713259096E-1));
#9046=CARTESIAN_POINT('',(-8.996805378379E-1,6.968317952972E-1,
5.070140942844E-2));
#9047=CARTESIAN_POINT('',(-8.346471010408E-1,6.686444694193E-1,
-3.396467594181E-1));
#9048=CARTESIAN_POINT('',(-6.086440877535E-1,6.404571435414E-1,
-6.644908413772E-1));
#9049=CARTESIAN_POINT('',(-2.652583145221E-1,6.122698176635E-1,
-8.611815898017E-1));
#9050=CARTESIAN_POINT('',(1.292850297515E-1,5.840824917856E-1,
-8.917853357532E-1));
#9051=CARTESIAN_POINT('',(4.988945350900E-1,5.558951659077E-1,
-7.503998579765E-1));
#9052=CARTESIAN_POINT('',(7.722875179252E-1,5.277078400298E-1,
-4.642926810204E-1));
#9053=CARTESIAN_POINT('',(8.967375596672E-1,4.995205141518E-1,
-8.864227588610E-2));
#9054=CARTESIAN_POINT('',(8.482432944974E-1,4.713331882739E-1,
3.041036292655E-1));
#9055=CARTESIAN_POINT('',(6.361572994191E-1,4.431458623960E-1,
6.382002776464E-1));
#9056=CARTESIAN_POINT('',(3.013823614628E-1,4.149585365181E-1,
8.492139755039E-1));
#9057=CARTESIAN_POINT('',(-9.151701107192E-2,3.867712106402E-1,
8.964487384554E-1));
#9058=CARTESIAN_POINT('',(-4.667664637517E-1,3.585838847623E-1,
7.707948963887E-1));
#9059=CARTESIAN_POINT('',(-7.519955959248E-1,3.303965588844E-1,
4.964859794054E-1));
#9060=CARTESIAN_POINT('',(-8.921952756631E-1,3.022092330064E-1,
1.264250525641E-1));
#9061=CARTESIAN_POINT('',(-8.603266713473E-1,2.740219071285E-1,
-2.680181393629E-1));
#9062=CARTESIAN_POINT('',(-6.625359419510E-1,2.458345812506E-1,
-6.107715028596E-1));
#9063=CARTESIAN_POINT('',(-3.369689062001E-1,2.176472553727E-1,
-8.357318109769E-1));
#9064=CARTESIAN_POINT('',(5.358579090606E-2,1.894599294948E-1,
-8.995133585203E-1));
#9065=CARTESIAN_POINT('',(4.338058668040E-1,1.612726036169E-1,
-7.898152169034E-1));
#9066=CARTESIAN_POINT('',(7.303627405267E-1,1.330852777390E-1,
-5.277939132425E-1));
#9067=CARTESIAN_POINT('',(8.860609338883E-1,1.048979518610E-1,
-1.639819670185E-1));
#9068=CARTESIAN_POINT('',(8.708788665372E-1,7.671062598312E-2,
2.314532032185E-1));
#9069=CARTESIAN_POINT('',(6.877210816024E-1,4.852330010521E-2,
5.822588230742E-1));
#9070=CARTESIAN_POINT('',(4.772395930211E-1,2.973174951993E-2,
7.412456307552E-1));
#9071=CARTESIAN_POINT('',(3.599986460080E-1,2.033597422730E-2,
7.943772884630E-1));
#9072=CARTESIAN_POINT('',(8.430319028984E-1,9.611358347354E-1,
-4.143522975918E-1));
#9073=CARTESIAN_POINT('',(9.041855341417E-1,9.517400594428E-1,
-2.899304893482E-1));
#9074=CARTESIAN_POINT('',(9.704510688893E-1,9.329485088575E-1,
-1.365917684406E-2));
#9075=CARTESIAN_POINT('',(8.827247384418E-1,9.047611829796E-1,
4.034553801206E-1));
#9076=CARTESIAN_POINT('',(6.247469542648E-1,8.765738571017E-1,
7.427401197315E-1));
#9077=CARTESIAN_POINT('',(2.462834062001E-1,8.483865312238E-1,
9.387856747966E-1));
#9078=CARTESIAN_POINT('',(-1.796789155422E-1,8.201992053459E-1,
9.537761369708E-1));
#9079=CARTESIAN_POINT('',(-5.709882759078E-1,7.920118794680E-1,
7.848222417223E-1));
#9080=CARTESIAN_POINT('',(-8.521772047690E-1,7.638245535901E-1,
4.645078642981E-1));
#9081=CARTESIAN_POINT('',(-9.690156986444E-1,7.356372277122E-1,
5.460878568924E-2));
#9082=CARTESIAN_POINT('',(-8.989703675043E-1,7.074499018343E-1,
-3.658221202170E-1));
#9083=CARTESIAN_POINT('',(-6.555501104176E-1,6.792625759564E-1,
-7.157007735738E-1));
#9084=CARTESIAN_POINT('',(-2.857008239676E-1,6.510752500785E-1,
-9.275497743975E-1));
#9085=CARTESIAN_POINT('',(1.392485645293E-1,6.228879242005E-1,
-9.605120415769E-1));
#9086=CARTESIAN_POINT('',(5.373425523151E-1,5.947005983226E-1,
-8.082304907776E-1));
#9087=CARTESIAN_POINT('',(8.318049543842E-1,5.665132724447E-1,
-5.000740571266E-1));
#9088=CARTESIAN_POINT('',(9.658459156734E-1,5.383259465668E-1,
-9.547361900663E-2));
#9089=CARTESIAN_POINT('',(9.136143709557E-1,5.101386206889E-1,
3.275398081648E-1));
#9090=CARTESIAN_POINT('',(6.851836668889E-1,4.819512948110E-1,
6.873840901402E-1));
#9091=CARTESIAN_POINT('',(3.246088219868E-1,4.537639689331E-1,
9.146598588751E-1));
#9092=CARTESIAN_POINT('',(-9.856989974997E-2,4.255766430551E-1,
9.655348360439E-1));
#9093=CARTESIAN_POINT('',(-5.027384854441E-1,3.973893171772E-1,
8.301973018452E-1));
#9094=CARTESIAN_POINT('',(-8.099492065414E-1,3.692019912993E-1,
5.347483778596E-1));
#9095=CARTESIAN_POINT('',(-9.609535740893E-1,3.410146654214E-1,
1.361681791306E-1));
#9096=CARTESIAN_POINT('',(-9.266289704360E-1,3.128273395435E-1,
-2.886733386367E-1));
#9097=CARTESIAN_POINT('',(-7.135952170418E-1,2.846400136656E-1,
-6.578414777960E-1));
#9098=CARTESIAN_POINT('',(-3.629378944305E-1,2.564526877877E-1,
-9.001386721550E-1));
#9099=CARTESIAN_POINT('',(5.771545612959E-2,2.282653619097E-1,
-9.688356354149E-1));
#9100=CARTESIAN_POINT('',(4.672377331929E-1,2.000780360318E-1,
-8.506834504245E-1));
#9101=CARTESIAN_POINT('',(7.866491843606E-1,1.718907101539E-1,
-5.684691021661E-1));
#9102=CARTESIAN_POINT('',(9.543464805371E-1,1.437033842760E-1,
-1.766194706373E-1));
#9103=CARTESIAN_POINT('',(9.379943855629E-1,1.155160583981E-1,
2.492904736600E-1));
#9104=CARTESIAN_POINT('',(7.407212853164E-1,8.732873252017E-2,
6.271314277721E-1));
#9105=CARTESIAN_POINT('',(5.140187413229E-1,6.853718193489E-2,
7.983707800099E-1));
#9106=CARTESIAN_POINT('',(3.877424539057E-1,5.914140664225E-2,
8.555971045201E-1));
#9107=CARTESIAN_POINT('',(9.033526517100E-1,9.999412671504E-1,
-4.440000971313E-1));
#9108=CARTESIAN_POINT('',(9.688819570133E-1,9.905454918577E-1,
-3.106756404637E-1));
#9109=CARTESIAN_POINT('',(1.039888933529E0,9.717539412725E-1,
-1.463652037347E-2));
#9110=CARTESIAN_POINT('',(9.458855951476E-1,9.435666153946E-1,
4.323234817397E-1));
#9111=CARTESIAN_POINT('',(6.694489447464E-1,9.153792895167E-1,
7.958847753971E-1));
#9112=CARTESIAN_POINT('',(2.639055144866E-1,8.871919636388E-1,
1.005957812272E0));
#9113=CARTESIAN_POINT('',(-1.925353290348E-1,8.590046377609E-1,
1.022020874309E0));
#9114=CARTESIAN_POINT('',(-6.118437171396E-1,8.308173118830E-1,
8.409779638746E-1));
#9115=CARTESIAN_POINT('',(-9.131523196314E-1,8.026299860050E-1,
4.977444026865E-1));
#9116=CARTESIAN_POINT('',(-1.038350859451E0,7.744426601271E-1,
5.851616195002E-2));
#9117=CARTESIAN_POINT('',(-9.632936339678E-1,7.462553342492E-1,
-3.919974810160E-1));
#9118=CARTESIAN_POINT('',(-7.024561330818E-1,7.180680083713E-1,
-7.669107057705E-1));
#9119=CARTESIAN_POINT('',(-3.061433334131E-1,6.898806824934E-1,
-9.939179589934E-1));
#9120=CARTESIAN_POINT('',(1.492120993071E-1,6.616933566155E-1,
-1.029238747401E0));
#9121=CARTESIAN_POINT('',(5.757905695403E-1,6.335060307376E-1,
-8.660611235787E-1));
#9122=CARTESIAN_POINT('',(8.913223908432E-1,6.053187048597E-1,
-5.358554332329E-1));
#9123=CARTESIAN_POINT('',(1.034954271680E0,5.771313789818E-1,
-1.023049621271E-1));
#9124=CARTESIAN_POINT('',(9.789854474140E-1,5.489440531038E-1,
3.509759870640E-1));
#9125=CARTESIAN_POINT('',(7.342100343587E-1,5.207567272259E-1,
7.365679026340E-1));
#9126=CARTESIAN_POINT('',(3.478352825108E-1,4.925694013480E-1,
9.801057422464E-1));
#9127=CARTESIAN_POINT('',(-1.056227884280E-1,4.643820754701E-1,
1.034620933633E0));
#9128=CARTESIAN_POINT('',(-5.387105071365E-1,4.361947495922E-1,
8.895997073017E-1));
#9129=CARTESIAN_POINT('',(-8.679028171581E-1,4.080074237143E-1,
5.730107763139E-1));
#9130=CARTESIAN_POINT('',(-1.029711872515E0,3.798200978364E-1,
1.459113056970E-1));
#9131=CARTESIAN_POINT('',(-9.929312695246E-1,3.516327719584E-1,
-3.093285379105E-1));
#9132=CARTESIAN_POINT('',(-7.646544921326E-1,3.234454460805E-1,
-7.049114527324E-1));
#9133=CARTESIAN_POINT('',(-3.889068826608E-1,2.952581202026E-1,
-9.645455333331E-1));
#9134=CARTESIAN_POINT('',(6.184512135314E-2,2.670707943247E-1,
-1.038157912309E0));
#9135=CARTESIAN_POINT('',(5.006695995818E-1,2.388834684468E-1,
-9.115516839455E-1));
#9136=CARTESIAN_POINT('',(8.429356281945E-1,2.106961425689E-1,
-6.091442910896E-1));
#9137=CARTESIAN_POINT('',(1.022632027186E0,1.825088166909E-1,
-1.892569742559E-1));
#9138=CARTESIAN_POINT('',(1.005109904589E0,1.543214908130E-1,
2.671277441015E-1));
#9139=CARTESIAN_POINT('',(7.937214890304E-1,1.261341649351E-1,
6.720040324701E-1));
#9140=CARTESIAN_POINT('',(5.507978896246E-1,1.073426143498E-1,
8.554959292646E-1));
#9141=CARTESIAN_POINT('',(4.154862618034E-1,9.794683905721E-2,
9.168169205773E-1));
#9142=B_SPLINE_SURFACE_WITH_KNOTS('',3,3,((#9002,#9003,#9004,#9005,#9006,#9007,
#9008,#9009,#9010,#9011,#9012,#9013,#9014,#9015,#9016,#9017,#9018,#9019,#9020,
#9021,#9022,#9023,#9024,#9025,#9026,#9027,#9028,#9029,#9030,#9031,#9032,#9033,
#9034,#9035,#9036),(#9037,#9038,#9039,#9040,#9041,#9042,#9043,#9044,#9045,#9046,
#9047,#9048,#9049,#9050,#9051,#9052,#9053,#9054,#9055,#9056,#9057,#9058,#9059,
#9060,#9061,#9062,#9063,#9064,#9065,#9066,#9067,#9068,#9069,#9070,#9071),(#9072,
#9073,#9074,#9075,#9076,#9077,#9078,#9079,#9080,#9081,#9082,#9083,#9084,#9085,
#9086,#9087,#9088,#9089,#9090,#9091,#9092,#9093,#9094,#9095,#9096,#9097,#9098,
#9099,#9100,#9101,#9102,#9103,#9104,#9105,#9106),(#9107,#9108,#9109,#9110,#9111,
#9112,#9113,#9114,#9115,#9116,#9117,#9118,#9119,#9120,#9121,#9122,#9123,#9124,
#9125,#9126,#9127,#9128,#9129,#9130,#9131,#9132,#9133,#9134,#9135,#9136,#9137,
#9138,#9139,#9140,#9141)),.UNSPECIFIED.,.F.,.F.,.F.,(4,4),(4,1,1,1,1,1,1,1,1,1,
1,1,1,1,1,1,1,1,1,1,1,1,1,1,1,1,1,1,1,1,1,1,4),(-3.485130413038E-2,
1.034851304130E0),(-1.410911643147E-2,8.818197769676E-3,3.174551197082E-2,
5.467282617197E-2,7.760014037311E-2,1.005274545743E-1,1.234547687754E-1,
1.463820829765E-1,1.693093971777E-1,1.922367113788E-1,2.151640255800E-1,
2.380913397811E-1,2.610186539823E-1,2.839459681834E-1,3.068732823846E-1,
3.298005965857E-1,3.527279107868E-1,3.756552249880E-1,3.985825391891E-1,
4.215098533903E-1,4.444371675914E-1,4.673644817926E-1,4.902917959937E-1,
5.132191101949E-1,5.361464243960E-1,5.590737385972E-1,5.820010527983E-1,
6.049283669994E-1,6.278556812006E-1,6.507829954017E-1,6.737103096029E-1,
6.966376238040E-1,7.195649380052E-1),.UNSPECIFIED.);
#9143=ORIENTED_EDGE('',*,*,#7565,.T.);
#9144=ORIENTED_EDGE('',*,*,#7718,.T.);
#9146=ORIENTED_EDGE('',*,*,#9145,.T.);
#9147=ORIENTED_EDGE('',*,*,#8994,.T.);
#9148=ORIENTED_EDGE('',*,*,#8847,.T.);
#9150=ORIENTED_EDGE('',*,*,#9149,.T.);
#9151=ORIENTED_EDGE('',*,*,#8840,.T.);
#9152=ORIENTED_EDGE('',*,*,#7581,.T.);
#9153=ORIENTED_EDGE('',*,*,#7732,.T.);
#9154=EDGE_LOOP('',(#9143,#9144,#9146,#9147,#9148,#9150,#9151,#9152,#9153));
#9155=FACE_OUTER_BOUND('',#9154,.F.);
#9156=ADVANCED_FACE('',(#9155),#9142,.F.);
#9157=CARTESIAN_POINT('',(4.125035020441E-1,2.120188535643E0,
-6.911975242964E-1));
#9158=CARTESIAN_POINT('',(5.571090152096E-1,2.106869806099E0,
-6.048976194229E-1));
#9159=CARTESIAN_POINT('',(7.899026722205E-1,2.080232347011E0,
-3.387923360728E-1));
#9160=CARTESIAN_POINT('',(8.383565952886E-1,2.040276158380E0,
1.897021001229E-1));
#9161=CARTESIAN_POINT('',(5.671734308137E-1,2.000319969749E0,
6.458357034044E-1));
#9162=CARTESIAN_POINT('',(7.983238562474E-2,1.960363781117E0,
8.558188580749E-1));
#9163=CARTESIAN_POINT('',(-4.379439164503E-1,1.920407592486E0,
7.395964263157E-1));
#9164=CARTESIAN_POINT('',(-7.887929059153E-1,1.880451403854E0,
3.414724052170E-1));
#9165=CARTESIAN_POINT('',(-8.389881272053E-1,1.840495215223E0,
-1.868066245922E-1));
#9166=CARTESIAN_POINT('',(-5.693967045765E-1,1.800539026592E0,
-6.438828552440E-1));
#9167=CARTESIAN_POINT('',(-8.277555866990E-2,1.760582837960E0,
-8.555384028355E-1));
#9168=CARTESIAN_POINT('',(4.353961114998E-1,1.720626649329E0,
-7.410991674618E-1));
#9169=CARTESIAN_POINT('',(7.876133373852E-1,1.680670460697E0,
-3.441845152907E-1));
#9170=CARTESIAN_POINT('',(8.396259264560E-1,1.640714272066E0,
1.839186059358E-1));
#9171=CARTESIAN_POINT('',(5.716088956229E-1,1.600758083435E0,
6.419197927752E-1));
#9172=CARTESIAN_POINT('',(8.571891482819E-2,1.560801894803E0,
8.552485121711E-1));
#9173=CARTESIAN_POINT('',(-4.328434631165E-1,1.520845706172E0,
7.425929479634E-1));
#9174=CARTESIAN_POINT('',(-7.864243599732E-1,1.480889517540E0,
3.468926000477E-1));
#9175=CARTESIAN_POINT('',(-8.402538068838E-1,1.440933328909E0,
-1.810284230304E-1));
#9176=CARTESIAN_POINT('',(-5.738143128037E-1,1.400977140278E0,
-6.399491263779E-1));
#9177=CARTESIAN_POINT('',(-8.866125768018E-2,1.361020951646E0,
-8.549484962840E-1));
#9178=CARTESIAN_POINT('',(4.302856902893E-1,1.321064763015E0,
-7.440779359171E-1));
#9179=CARTESIAN_POINT('',(7.852260711273E-1,1.281108574383E0,
-3.495965775216E-1));
#9180=CARTESIAN_POINT('',(8.408717388089E-1,1.241152385752E0,
1.781360962695E-1));
#9181=CARTESIAN_POINT('',(5.760129356197E-1,1.201196197121E0,
6.379708847888E-1));
#9182=CARTESIAN_POINT('',(9.160255218193E-2,1.161240008489E0,
8.546383509377E-1));
#9183=CARTESIAN_POINT('',(-4.277228280905E-1,1.121283819858E0,
7.455541394917E-1));
#9184=CARTESIAN_POINT('',(-7.840184656771E-1,1.081327631227E0,
3.522963204808E-1));
#9185=CARTESIAN_POINT('',(-8.414797875599E-1,1.041371442595E0,
-1.752413047858E-1));
#9186=CARTESIAN_POINT('',(-5.782044668166E-1,1.001415253964E0,
-6.359864166666E-1));
#9187=CARTESIAN_POINT('',(-9.454377575183E-2,9.614590653324E-1,
-8.543131339733E-1));
#9188=CARTESIAN_POINT('',(4.251586846175E-1,9.215028767010E-1,
-7.470399992968E-1));
#9189=CARTESIAN_POINT('',(7.827874591537E-1,8.815466880696E-1,
-3.549229104390E-1));
#9190=CARTESIAN_POINT('',(8.223495285532E-1,8.549092289821E-1,
-3.582973574276E-3));
#9191=CARTESIAN_POINT('',(7.885837036862E-1,8.415904994383E-1,
1.613967133271E-1));
#9192=CARTESIAN_POINT('',(4.469482011279E-1,2.158993968058E0,
-7.489136178905E-1));
#9193=CARTESIAN_POINT('',(6.036285048398E-1,2.145675238514E0,
-6.554075335794E-1));
#9194=CARTESIAN_POINT('',(8.558608027947E-1,2.119037779426E0,
-3.670820354575E-1));
#9195=CARTESIAN_POINT('',(9.083607055726E-1,2.079081590795E0,
2.055425274694E-1));
#9196=CARTESIAN_POINT('',(6.145333151683E-1,2.039125402164E0,
6.997640127426E-1));
#9197=CARTESIAN_POINT('',(8.649851690934E-2,1.999169213532E0,
9.272810950997E-1));
#9198=CARTESIAN_POINT('',(-4.745129306356E-1,1.959213024901E0,
8.013539052745E-1));
#9199=CARTESIAN_POINT('',(-8.546583692363E-1,1.919256836269E0,
3.699858946416E-1));
#9200=CARTESIAN_POINT('',(-9.090449714097E-1,1.879300647638E0,
-2.024052751225E-1));
#9201=CARTESIAN_POINT('',(-6.169422358296E-1,1.839344459007E0,
-6.976480986521E-1));
#9202=CARTESIAN_POINT('',(-8.968744958901E-2,1.799388270375E0,
-9.269772214014E-1));
#9203=CARTESIAN_POINT('',(4.717523799158E-1,1.759432081744E0,
-8.029821276984E-1));
#9204=CARTESIAN_POINT('',(8.533803048562E-1,1.719475893112E0,
-3.729244702238E-1));
#9205=CARTESIAN_POINT('',(9.097360279131E-1,1.679519704481E0,
1.992761023109E-1));
#9206=CARTESIAN_POINT('',(6.193391483499E-1,1.639563515850E0,
6.955211173422E-1));
#9207=CARTESIAN_POINT('',(9.287658067203E-2,1.599607327218E0,
9.266631244050E-1));
#9208=CARTESIAN_POINT('',(-4.689865813290E-1,1.559651138587E0,
8.046006412499E-1));
#9209=CARTESIAN_POINT('',(-8.520920459377E-1,1.519694949955E0,
3.758586843691E-1));
#9210=CARTESIAN_POINT('',(-9.104163373562E-1,1.479738761324E0,
-1.961445845320E-1));
#9211=CARTESIAN_POINT('',(-6.217287213762E-1,1.439782572693E0,
-6.933858971636E-1));
#9212=CARTESIAN_POINT('',(-9.606461383607E-2,1.399826384061E0,
-9.263380567137E-1));
#9213=CARTESIAN_POINT('',(4.662152303990E-1,1.359870195430E0,
-8.062096280617E-1));
#9214=CARTESIAN_POINT('',(8.507936980656E-1,1.319914006798E0,
-3.787884482664E-1));
#9215=CARTESIAN_POINT('',(9.110858675807E-1,1.279957818167E0,
1.930107438824E-1));
#9216=CARTESIAN_POINT('',(6.241109326973E-1,1.240001629536E0,
6.912424692527E-1));
#9217=CARTESIAN_POINT('',(9.925151111096E-2,1.200045440904E0,
9.260020137373E-1));
#9218=CARTESIAN_POINT('',(-4.634383651268E-1,1.160089252273E0,
8.078090969848E-1));
#9219=CARTESIAN_POINT('',(-8.494852556378E-1,1.120133063641E0,
3.817136240604E-1));
#9220=CARTESIAN_POINT('',(-9.117446893704E-1,1.080176875010E0,
-1.898742327015E-1));
#9221=CARTESIAN_POINT('',(-6.264854602378E-1,1.040220686379E0,
-6.890922948832E-1));
#9222=CARTESIAN_POINT('',(-1.024383315311E-1,1.000264497747E0,
-9.256496406387E-1));
#9223=CARTESIAN_POINT('',(4.606601115919E-1,9.603083091160E-1,
-8.094190284489E-1));
#9224=CARTESIAN_POINT('',(8.481514581101E-1,9.203521204846E-1,
-3.845595384615E-1));
#9225=CARTESIAN_POINT('',(8.910170232832E-1,8.937146613970E-1,
-3.882157571453E-3));
#9226=CARTESIAN_POINT('',(8.544316982881E-1,8.803959318532E-1,
1.748735958169E-1));
#9227=CARTESIAN_POINT('',(4.813929002117E-1,2.197799400473E0,
-8.066297114846E-1));
#9228=CARTESIAN_POINT('',(6.501479944700E-1,2.184480670929E0,
-7.059174477360E-1));
#9229=CARTESIAN_POINT('',(9.218189333688E-1,2.157843211841E0,
-3.953717348421E-1));
#9230=CARTESIAN_POINT('',(9.783648158567E-1,2.117887023210E0,
2.213829548158E-1));
#9231=CARTESIAN_POINT('',(6.618931995230E-1,2.077930834578E0,
7.536923220809E-1));
#9232=CARTESIAN_POINT('',(9.316464819399E-2,2.037974645947E0,
9.987433321245E-1));
#9233=CARTESIAN_POINT('',(-5.110819448208E-1,1.998018457316E0,
8.631113842333E-1));
#9234=CARTESIAN_POINT('',(-9.205238325574E-1,1.958062268684E0,
3.984993840662E-1));
#9235=CARTESIAN_POINT('',(-9.791018156141E-1,1.918106080053E0,
-2.180039256528E-1));
#9236=CARTESIAN_POINT('',(-6.644877670828E-1,1.878149891422E0,
-7.514133420602E-1));
#9237=CARTESIAN_POINT('',(-9.659934050818E-2,1.838193702790E0,
-9.984160399672E-1));
#9238=CARTESIAN_POINT('',(5.081086483318E-1,1.798237514159E0,
-8.648650879351E-1));
#9239=CARTESIAN_POINT('',(9.191472723272E-1,1.758281325527E0,
-4.016644251570E-1));
#9240=CARTESIAN_POINT('',(9.798461293703E-1,1.718325136896E0,
2.146335986860E-1));
#9241=CARTESIAN_POINT('',(6.670694010770E-1,1.678368948265E0,
7.491224419091E-1));
#9242=CARTESIAN_POINT('',(1.000342465159E-1,1.638412759633E0,
9.980777366389E-1));
#9243=CARTESIAN_POINT('',(-5.051296995414E-1,1.598456571002E0,
8.666083345364E-1));
#9244=CARTESIAN_POINT('',(-9.177597319020E-1,1.558500382370E0,
4.048247686904E-1));
#9245=CARTESIAN_POINT('',(-9.805788678286E-1,1.518544193739E0,
-2.112607460336E-1));
#9246=CARTESIAN_POINT('',(-6.696431299487E-1,1.478588005108E0,
-7.468226679492E-1));
#9247=CARTESIAN_POINT('',(-1.034679699920E-1,1.438631816476E0,
-9.977276171435E-1));
#9248=CARTESIAN_POINT('',(5.021447705087E-1,1.398675627845E0,
-8.683413202063E-1));
#9249=CARTESIAN_POINT('',(9.163613250038E-1,1.358719439213E0,
-4.079803190113E-1));
#9250=CARTESIAN_POINT('',(9.812999963525E-1,1.318763250582E0,
2.078853914952E-1));
#9251=CARTESIAN_POINT('',(6.722089297749E-1,1.278807061951E0,
7.445140537165E-1));
#9252=CARTESIAN_POINT('',(1.069004700400E-1,1.238850873319E0,
9.973656765369E-1));
#9253=CARTESIAN_POINT('',(-4.991539021631E-1,1.198894684688E0,
8.700640544778E-1));
#9254=CARTESIAN_POINT('',(-9.149520455986E-1,1.158938496056E0,
4.111309276400E-1));
#9255=CARTESIAN_POINT('',(-9.820095911808E-1,1.118982307425E0,
-2.045071606172E-1));
#9256=CARTESIAN_POINT('',(-6.747664536591E-1,1.079026118794E0,
-7.421981730998E-1));
#9257=CARTESIAN_POINT('',(-1.103328873103E-1,1.039069930162E0,
-9.969861473041E-1));
#9258=CARTESIAN_POINT('',(4.961615385663E-1,9.991137415309E-1,
-8.717980576009E-1));
#9259=CARTESIAN_POINT('',(9.135154570665E-1,9.591575528996E-1,
-4.141961664839E-1));
#9260=CARTESIAN_POINT('',(9.596845180132E-1,9.325200938120E-1,
-4.181341568633E-3));
#9261=CARTESIAN_POINT('',(9.202796928900E-1,9.192013642682E-1,
1.883504783067E-1));
#9262=CARTESIAN_POINT('',(5.158375992955E-1,2.236604832888E0,
-8.643458050787E-1));
#9263=CARTESIAN_POINT('',(6.966674841002E-1,2.223286103344E0,
-7.564273618926E-1));
#9264=CARTESIAN_POINT('',(9.877770639430E-1,2.196648644256E0,
-4.236614342267E-1));
#9265=CARTESIAN_POINT('',(1.048368926141E0,2.156692455625E0,2.372233821623E-1));
#9266=CARTESIAN_POINT('',(7.092530838777E-1,2.116736266993E0,
8.076206314191E-1));
#9267=CARTESIAN_POINT('',(9.983077947860E-2,2.076780078362E0,1.070205569149E0));
#9268=CARTESIAN_POINT('',(-5.476509590061E-1,2.036823889731E0,
9.248688631920E-1));
#9269=CARTESIAN_POINT('',(-9.863892958784E-1,1.996867701099E0,
4.270128734907E-1));
#9270=CARTESIAN_POINT('',(-1.049158659819E0,1.956911512468E0,
-2.336025761832E-1));
#9271=CARTESIAN_POINT('',(-7.120332983359E-1,1.916955323837E0,
-8.051785854683E-1));
#9272=CARTESIAN_POINT('',(-1.035112314273E-1,1.876999135205E0,
-1.069854858533E0));
#9273=CARTESIAN_POINT('',(5.444649167478E-1,1.837042946574E0,
-9.267480481718E-1));
#9274=CARTESIAN_POINT('',(9.849142397983E-1,1.797086757942E0,
-4.304043800901E-1));
#9275=CARTESIAN_POINT('',(1.049956230827E0,1.757130569311E0,2.299910950611E-1));
#9276=CARTESIAN_POINT('',(7.147996538040E-1,1.717174380680E0,
8.027237664761E-1));
#9277=CARTESIAN_POINT('',(1.071919123598E-1,1.677218192048E0,1.069492348873E0));
#9278=CARTESIAN_POINT('',(-5.412728177539E-1,1.637262003417E0,
9.286160278229E-1));
#9279=CARTESIAN_POINT('',(-9.834274178665E-1,1.597305814785E0,
4.337908530117E-1));
#9280=CARTESIAN_POINT('',(-1.050741398301E0,1.557349626154E0,
-2.263769075353E-1));
#9281=CARTESIAN_POINT('',(-7.175575385211E-1,1.517393437523E0,
-8.002594387349E-1));
#9282=CARTESIAN_POINT('',(-1.108713261479E-1,1.477437248891E0,
-1.069117177573E0));
#9283=CARTESIAN_POINT('',(5.380743106183E-1,1.437481060260E0,
-9.304730123509E-1));
#9284=CARTESIAN_POINT('',(9.819289519420E-1,1.397524871628E0,
-4.371721897561E-1));
#9285=CARTESIAN_POINT('',(1.051514125124E0,1.357568682997E0,2.227600391080E-1));
#9286=CARTESIAN_POINT('',(7.203069268524E-1,1.317612494366E0,
7.977856381804E-1));
#9287=CARTESIAN_POINT('',(1.145494289690E-1,1.277656305734E0,1.068729339337E0));
#9288=CARTESIAN_POINT('',(-5.348694391993E-1,1.237700117103E0,
9.323190119708E-1));
#9289=CARTESIAN_POINT('',(-9.804188355593E-1,1.197743928471E0,
4.405482312197E-1));
#9290=CARTESIAN_POINT('',(-1.052274492991E0,1.157787739840E0,
-2.191400885330E-1));
#9291=CARTESIAN_POINT('',(-7.230474470803E-1,1.117831551209E0,
-7.953040513164E-1));
#9292=CARTESIAN_POINT('',(-1.182274430896E-1,1.077875362577E0,
-1.068322653969E0));
#9293=CARTESIAN_POINT('',(5.316629655407E-1,1.037919173946E0,
-9.341770867530E-1));
#9294=CARTESIAN_POINT('',(9.788794560229E-1,9.979629853145E-1,
-4.438327945063E-1));
#9295=CARTESIAN_POINT('',(1.028352012743E0,9.713255262269E-1,
-4.480525565811E-3));
#9296=CARTESIAN_POINT('',(9.861276874919E-1,9.580067966831E-1,
2.018273607965E-1));
#9297=B_SPLINE_SURFACE_WITH_KNOTS('',3,3,((#9157,#9158,#9159,#9160,#9161,#9162,
#9163,#9164,#9165,#9166,#9167,#9168,#9169,#9170,#9171,#9172,#9173,#9174,#9175,
#9176,#9177,#9178,#9179,#9180,#9181,#9182,#9183,#9184,#9185,#9186,#9187,#9188,
#9189,#9190,#9191),(#9192,#9193,#9194,#9195,#9196,#9197,#9198,#9199,#9200,#9201,
#9202,#9203,#9204,#9205,#9206,#9207,#9208,#9209,#9210,#9211,#9212,#9213,#9214,
#9215,#9216,#9217,#9218,#9219,#9220,#9221,#9222,#9223,#9224,#9225,#9226),(#9227,
#9228,#9229,#9230,#9231,#9232,#9233,#9234,#9235,#9236,#9237,#9238,#9239,#9240,
#9241,#9242,#9243,#9244,#9245,#9246,#9247,#9248,#9249,#9250,#9251,#9252,#9253,
#9254,#9255,#9256,#9257,#9258,#9259,#9260,#9261),(#9262,#9263,#9264,#9265,#9266,
#9267,#9268,#9269,#9270,#9271,#9272,#9273,#9274,#9275,#9276,#9277,#9278,#9279,
#9280,#9281,#9282,#9283,#9284,#9285,#9286,#9287,#9288,#9289,#9290,#9291,#9292,
#9293,#9294,#9295,#9296)),.UNSPECIFIED.,.F.,.F.,.F.,(4,4),(4,1,1,1,1,1,1,1,1,1,
1,1,1,1,1,1,1,1,1,1,1,1,1,1,1,1,1,1,1,1,1,1,4),(-3.485130413038E-2,
1.034851304130E0),(-1.999999999999E-2,1.250000000001E-2,4.500000000001E-2,
7.750000000001E-2,1.1E-1,1.425E-1,1.75E-1,2.075E-1,2.4E-1,2.725E-1,3.05E-1,
3.375E-1,3.7E-1,4.025E-1,4.35E-1,4.675E-1,5.E-1,5.325E-1,5.65E-1,5.975E-1,
6.3E-1,6.625E-1,6.95E-1,7.275E-1,7.6E-1,7.925E-1,8.25E-1,8.575E-1,8.9E-1,
9.225E-1,9.55E-1,9.875E-1,1.02E0),.UNSPECIFIED.);
#9298=ORIENTED_EDGE('',*,*,#7517,.T.);
#9299=ORIENTED_EDGE('',*,*,#7642,.T.);
#9300=ORIENTED_EDGE('',*,*,#7887,.T.);
#9302=ORIENTED_EDGE('',*,*,#9301,.T.);
#9303=ORIENTED_EDGE('',*,*,#9145,.F.);
#9304=ORIENTED_EDGE('',*,*,#7716,.T.);
#9305=ORIENTED_EDGE('',*,*,#7549,.T.);
#9306=ORIENTED_EDGE('',*,*,#7700,.T.);
#9307=ORIENTED_EDGE('',*,*,#7533,.T.);
#9308=ORIENTED_EDGE('',*,*,#7686,.T.);
#9309=EDGE_LOOP('',(#9298,#9299,#9300,#9302,#9303,#9304,#9305,#9306,#9307,
#9308));
#9310=FACE_OUTER_BOUND('',#9309,.F.);
#9311=ADVANCED_FACE('',(#9310),#9297,.F.);
#9312=CARTESIAN_POINT('',(5.124709364282E-1,2.225226175634E0,
-8.587045704527E-1));
#9313=CARTESIAN_POINT('',(6.921206178911E-1,2.211907446090E0,
-7.514904671904E-1));
#9314=CARTESIAN_POINT('',(9.813302435349E-1,2.185269987002E0,
-4.208963678165E-1));
#9315=CARTESIAN_POINT('',(1.041526647215E0,2.145313798371E0,2.356751213277E-1));
#9316=CARTESIAN_POINT('',(7.046240765616E-1,2.105357609739E0,
8.023496190027E-1));
#9317=CARTESIAN_POINT('',(9.917922445673E-2,2.065401421108E0,1.063220771308E0));
#9318=CARTESIAN_POINT('',(-5.440766632384E-1,2.025445232477E0,
9.188326191045E-1));
#9319=CARTESIAN_POINT('',(-9.799515328698E-1,1.985489043845E0,
4.242259335952E-1));
#9320=CARTESIAN_POINT('',(-1.042311226621E0,1.945532855214E0,
-2.320779468812E-1));
#9321=CARTESIAN_POINT('',(-7.073861456872E-1,1.905576666583E0,
-7.999235112957E-1));
#9322=CARTESIAN_POINT('',(-1.028356555878E-1,1.865620477951E0,
-1.062872349638E0));
#9323=CARTESIAN_POINT('',(5.409114149862E-1,1.825664289320E0,
-9.206995394058E-1));
#9324=CARTESIAN_POINT('',(9.784861038826E-1,1.785708100688E0,
-4.275953052061E-1));
#9325=CARTESIAN_POINT('',(1.043103592207E0,1.745751912057E0,2.284900364322E-1));
#9326=CARTESIAN_POINT('',(7.101344462749E-1,1.705795723426E0,
7.974847139118E-1));
#9327=CARTESIAN_POINT('',(1.064923142081E-1,1.665839534794E0,1.062512205931E0));
#9328=CARTESIAN_POINT('',(-5.377401495282E-1,1.625883346163E0,
9.225553275111E-1));
#9329=CARTESIAN_POINT('',(-9.770089858348E-1,1.585927157531E0,
4.309596759920E-1));
#9330=CARTESIAN_POINT('',(-1.043883635211E0,1.545970968900E0,
-2.248994372430E-1));
#9331=CARTESIAN_POINT('',(-7.128743313966E-1,1.506014780269E0,
-7.950364698387E-1));
#9332=CARTESIAN_POINT('',(-1.101477139543E-1,1.466058591637E0,
-1.062139483222E0));
#9333=CARTESIAN_POINT('',(5.345625177519E-1,1.426102403006E0,
-9.244001922540E-1));
#9334=CARTESIAN_POINT('',(9.755202997899E-1,1.386146214374E0,
-4.343189441224E-1));
#9335=CARTESIAN_POINT('',(1.044651318760E0,1.346190025743E0,2.213061746495E-1));
#9336=CARTESIAN_POINT('',(7.156057755850E-1,1.306233837112E0,
7.925788147773E-1));
#9337=CARTESIAN_POINT('',(1.138018112895E-1,1.266277648480E0,1.061754176249E0));
#9338=CARTESIAN_POINT('',(-5.313785632293E-1,1.226321459849E0,
9.262341437828E-1));
#9339=CARTESIAN_POINT('',(-9.740200393246E-1,1.186365271217E0,
4.376729515321E-1));
#9340=CARTESIAN_POINT('',(-1.045406724014E0,1.146409082586E0,
-2.177098500241E-1));
#9341=CARTESIAN_POINT('',(-7.183284095484E-1,1.106452893955E0,
-7.901134242247E-1));
#9342=CARTESIAN_POINT('',(-1.174558205031E-1,1.066496705323E0,
-1.061350145152E0));
#9343=CARTESIAN_POINT('',(5.281930169242E-1,1.026540516692E0,
-9.280800916642E-1));
#9344=CARTESIAN_POINT('',(9.724907066942E-1,9.865843280606E-1,
-4.409360778059E-1));
#9345=CARTESIAN_POINT('',(1.021640376095E0,9.599468689730E-1,
-4.451282992041E-3));
#9346=CARTESIAN_POINT('',(9.796916318951E-1,9.466281394292E-1,
2.005101154422E-1));
#9347=CARTESIAN_POINT('',(5.124709364282E-1,2.246950023302E0,
-8.587045704527E-1));
#9348=CARTESIAN_POINT('',(6.921206178911E-1,2.233631293758E0,
-7.514904671904E-1));
#9349=CARTESIAN_POINT('',(9.813302435349E-1,2.206993834671E0,
-4.208963678165E-1));
#9350=CARTESIAN_POINT('',(1.041526647215E0,2.167037646039E0,2.356751213277E-1));
#9351=CARTESIAN_POINT('',(7.046240765616E-1,2.127081457408E0,
8.023496190027E-1));
#9352=CARTESIAN_POINT('',(9.917922445673E-2,2.087125268777E0,1.063220771308E0));
#9353=CARTESIAN_POINT('',(-5.440766632384E-1,2.047169080145E0,
9.188326191045E-1));
#9354=CARTESIAN_POINT('',(-9.799515328698E-1,2.007212891514E0,
4.242259335952E-1));
#9355=CARTESIAN_POINT('',(-1.042311226621E0,1.967256702882E0,
-2.320779468812E-1));
#9356=CARTESIAN_POINT('',(-7.073861456872E-1,1.927300514251E0,
-7.999235112957E-1));
#9357=CARTESIAN_POINT('',(-1.028356555878E-1,1.887344325620E0,
-1.062872349638E0));
#9358=CARTESIAN_POINT('',(5.409114149862E-1,1.847388136988E0,
-9.206995394058E-1));
#9359=CARTESIAN_POINT('',(9.784861038826E-1,1.807431948357E0,
-4.275953052061E-1));
#9360=CARTESIAN_POINT('',(1.043103592207E0,1.767475759725E0,2.284900364322E-1));
#9361=CARTESIAN_POINT('',(7.101344462749E-1,1.727519571094E0,
7.974847139118E-1));
#9362=CARTESIAN_POINT('',(1.064923142081E-1,1.687563382463E0,1.062512205931E0));
#9363=CARTESIAN_POINT('',(-5.377401495282E-1,1.647607193831E0,
9.225553275111E-1));
#9364=CARTESIAN_POINT('',(-9.770089858348E-1,1.607651005200E0,
4.309596759920E-1));
#9365=CARTESIAN_POINT('',(-1.043883635211E0,1.567694816568E0,
-2.248994372430E-1));
#9366=CARTESIAN_POINT('',(-7.128743313966E-1,1.527738627937E0,
-7.950364698387E-1));
#9367=CARTESIAN_POINT('',(-1.101477139543E-1,1.487782439306E0,
-1.062139483222E0));
#9368=CARTESIAN_POINT('',(5.345625177519E-1,1.447826250674E0,
-9.244001922540E-1));
#9369=CARTESIAN_POINT('',(9.755202997899E-1,1.407870062043E0,
-4.343189441224E-1));
#9370=CARTESIAN_POINT('',(1.044651318760E0,1.367913873411E0,2.213061746495E-1));
#9371=CARTESIAN_POINT('',(7.156057755850E-1,1.327957684780E0,
7.925788147773E-1));
#9372=CARTESIAN_POINT('',(1.138018112895E-1,1.288001496149E0,1.061754176249E0));
#9373=CARTESIAN_POINT('',(-5.313785632293E-1,1.248045307517E0,
9.262341437828E-1));
#9374=CARTESIAN_POINT('',(-9.740200393246E-1,1.208089118886E0,
4.376729515321E-1));
#9375=CARTESIAN_POINT('',(-1.045406724014E0,1.168132930255E0,
-2.177098500241E-1));
#9376=CARTESIAN_POINT('',(-7.183284095484E-1,1.128176741623E0,
-7.901134242247E-1));
#9377=CARTESIAN_POINT('',(-1.174558205031E-1,1.088220552992E0,
-1.061350145152E0));
#9378=CARTESIAN_POINT('',(5.281930169242E-1,1.048264364360E0,
-9.280800916642E-1));
#9379=CARTESIAN_POINT('',(9.724907066942E-1,1.008308175729E0,
-4.409360778059E-1));
#9380=CARTESIAN_POINT('',(1.021640376095E0,9.816707166414E-1,
-4.451282992041E-3));
#9381=CARTESIAN_POINT('',(9.796916318951E-1,9.683519870976E-1,
2.005101154422E-1));
#9382=CARTESIAN_POINT('',(5.124709364282E-1,2.268673870970E0,
-8.587045704527E-1));
#9383=CARTESIAN_POINT('',(6.921206178911E-1,2.255355141427E0,
-7.514904671904E-1));
#9384=CARTESIAN_POINT('',(9.813302435349E-1,2.228717682339E0,
-4.208963678165E-1));
#9385=CARTESIAN_POINT('',(1.041526647215E0,2.188761493708E0,2.356751213277E-1));
#9386=CARTESIAN_POINT('',(7.046240765616E-1,2.148805305076E0,
8.023496190027E-1));
#9387=CARTESIAN_POINT('',(9.917922445673E-2,2.108849116445E0,1.063220771308E0));
#9388=CARTESIAN_POINT('',(-5.440766632384E-1,2.068892927814E0,
9.188326191045E-1));
#9389=CARTESIAN_POINT('',(-9.799515328698E-1,2.028936739182E0,
4.242259335952E-1));
#9390=CARTESIAN_POINT('',(-1.042311226621E0,1.988980550551E0,
-2.320779468812E-1));
#9391=CARTESIAN_POINT('',(-7.073861456872E-1,1.949024361919E0,
-7.999235112957E-1));
#9392=CARTESIAN_POINT('',(-1.028356555878E-1,1.909068173288E0,
-1.062872349638E0));
#9393=CARTESIAN_POINT('',(5.409114149862E-1,1.869111984657E0,
-9.206995394058E-1));
#9394=CARTESIAN_POINT('',(9.784861038826E-1,1.829155796025E0,
-4.275953052061E-1));
#9395=CARTESIAN_POINT('',(1.043103592207E0,1.789199607394E0,2.284900364322E-1));
#9396=CARTESIAN_POINT('',(7.101344462749E-1,1.749243418762E0,
7.974847139118E-1));
#9397=CARTESIAN_POINT('',(1.064923142081E-1,1.709287230131E0,1.062512205931E0));
#9398=CARTESIAN_POINT('',(-5.377401495282E-1,1.669331041500E0,
9.225553275111E-1));
#9399=CARTESIAN_POINT('',(-9.770089858348E-1,1.629374852868E0,
4.309596759920E-1));
#9400=CARTESIAN_POINT('',(-1.043883635211E0,1.589418664237E0,
-2.248994372430E-1));
#9401=CARTESIAN_POINT('',(-7.128743313966E-1,1.549462475605E0,
-7.950364698387E-1));
#9402=CARTESIAN_POINT('',(-1.101477139543E-1,1.509506286974E0,
-1.062139483222E0));
#9403=CARTESIAN_POINT('',(5.345625177519E-1,1.469550098343E0,
-9.244001922540E-1));
#9404=CARTESIAN_POINT('',(9.755202997899E-1,1.429593909711E0,
-4.343189441224E-1));
#9405=CARTESIAN_POINT('',(1.044651318760E0,1.389637721080E0,2.213061746495E-1));
#9406=CARTESIAN_POINT('',(7.156057755850E-1,1.349681532448E0,
7.925788147773E-1));
#9407=CARTESIAN_POINT('',(1.138018112895E-1,1.309725343817E0,1.061754176249E0));
#9408=CARTESIAN_POINT('',(-5.313785632293E-1,1.269769155186E0,
9.262341437828E-1));
#9409=CARTESIAN_POINT('',(-9.740200393246E-1,1.229812966554E0,
4.376729515321E-1));
#9410=CARTESIAN_POINT('',(-1.045406724014E0,1.189856777923E0,
-2.177098500241E-1));
#9411=CARTESIAN_POINT('',(-7.183284095484E-1,1.149900589292E0,
-7.901134242247E-1));
#9412=CARTESIAN_POINT('',(-1.174558205031E-1,1.109944400660E0,
-1.061350145152E0));
#9413=CARTESIAN_POINT('',(5.281930169242E-1,1.069988212029E0,
-9.280800916642E-1));
#9414=CARTESIAN_POINT('',(9.724907066942E-1,1.030032023397E0,
-4.409360778059E-1));
#9415=CARTESIAN_POINT('',(1.021640376095E0,1.003394564310E0,
-4.451282992041E-3));
#9416=CARTESIAN_POINT('',(9.796916318951E-1,9.900758347660E-1,
2.005101154422E-1));
#9417=CARTESIAN_POINT('',(5.124709364282E-1,2.290397718639E0,
-8.587045704527E-1));
#9418=CARTESIAN_POINT('',(6.921206178911E-1,2.277078989095E0,
-7.514904671904E-1));
#9419=CARTESIAN_POINT('',(9.813302435349E-1,2.250441530008E0,
-4.208963678165E-1));
#9420=CARTESIAN_POINT('',(1.041526647215E0,2.210485341376E0,2.356751213277E-1));
#9421=CARTESIAN_POINT('',(7.046240765616E-1,2.170529152745E0,
8.023496190027E-1));
#9422=CARTESIAN_POINT('',(9.917922445673E-2,2.130572964113E0,1.063220771308E0));
#9423=CARTESIAN_POINT('',(-5.440766632384E-1,2.090616775482E0,
9.188326191045E-1));
#9424=CARTESIAN_POINT('',(-9.799515328698E-1,2.050660586851E0,
4.242259335952E-1));
#9425=CARTESIAN_POINT('',(-1.042311226621E0,2.010704398219E0,
-2.320779468812E-1));
#9426=CARTESIAN_POINT('',(-7.073861456872E-1,1.970748209588E0,
-7.999235112957E-1));
#9427=CARTESIAN_POINT('',(-1.028356555878E-1,1.930792020956E0,
-1.062872349638E0));
#9428=CARTESIAN_POINT('',(5.409114149862E-1,1.890835832325E0,
-9.206995394058E-1));
#9429=CARTESIAN_POINT('',(9.784861038826E-1,1.850879643694E0,
-4.275953052061E-1));
#9430=CARTESIAN_POINT('',(1.043103592207E0,1.810923455062E0,2.284900364322E-1));
#9431=CARTESIAN_POINT('',(7.101344462749E-1,1.770967266431E0,
7.974847139118E-1));
#9432=CARTESIAN_POINT('',(1.064923142081E-1,1.731011077799E0,1.062512205931E0));
#9433=CARTESIAN_POINT('',(-5.377401495282E-1,1.691054889168E0,
9.225553275111E-1));
#9434=CARTESIAN_POINT('',(-9.770089858348E-1,1.651098700537E0,
4.309596759920E-1));
#9435=CARTESIAN_POINT('',(-1.043883635211E0,1.611142511905E0,
-2.248994372430E-1));
#9436=CARTESIAN_POINT('',(-7.128743313966E-1,1.571186323274E0,
-7.950364698387E-1));
#9437=CARTESIAN_POINT('',(-1.101477139543E-1,1.531230134642E0,
-1.062139483222E0));
#9438=CARTESIAN_POINT('',(5.345625177519E-1,1.491273946011E0,
-9.244001922540E-1));
#9439=CARTESIAN_POINT('',(9.755202997899E-1,1.451317757380E0,
-4.343189441224E-1));
#9440=CARTESIAN_POINT('',(1.044651318760E0,1.411361568748E0,2.213061746495E-1));
#9441=CARTESIAN_POINT('',(7.156057755850E-1,1.371405380117E0,
7.925788147773E-1));
#9442=CARTESIAN_POINT('',(1.138018112895E-1,1.331449191486E0,1.061754176249E0));
#9443=CARTESIAN_POINT('',(-5.313785632293E-1,1.291493002854E0,
9.262341437828E-1));
#9444=CARTESIAN_POINT('',(-9.740200393246E-1,1.251536814223E0,
4.376729515321E-1));
#9445=CARTESIAN_POINT('',(-1.045406724014E0,1.211580625591E0,
-2.177098500241E-1));
#9446=CARTESIAN_POINT('',(-7.183284095484E-1,1.171624436960E0,
-7.901134242247E-1));
#9447=CARTESIAN_POINT('',(-1.174558205031E-1,1.131668248329E0,
-1.061350145152E0));
#9448=CARTESIAN_POINT('',(5.281930169242E-1,1.091712059697E0,
-9.280800916642E-1));
#9449=CARTESIAN_POINT('',(9.724907066942E-1,1.051755871066E0,
-4.409360778059E-1));
#9450=CARTESIAN_POINT('',(1.021640376095E0,1.025118411978E0,
-4.451282992041E-3));
#9451=CARTESIAN_POINT('',(9.796916318951E-1,1.011799682434E0,
2.005101154422E-1));
#9452=B_SPLINE_SURFACE_WITH_KNOTS('',3,3,((#9312,#9313,#9314,#9315,#9316,#9317,
#9318,#9319,#9320,#9321,#9322,#9323,#9324,#9325,#9326,#9327,#9328,#9329,#9330,
#9331,#9332,#9333,#9334,#9335,#9336,#9337,#9338,#9339,#9340,#9341,#9342,#9343,
#9344,#9345,#9346),(#9347,#9348,#9349,#9350,#9351,#9352,#9353,#9354,#9355,#9356,
#9357,#9358,#9359,#9360,#9361,#9362,#9363,#9364,#9365,#9366,#9367,#9368,#9369,
#9370,#9371,#9372,#9373,#9374,#9375,#9376,#9377,#9378,#9379,#9380,#9381),(#9382,
#9383,#9384,#9385,#9386,#9387,#9388,#9389,#9390,#9391,#9392,#9393,#9394,#9395,
#9396,#9397,#9398,#9399,#9400,#9401,#9402,#9403,#9404,#9405,#9406,#9407,#9408,
#9409,#9410,#9411,#9412,#9413,#9414,#9415,#9416),(#9417,#9418,#9419,#9420,#9421,
#9422,#9423,#9424,#9425,#9426,#9427,#9428,#9429,#9430,#9431,#9432,#9433,#9434,
#9435,#9436,#9437,#9438,#9439,#9440,#9441,#9442,#9443,#9444,#9445,#9446,#9447,
#9448,#9449,#9450,#9451)),.UNSPECIFIED.,.F.,.F.,.F.,(4,4),(4,1,1,1,1,1,1,1,1,1,
1,1,1,1,1,1,1,1,1,1,1,1,1,1,1,1,1,1,1,1,1,1,4),(-1.517154300525E-1,
1.151715430053E0),(-1.999999999999E-2,1.250000000001E-2,4.500000000001E-2,
7.75E-2,1.1E-1,1.425E-1,1.75E-1,2.075E-1,2.4E-1,2.725E-1,3.05E-1,3.375E-1,
3.7E-1,4.025E-1,4.35E-1,4.675E-1,5.E-1,5.325E-1,5.65E-1,5.975E-1,6.3E-1,
6.625E-1,6.95E-1,7.275E-1,7.6E-1,7.925E-1,8.25E-1,8.575E-1,8.9E-1,9.225E-1,
9.55E-1,9.875E-1,1.02E0),.UNSPECIFIED.);
#9453=ORIENTED_EDGE('',*,*,#8042,.T.);
#9454=ORIENTED_EDGE('',*,*,#8669,.T.);
#9455=ORIENTED_EDGE('',*,*,#8996,.F.);
#9456=ORIENTED_EDGE('',*,*,#9301,.F.);
#9457=EDGE_LOOP('',(#9453,#9454,#9455,#9456));
#9458=FACE_OUTER_BOUND('',#9457,.F.);
#9459=ADVANCED_FACE('',(#9458),#9452,.F.);
#9460=CARTESIAN_POINT('',(0.E0,1.367611443452E-1,0.E0));
#9461=DIRECTION('',(0.E0,-1.E0,0.E0));
#9462=DIRECTION('',(1.E0,0.E0,0.E0));
#9463=AXIS2_PLACEMENT_3D('',#9460,#9461,#9462);
#9464=CONICAL_SURFACE('',#9463,9.747388556548E-1,4.5E1);
#9465=ORIENTED_EDGE('',*,*,#9149,.F.);
#9466=ORIENTED_EDGE('',*,*,#8845,.F.);
#9467=ORIENTED_EDGE('',*,*,#6995,.F.);
#9468=ORIENTED_EDGE('',*,*,#8842,.T.);
#9469=EDGE_LOOP('',(#9465,#9466,#9467,#9468));
#9470=FACE_OUTER_BOUND('',#9469,.F.);
#9471=ADVANCED_FACE('',(#9470),#9464,.F.);
#9472=CARTESIAN_POINT('',(1.5E0,0.E0,-1.5E0));
#9473=DIRECTION('',(0.E0,0.E0,-1.E0));
#9474=DIRECTION('',(-1.E0,0.E0,0.E0));
#9475=AXIS2_PLACEMENT_3D('',#9472,#9473,#9474);
#9476=PLANE('',#9475);
#9477=ORIENTED_EDGE('',*,*,#7020,.T.);
#9479=ORIENTED_EDGE('',*,*,#9478,.F.);
#9480=ORIENTED_EDGE('',*,*,#6985,.F.);
#9481=ORIENTED_EDGE('',*,*,#7007,.T.);
#9482=EDGE_LOOP('',(#9477,#9479,#9480,#9481));
#9483=FACE_OUTER_BOUND('',#9482,.F.);
#9484=ADVANCED_FACE('',(#9483),#9476,.T.);
#9485=CARTESIAN_POINT('',(-1.5E0,0.E0,-1.5E0));
#9486=DIRECTION('',(-1.E0,0.E0,0.E0));
#9487=DIRECTION('',(0.E0,0.E0,1.E0));
#9488=AXIS2_PLACEMENT_3D('',#9485,#9486,#9487);
#9489=PLANE('',#9488);
#9490=ORIENTED_EDGE('',*,*,#7025,.T.);
#9492=ORIENTED_EDGE('',*,*,#9491,.F.);
#9493=ORIENTED_EDGE('',*,*,#6987,.F.);
#9494=ORIENTED_EDGE('',*,*,#9478,.T.);
#9495=EDGE_LOOP('',(#9490,#9492,#9493,#9494));
#9496=FACE_OUTER_BOUND('',#9495,.F.);
#9497=ADVANCED_FACE('',(#9496),#9489,.T.);
#9498=CARTESIAN_POINT('',(-1.5E0,0.E0,1.5E0));
#9499=DIRECTION('',(0.E0,0.E0,1.E0));
#9500=DIRECTION('',(1.E0,0.E0,0.E0));
#9501=AXIS2_PLACEMENT_3D('',#9498,#9499,#9500);
#9502=PLANE('',#9501);
#9503=ORIENTED_EDGE('',*,*,#7023,.T.);
#9504=ORIENTED_EDGE('',*,*,#7010,.F.);
#9505=ORIENTED_EDGE('',*,*,#6989,.F.);
#9506=ORIENTED_EDGE('',*,*,#9491,.T.);
#9507=EDGE_LOOP('',(#9503,#9504,#9505,#9506));
#9508=FACE_OUTER_BOUND('',#9507,.F.);
#9509=ADVANCED_FACE('',(#9508),#9502,.T.);
#9510=CLOSED_SHELL('',(#6999,#7014,#7035,#7050,#7068,#7097,#7109,#7125,#7147,
#7159,#7178,#7189,#7199,#7209,#7224,#7241,#7253,#7274,#7433,#7448,#7463,#7479,
#7495,#7511,#7527,#7543,#7559,#7575,#7591,#7606,#7619,#7634,#7650,#7664,#7680,
#7694,#7710,#7726,#7740,#7896,#8047,#8198,#8212,#8364,#8519,#8675,#8830,#8851,
#9001,#9156,#9311,#9459,#9471,#9484,#9497,#9509));
#9511=CARTESIAN_POINT('',(0.E0,4.3885E0,0.E0));
#9512=DIRECTION('',(0.E0,1.E0,0.E0));
#9513=DIRECTION('',(-1.E0,0.E0,0.E0));
#9514=AXIS2_PLACEMENT_3D('',#9511,#9512,#9513);
#9516=DIRECTION('',(0.E0,-1.E0,0.E0));
#9517=VECTOR('',#9516,4.277E0);
#9518=CARTESIAN_POINT('',(1.E0,4.3885E0,0.E0));
#9519=LINE('',#9518,#9517);
#9520=CARTESIAN_POINT('',(0.E0,1.115E-1,0.E0));
#9521=DIRECTION('',(0.E0,-1.E0,0.E0));
#9522=DIRECTION('',(1.E0,0.E0,0.E0));
#9523=AXIS2_PLACEMENT_3D('',#9520,#9521,#9522);
#9525=CARTESIAN_POINT('',(0.E0,4.3885E0,0.E0));
#9526=DIRECTION('',(0.E0,1.E0,0.E0));
#9527=DIRECTION('',(1.E0,0.E0,0.E0));
#9528=AXIS2_PLACEMENT_3D('',#9525,#9526,#9527);
#9530=DIRECTION('',(0.E0,-1.E0,0.E0));
#9531=VECTOR('',#9530,4.277E0);
#9532=CARTESIAN_POINT('',(-1.E0,4.3885E0,0.E0));
#9533=LINE('',#9532,#9531);
#9534=CARTESIAN_POINT('',(0.E0,1.115E-1,0.E0));
#9535=DIRECTION('',(0.E0,-1.E0,0.E0));
#9536=DIRECTION('',(-1.E0,0.E0,0.E0));
#9537=AXIS2_PLACEMENT_3D('',#9534,#9535,#9536);
#9539=CARTESIAN_POINT('',(1.E0,1.115E-1,0.E0));
#9540=CARTESIAN_POINT('',(-1.E0,1.115E-1,0.E0));
#9541=VERTEX_POINT('',#9539);
#9542=VERTEX_POINT('',#9540);
#9543=CARTESIAN_POINT('',(1.E0,4.3885E0,0.E0));
#9544=CARTESIAN_POINT('',(-1.E0,4.3885E0,0.E0));
#9545=VERTEX_POINT('',#9543);
#9546=VERTEX_POINT('',#9544);
#9547=CARTESIAN_POINT('',(0.E0,4.95E0,0.E0));
#9548=DIRECTION('',(0.E0,-1.E0,0.E0));
#9549=DIRECTION('',(1.E0,0.E0,0.E0));
#9550=AXIS2_PLACEMENT_3D('',#9547,#9548,#9549);
#9551=CYLINDRICAL_SURFACE('',#9550,1.E0);
#9553=ORIENTED_EDGE('',*,*,#9552,.T.);
#9555=ORIENTED_EDGE('',*,*,#9554,.T.);
#9557=ORIENTED_EDGE('',*,*,#9556,.T.);
#9559=ORIENTED_EDGE('',*,*,#9558,.F.);
#9560=EDGE_LOOP('',(#9553,#9555,#9557,#9559));
#9561=FACE_OUTER_BOUND('',#9560,.F.);
#9562=ADVANCED_FACE('',(#9561),#9551,.T.);
#9563=CARTESIAN_POINT('',(0.E0,4.95E0,0.E0));
#9564=DIRECTION('',(0.E0,-1.E0,0.E0));
#9565=DIRECTION('',(1.E0,0.E0,0.E0));
#9566=AXIS2_PLACEMENT_3D('',#9563,#9564,#9565);
#9567=CYLINDRICAL_SURFACE('',#9566,1.E0);
#9569=ORIENTED_EDGE('',*,*,#9568,.T.);
#9570=ORIENTED_EDGE('',*,*,#9558,.T.);
#9572=ORIENTED_EDGE('',*,*,#9571,.T.);
#9573=ORIENTED_EDGE('',*,*,#9554,.F.);
#9574=EDGE_LOOP('',(#9569,#9570,#9572,#9573));
#9575=FACE_OUTER_BOUND('',#9574,.F.);
#9576=ADVANCED_FACE('',(#9575),#9567,.T.);
#9577=OPEN_SHELL('',(#9562,#9576));
#9578=MANIFOLD_SOLID_BREP('',#9510);
#9579=SHELL_BASED_SURFACE_MODEL('',(#9577));
#9580=(LENGTH_UNIT()NAMED_UNIT(*)SI_UNIT(.MILLI.,.METRE.));
#9581=DIMENSIONAL_EXPONENTS(0.E0,0.E0,0.E0,0.E0,0.E0,0.E0,0.E0);
#9582=(NAMED_UNIT(*)PLANE_ANGLE_UNIT()SI_UNIT($,.RADIAN.));
#9583=PLANE_ANGLE_MEASURE_WITH_UNIT(PLANE_ANGLE_MEASURE(1.745329251994E-2),
#9582);
#9584=(CONVERSION_BASED_UNIT('DEGREE',#9583)NAMED_UNIT(#9581)PLANE_ANGLE_UNIT(
));
#9585=(NAMED_UNIT(*)SI_UNIT($,.STERADIAN.)SOLID_ANGLE_UNIT());
#9586=UNCERTAINTY_MEASURE_WITH_UNIT(LENGTH_MEASURE(6.321223393137E-4),#9580,
'closure',
'Maximum model space distance between geometric entities at asserted connectivities');
#9587=(GEOMETRIC_REPRESENTATION_CONTEXT(3)GLOBAL_UNCERTAINTY_ASSIGNED_CONTEXT((
#9586))GLOBAL_UNIT_ASSIGNED_CONTEXT((#9580,#9584,#9585))REPRESENTATION_CONTEXT(
'ID3','3'));
#9588=CARTESIAN_POINT('',(0.E0,0.E0,0.E0));
#9589=DIRECTION('',(0.E0,0.E0,1.E0));
#9590=DIRECTION('',(1.E0,0.E0,0.E0));
#9593=CARTESIAN_POINT('',(0.E0,0.E0,0.E0));
#9594=DIRECTION('',(0.E0,0.E0,1.E0));
#9595=DIRECTION('',(1.E0,0.E0,0.E0));
#9598=CARTESIAN_POINT('',(0.E0,0.E0,0.E0));
#9599=DIRECTION('',(0.E0,0.E0,1.E0));
#9600=DIRECTION('',(1.E0,0.E0,0.E0));
#9603=SHAPE_REPRESENTATION_RELATIONSHIP('','',#9602,#9592);
#9604=SHAPE_REPRESENTATION_RELATIONSHIP('','',#9602,#9597);
#9605=DESIGN_CONTEXT('',#2654,'design');
#9606=MECHANICAL_CONTEXT('',#2654,'mechanical');
#9607=PRODUCT('M80-210','M80-210','NOT SPECIFIED',(#9606));
#9608=PRODUCT_DEFINITION_FORMATION_WITH_SPECIFIED_SOURCE('6','LAST_VERSION',
#9607,.MADE.);
#9614=CARTESIAN_POINT('',(-1.05E1,-2.2E0,0.E0));
#9615=DIRECTION('',(0.E0,0.E0,-1.E0));
#9616=DIRECTION('',(-1.E0,0.E0,0.E0));
#9617=AXIS2_PLACEMENT_3D('',#9614,#9615,#9616);
#9618=ITEM_DEFINED_TRANSFORMATION('','',#9601,#9617);
#9619=(REPRESENTATION_RELATIONSHIP('','',#9602,#2665)REPRESENTATION_RELATIONSHIP_WITH_TRANSFORMATION(#9618)SHAPE_REPRESENTATION_RELATIONSHIP());
#9620=CONTEXT_DEPENDENT_SHAPE_REPRESENTATION(#9619,#9613);
#9623=CARTESIAN_POINT('',(1.05E1,-2.2E0,0.E0));
#9624=DIRECTION('',(0.E0,0.E0,-1.E0));
#9625=DIRECTION('',(-1.E0,0.E0,0.E0));
#9626=AXIS2_PLACEMENT_3D('',#9623,#9624,#9625);
#9627=ITEM_DEFINED_TRANSFORMATION('','',#9601,#9626);
#9628=(REPRESENTATION_RELATIONSHIP('','',#9602,#2665)REPRESENTATION_RELATIONSHIP_WITH_TRANSFORMATION(#9627)SHAPE_REPRESENTATION_RELATIONSHIP());
#9629=CONTEXT_DEPENDENT_SHAPE_REPRESENTATION(#9628,#9622);
#9630=(LENGTH_UNIT()NAMED_UNIT(*)SI_UNIT(.MILLI.,.METRE.));
#9631=DIMENSIONAL_EXPONENTS(0.E0,0.E0,0.E0,0.E0,0.E0,0.E0,0.E0);
#9632=(NAMED_UNIT(*)PLANE_ANGLE_UNIT()SI_UNIT($,.RADIAN.));
#9633=PLANE_ANGLE_MEASURE_WITH_UNIT(PLANE_ANGLE_MEASURE(1.745329251994E-2),
#9632);
#9634=(CONVERSION_BASED_UNIT('DEGREE',#9633)NAMED_UNIT(#9631)PLANE_ANGLE_UNIT(
));
#9635=(NAMED_UNIT(*)SI_UNIT($,.STERADIAN.)SOLID_ANGLE_UNIT());
#9636=UNCERTAINTY_MEASURE_WITH_UNIT(LENGTH_MEASURE(3.230637899580E-3),#9630,
'closure',
'Maximum model space distance between geometric entities at asserted connectivities');
#9637=(GEOMETRIC_REPRESENTATION_CONTEXT(3)GLOBAL_UNCERTAINTY_ASSIGNED_CONTEXT((
#9636))GLOBAL_UNIT_ASSIGNED_CONTEXT((#9630,#9634,#9635))REPRESENTATION_CONTEXT(
'ID4','3'));
#9638=CARTESIAN_POINT('',(0.E0,0.E0,0.E0));
#9639=DIRECTION('',(0.E0,0.E0,1.E0));
#9640=DIRECTION('',(1.E0,0.E0,0.E0));
#9642=MECHANICAL_CONTEXT('',#2654,'mechanical');
#9643=PRODUCT('M80-5000000M1-04-333-00-000_ASM',
'M80-5000000M1-04-333-00-000_ASM','NOT SPECIFIED',(#9642));
#9644=PRODUCT_DEFINITION_FORMATION_WITH_SPECIFIED_SOURCE('4','LAST_VERSION',
#9643,.MADE.);
#9646=PRODUCT_CATEGORY('part','');
#9647=PRODUCT_RELATED_PRODUCT_CATEGORY('assembly','',(#9643));
#9648=PRODUCT_CATEGORY_RELATIONSHIP('','',#9646,#9647);
#9649=PRODUCT_CATEGORY('part','');
#9650=PRODUCT_RELATED_PRODUCT_CATEGORY('detail','',(#2658,#4548,#9607));
#9651=PRODUCT_CATEGORY_RELATIONSHIP('','',#9649,#9650);
#9652=SECURITY_CLASSIFICATION_LEVEL('unclassified');
#9653=SECURITY_CLASSIFICATION('','',#9652);
#9654=CC_DESIGN_SECURITY_CLASSIFICATION(#9653,(#2659,#4549,#9608,#9644,#2666,
#4553,#4562,#4571,#4580,#9612,#9621));
#9655=APPROVAL_STATUS('approved');
#9656=APPROVAL(#9655,'');
#9657=CC_DESIGN_APPROVAL(#9656,(#9653,#2659,#4549,#9608,#9644,#2660,#4550,#9609,
#9645));
#9658=CALENDAR_DATE(109,20,10);
#9659=COORDINATED_UNIVERSAL_TIME_OFFSET(1,0,.AHEAD.);
#9660=LOCAL_TIME(11,0,5.4E1,#9659);
#9661=DATE_AND_TIME(#9658,#9660);
#9662=APPROVAL_DATE_TIME(#9661,#9656);
#9663=DATE_TIME_ROLE('creation_date');
#9664=CC_DESIGN_DATE_AND_TIME_ASSIGNMENT(#9661,#9663,(#2660,#4550,#9609,#9645));
#9665=DATE_TIME_ROLE('classification_date');
#9666=CC_DESIGN_DATE_AND_TIME_ASSIGNMENT(#9661,#9665,(#9653));
#9667=PERSON('UNSPECIFIED','UNSPECIFIED',$,$,$,$);
#9668=ORGANIZATION('UNSPECIFIED','UNSPECIFIED','UNSPECIFIED');
#9669=PERSON_AND_ORGANIZATION(#9667,#9668);
#9670=APPROVAL_ROLE('approver');
#9671=APPROVAL_PERSON_ORGANIZATION(#9669,#9656,#9670);
#9672=PERSON_AND_ORGANIZATION_ROLE('creator');
#9673=CC_DESIGN_PERSON_AND_ORGANIZATION_ASSIGNMENT(#9669,#9672,(#2659,#4549,
#9608,#9644,#2660,#4550,#9609,#9645));
#9674=PERSON_AND_ORGANIZATION_ROLE('design_supplier');
#9675=CC_DESIGN_PERSON_AND_ORGANIZATION_ASSIGNMENT(#9669,#9674,(#2659,#4549,
#9608,#9644));
#9676=PERSON_AND_ORGANIZATION_ROLE('classification_officer');
#9677=CC_DESIGN_PERSON_AND_ORGANIZATION_ASSIGNMENT(#9669,#9676,(#9653));
#9678=PERSON_AND_ORGANIZATION_ROLE('design_owner');
#9679=CC_DESIGN_PERSON_AND_ORGANIZATION_ASSIGNMENT(#9669,#9678,(#9643,#2658,
#4548,#9607));
#6=CIRCLE('',#5,1.625E0);
#11=CIRCLE('',#10,1.625E0);
#16=CIRCLE('',#15,1.625E0);
#21=CIRCLE('',#20,1.625E0);
#66=CIRCLE('',#65,2.5E0);
#95=CIRCLE('',#94,2.5E0);
#112=CIRCLE('',#111,1.625E0);
#117=CIRCLE('',#116,1.625E0);
#122=CIRCLE('',#121,1.5E0);
#127=CIRCLE('',#126,1.5E0);
#140=CIRCLE('',#139,1.5E0);
#145=CIRCLE('',#144,1.5E0);
#170=CIRCLE('',#169,1.E-1);
#179=CIRCLE('',#178,1.E-1);
#188=CIRCLE('',#187,1.E-1);
#197=CIRCLE('',#196,1.E-1);
#206=CIRCLE('',#205,1.E-1);
#215=CIRCLE('',#214,1.E-1);
#224=CIRCLE('',#223,1.E-1);
#233=CIRCLE('',#232,1.E-1);
#298=CIRCLE('',#297,2.5E0);
#371=CIRCLE('',#370,2.5E0);
#404=CIRCLE('',#403,1.E-1);
#413=CIRCLE('',#412,1.E-1);
#422=CIRCLE('',#421,1.E-1);
#431=CIRCLE('',#430,1.E-1);
#440=CIRCLE('',#439,1.E-1);
#449=CIRCLE('',#448,1.E-1);
#458=CIRCLE('',#457,1.E-1);
#467=CIRCLE('',#466,1.E-1);
#472=CIRCLE('',#471,1.5E0);
#477=CIRCLE('',#476,1.5E0);
#502=CIRCLE('',#501,1.625E0);
#507=CIRCLE('',#506,1.625E0);
#512=CIRCLE('',#511,1.5E0);
#517=CIRCLE('',#516,1.5E0);
#610=CIRCLE('',#609,1.365E0);
#615=CIRCLE('',#614,1.365E0);
#732=CIRCLE('',#731,1.365E0);
#737=CIRCLE('',#736,1.365E0);
#778=CIRCLE('',#777,1.365E0);
#783=CIRCLE('',#782,1.365E0);
#788=CIRCLE('',#787,1.365E0);
#793=CIRCLE('',#792,1.365E0);
#798=CIRCLE('',#797,1.365E0);
#803=CIRCLE('',#802,1.365E0);
#808=CIRCLE('',#807,1.365E0);
#813=CIRCLE('',#812,1.365E0);
#914=CIRCLE('',#913,1.365E0);
#919=CIRCLE('',#918,1.365E0);
#940=CIRCLE('',#939,1.365E0);
#945=CIRCLE('',#944,1.365E0);
#1267=EDGE_CURVE('',#1037,#1188,#25,.T.);
#1269=EDGE_CURVE('',#1173,#1188,#29,.T.);
#1271=EDGE_CURVE('',#1172,#1173,#33,.T.);
#1273=EDGE_CURVE('',#1184,#1172,#37,.T.);
#1275=EDGE_CURVE('',#1184,#1180,#41,.T.);
#1277=EDGE_CURVE('',#1169,#1180,#45,.T.);
#1279=EDGE_CURVE('',#1168,#1169,#49,.T.);
#1281=EDGE_CURVE('',#1176,#1168,#53,.T.);
#1283=EDGE_CURVE('',#1176,#1028,#57,.T.);
#1285=EDGE_CURVE('',#1028,#1029,#61,.T.);
#1287=EDGE_CURVE('',#1029,#1031,#66,.T.);
#1289=EDGE_CURVE('',#1031,#983,#70,.T.);
#1291=EDGE_CURVE('',#983,#981,#74,.T.);
#1293=EDGE_CURVE('',#981,#1007,#78,.T.);
#1295=EDGE_CURVE('',#1003,#1007,#865,.T.);
#1297=EDGE_CURVE('',#989,#1003,#853,.T.);
#1299=EDGE_CURVE('',#988,#989,#845,.T.);
#1301=EDGE_CURVE('',#995,#988,#833,.T.);
#1303=EDGE_CURVE('',#999,#995,#817,.T.);
#1305=EDGE_CURVE('',#979,#999,#82,.T.);
#1307=EDGE_CURVE('',#979,#985,#86,.T.);
#1309=EDGE_CURVE('',#985,#1033,#90,.T.);
#1311=EDGE_CURVE('',#1033,#1035,#95,.T.);
#1313=EDGE_CURVE('',#1035,#1037,#99,.T.);
#1317=EDGE_CURVE('',#1020,#1021,#6,.T.);
#1319=EDGE_CURVE('',#1021,#1020,#11,.T.);
#1323=EDGE_CURVE('',#1096,#1097,#16,.T.);
#1325=EDGE_CURVE('',#1097,#1096,#21,.T.);
#1336=EDGE_CURVE('',#1021,#1017,#107,.T.);
#1338=EDGE_CURVE('',#1016,#1017,#112,.T.);
#1340=EDGE_CURVE('',#1020,#1016,#103,.T.);
#1352=EDGE_CURVE('',#1017,#1016,#117,.T.);
#1367=EDGE_CURVE('',#1024,#1025,#122,.T.);
#1369=EDGE_CURVE('',#1025,#1024,#127,.T.);
#1380=EDGE_CURVE('',#1025,#1013,#131,.T.);
#1382=EDGE_CURVE('',#1012,#1013,#140,.T.);
#1384=EDGE_CURVE('',#1024,#1012,#135,.T.);
#1396=EDGE_CURVE('',#1013,#1012,#145,.T.);
#1407=EDGE_CURVE('',#1061,#1057,#179,.T.);
#1409=EDGE_CURVE('',#1065,#1061,#149,.T.);
#1411=EDGE_CURVE('',#1069,#1065,#233,.T.);
#1413=EDGE_CURVE('',#1073,#1069,#153,.T.);
#1415=EDGE_CURVE('',#1077,#1073,#215,.T.);
#1417=EDGE_CURVE('',#1081,#1077,#157,.T.);
#1419=EDGE_CURVE('',#1085,#1081,#197,.T.);
#1421=EDGE_CURVE('',#1057,#1085,#161,.T.);
#1435=EDGE_CURVE('',#1056,#1057,#165,.T.);
#1437=EDGE_CURVE('',#1056,#1060,#170,.T.);
#1439=EDGE_CURVE('',#1060,#1061,#174,.T.);
#1452=EDGE_CURVE('',#1084,#1085,#192,.T.);
#1454=EDGE_CURVE('',#1056,#1084,#245,.T.);
#1464=EDGE_CURVE('',#1080,#1081,#183,.T.);
#1466=EDGE_CURVE('',#1080,#1084,#188,.T.);
#1478=EDGE_CURVE('',#1076,#1077,#210,.T.);
#1480=EDGE_CURVE('',#1080,#1076,#249,.T.);
#1492=EDGE_CURVE('',#1072,#1073,#201,.T.);
#1494=EDGE_CURVE('',#1072,#1076,#206,.T.);
#1506=EDGE_CURVE('',#1068,#1069,#228,.T.);
#1508=EDGE_CURVE('',#1072,#1068,#237,.T.);
#1520=EDGE_CURVE('',#1064,#1065,#219,.T.);
#1522=EDGE_CURVE('',#1064,#1068,#224,.T.);
#1535=EDGE_CURVE('',#1064,#1060,#241,.T.);
#1547=EDGE_CURVE('',#1140,#1141,#269,.T.);
#1549=EDGE_CURVE('',#1185,#1141,#273,.T.);
#1551=EDGE_CURVE('',#1185,#1164,#277,.T.);
#1553=EDGE_CURVE('',#1164,#1165,#281,.T.);
#1555=EDGE_CURVE('',#1165,#1189,#285,.T.);
#1557=EDGE_CURVE('',#1053,#1189,#289,.T.);
#1559=EDGE_CURVE('',#1051,#1053,#293,.T.);
#1561=EDGE_CURVE('',#1049,#1051,#298,.T.);
#1563=EDGE_CURVE('',#1048,#1049,#302,.T.);
#1565=EDGE_CURVE('',#1140,#1048,#306,.T.);
#1569=EDGE_CURVE('',#1113,#1109,#253,.T.);
#1571=EDGE_CURVE('',#1117,#1113,#467,.T.);
#1573=EDGE_CURVE('',#1121,#1117,#257,.T.);
#1575=EDGE_CURVE('',#1125,#1121,#449,.T.);
#1577=EDGE_CURVE('',#1129,#1125,#261,.T.);
#1579=EDGE_CURVE('',#1133,#1129,#431,.T.);
#1581=EDGE_CURVE('',#1105,#1133,#265,.T.);
#1583=EDGE_CURVE('',#1109,#1105,#413,.T.);
#1593=EDGE_CURVE('',#1196,#1197,#310,.T.);
#1595=EDGE_CURVE('',#1145,#1197,#314,.T.);
#1597=EDGE_CURVE('',#1144,#1145,#318,.T.);
#1599=EDGE_CURVE('',#1196,#1144,#322,.T.);
#1609=EDGE_CURVE('',#1220,#1221,#326,.T.);
#1611=EDGE_CURVE('',#1201,#1221,#330,.T.);
#1613=EDGE_CURVE('',#1200,#1201,#334,.T.);
#1615=EDGE_CURVE('',#1220,#1200,#338,.T.);
#1625=EDGE_CURVE('',#1244,#1245,#342,.T.);
#1627=EDGE_CURVE('',#1225,#1245,#346,.T.);
#1629=EDGE_CURVE('',#1224,#1225,#350,.T.);
#1631=EDGE_CURVE('',#1244,#1224,#354,.T.);
#1641=EDGE_CURVE('',#1248,#1249,#358,.T.);
#1643=EDGE_CURVE('',#1045,#1248,#362,.T.);
#1645=EDGE_CURVE('',#1043,#1045,#366,.T.);
#1647=EDGE_CURVE('',#1041,#1043,#371,.T.);
#1649=EDGE_CURVE('',#1040,#1041,#375,.T.);
#1651=EDGE_CURVE('',#1177,#1040,#379,.T.);
#1653=EDGE_CURVE('',#1177,#1160,#383,.T.);
#1655=EDGE_CURVE('',#1160,#1161,#387,.T.);
#1657=EDGE_CURVE('',#1161,#1181,#391,.T.);
#1659=EDGE_CURVE('',#1249,#1181,#395,.T.);
#1679=EDGE_CURVE('',#1107,#1109,#408,.T.);
#1681=EDGE_CURVE('',#1112,#1107,#493,.T.);
#1683=EDGE_CURVE('',#1112,#1113,#453,.T.);
#1694=EDGE_CURVE('',#1104,#1105,#399,.T.);
#1696=EDGE_CURVE('',#1104,#1107,#404,.T.);
#1710=EDGE_CURVE('',#1131,#1133,#426,.T.);
#1712=EDGE_CURVE('',#1104,#1131,#481,.T.);
#1722=EDGE_CURVE('',#1128,#1129,#417,.T.);
#1724=EDGE_CURVE('',#1128,#1131,#422,.T.);
#1736=EDGE_CURVE('',#1123,#1125,#444,.T.);
#1738=EDGE_CURVE('',#1128,#1123,#485,.T.);
#1750=EDGE_CURVE('',#1120,#1121,#435,.T.);
#1752=EDGE_CURVE('',#1120,#1123,#440,.T.);
#1764=EDGE_CURVE('',#1115,#1117,#462,.T.);
#1766=EDGE_CURVE('',#1120,#1115,#489,.T.);
#1779=EDGE_CURVE('',#1112,#1115,#458,.T.);
#1801=EDGE_CURVE('',#1088,#1089,#472,.T.);
#1803=EDGE_CURVE('',#1089,#1088,#477,.T.);
#1813=EDGE_CURVE('',#1100,#1101,#512,.T.);
#1815=EDGE_CURVE('',#1101,#1089,#497,.T.);
#1818=EDGE_CURVE('',#1100,#1088,#529,.T.);
#1828=EDGE_CURVE('',#1092,#1093,#502,.T.);
#1830=EDGE_CURVE('',#1093,#1092,#507,.T.);
#1835=EDGE_CURVE('',#1101,#1100,#517,.T.);
#1846=EDGE_CURVE('',#1096,#1092,#521,.T.);
#1849=EDGE_CURVE('',#1097,#1093,#525,.T.);
#1884=EDGE_CURVE('',#1140,#1147,#573,.T.);
#1886=EDGE_CURVE('',#1147,#1151,#533,.T.);
#1888=EDGE_CURVE('',#1141,#1151,#651,.T.);
#1898=EDGE_CURVE('',#1244,#1251,#537,.T.);
#1901=EDGE_CURVE('',#1224,#1229,#541,.T.);
#1903=EDGE_CURVE('',#1229,#1227,#545,.T.);
#1905=EDGE_CURVE('',#1220,#1227,#549,.T.);
#1908=EDGE_CURVE('',#1200,#1205,#553,.T.);
#1910=EDGE_CURVE('',#1205,#1203,#557,.T.);
#1912=EDGE_CURVE('',#1196,#1203,#561,.T.);
#1915=EDGE_CURVE('',#1144,#1149,#565,.T.);
#1917=EDGE_CURVE('',#1149,#1147,#569,.T.);
#1921=EDGE_CURVE('',#985,#1048,#723,.T.);
#1924=EDGE_CURVE('',#979,#977,#577,.T.);
#1926=EDGE_CURVE('',#976,#977,#581,.T.);
#1928=EDGE_CURVE('',#981,#976,#585,.T.);
#1931=EDGE_CURVE('',#983,#1045,#589,.T.);
#1934=EDGE_CURVE('',#1248,#1253,#593,.T.);
#1936=EDGE_CURVE('',#1253,#1251,#597,.T.);
#1948=EDGE_CURVE('',#1251,#1255,#601,.T.);
#1950=EDGE_CURVE('',#1245,#1255,#631,.T.);
#1961=EDGE_CURVE('',#1253,#1257,#605,.T.);
#1963=EDGE_CURVE('',#1257,#1255,#635,.T.);
#1968=EDGE_CURVE('',#1260,#1261,#610,.T.);
#1970=EDGE_CURVE('',#1261,#1260,#615,.T.);
#1981=EDGE_CURVE('',#1249,#1257,#639,.T.);
#1993=EDGE_CURVE('',#1176,#1177,#619,.T.);
#1996=EDGE_CURVE('',#1028,#1040,#695,.T.);
#2007=EDGE_CURVE('',#1188,#1189,#623,.T.);
#2010=EDGE_CURVE('',#1037,#1053,#627,.T.);
#2025=EDGE_CURVE('',#1180,#1181,#643,.T.);
#2028=EDGE_CURVE('',#1184,#1185,#647,.T.);
#2032=EDGE_CURVE('',#1153,#1151,#655,.T.);
#2034=EDGE_CURVE('',#1145,#1153,#659,.T.);
#2037=EDGE_CURVE('',#1197,#1207,#663,.T.);
#2039=EDGE_CURVE('',#1209,#1207,#667,.T.);
#2041=EDGE_CURVE('',#1201,#1209,#671,.T.);
#2044=EDGE_CURVE('',#1221,#1231,#675,.T.);
#2046=EDGE_CURVE('',#1233,#1231,#679,.T.);
#2048=EDGE_CURVE('',#1225,#1233,#683,.T.);
#2061=EDGE_CURVE('',#1160,#1168,#687,.T.);
#2075=EDGE_CURVE('',#1161,#1169,#691,.T.);
#2100=EDGE_CURVE('',#1029,#1041,#699,.T.);
#2113=EDGE_CURVE('',#1031,#1043,#703,.T.);
#2137=EDGE_CURVE('',#1165,#1173,#707,.T.);
#2149=EDGE_CURVE('',#1164,#1172,#711,.T.);
#2174=EDGE_CURVE('',#1035,#1051,#715,.T.);
#2187=EDGE_CURVE('',#1033,#1049,#719,.T.);
#2212=EDGE_CURVE('',#1149,#1153,#727,.T.);
#2218=EDGE_CURVE('',#1156,#1157,#732,.T.);
#2220=EDGE_CURVE('',#1157,#1156,#737,.T.);
#2243=EDGE_CURVE('',#1136,#1156,#741,.T.);
#2245=EDGE_CURVE('',#1136,#1137,#778,.T.);
#2247=EDGE_CURVE('',#1137,#1157,#745,.T.);
#2259=EDGE_CURVE('',#1137,#1136,#783,.T.);
#2271=EDGE_CURVE('',#977,#964,#749,.T.);
#2273=EDGE_CURVE('',#964,#965,#753,.T.);
#2275=EDGE_CURVE('',#965,#967,#757,.T.);
#2277=EDGE_CURVE('',#967,#969,#761,.T.);
#2279=EDGE_CURVE('',#969,#971,#765,.T.);
#2281=EDGE_CURVE('',#971,#973,#769,.T.);
#2283=EDGE_CURVE('',#973,#976,#773,.T.);
#2291=EDGE_CURVE('',#1192,#1193,#788,.T.);
#2293=EDGE_CURVE('',#1193,#1192,#793,.T.);
#2297=EDGE_CURVE('',#1216,#1217,#798,.T.);
#2299=EDGE_CURVE('',#1217,#1216,#803,.T.);
#2303=EDGE_CURVE('',#1240,#1241,#808,.T.);
#2305=EDGE_CURVE('',#1241,#1240,#813,.T.);
#2316=EDGE_CURVE('',#999,#1001,#829,.T.);
#2318=EDGE_CURVE('',#964,#1001,#901,.T.);
#2331=EDGE_CURVE('',#995,#997,#821,.T.);
#2333=EDGE_CURVE('',#1001,#997,#825,.T.);
#2345=EDGE_CURVE('',#988,#992,#837,.T.);
#2347=EDGE_CURVE('',#997,#992,#841,.T.);
#2359=EDGE_CURVE('',#989,#993,#861,.T.);
#2361=EDGE_CURVE('',#992,#993,#849,.T.);
#2373=EDGE_CURVE('',#1003,#1005,#877,.T.);
#2375=EDGE_CURVE('',#993,#1005,#857,.T.);
#2387=EDGE_CURVE('',#1007,#1009,#869,.T.);
#2389=EDGE_CURVE('',#1005,#1009,#873,.T.);
#2403=EDGE_CURVE('',#973,#1009,#881,.T.);
#2417=EDGE_CURVE('',#971,#1005,#885,.T.);
#2430=EDGE_CURVE('',#969,#993,#889,.T.);
#2443=EDGE_CURVE('',#967,#992,#893,.T.);
#2456=EDGE_CURVE('',#965,#997,#897,.T.);
#2478=EDGE_CURVE('',#1212,#1213,#914,.T.);
#2480=EDGE_CURVE('',#1192,#1212,#905,.T.);
#2483=EDGE_CURVE('',#1193,#1213,#927,.T.);
#2494=EDGE_CURVE('',#1205,#1209,#909,.T.);
#2497=EDGE_CURVE('',#1203,#1207,#923,.T.);
#2502=EDGE_CURVE('',#1213,#1212,#919,.T.);
#2548=EDGE_CURVE('',#1236,#1237,#940,.T.);
#2550=EDGE_CURVE('',#1216,#1236,#931,.T.);
#2553=EDGE_CURVE('',#1217,#1237,#953,.T.);
#2564=EDGE_CURVE('',#1229,#1233,#935,.T.);
#2567=EDGE_CURVE('',#1227,#1231,#949,.T.);
#2572=EDGE_CURVE('',#1237,#1236,#945,.T.);
#2619=EDGE_CURVE('',#1240,#1260,#957,.T.);
#2622=EDGE_CURVE('',#1241,#1261,#961,.T.);
#2652=AXIS2_PLACEMENT_3D('',#2649,#2650,#2651);
#2653=ADVANCED_BREP_SHAPE_REPRESENTATION('',(#2652,#2640),#2648);
#2660=PRODUCT_DEFINITION('design','',#2659,#2656);
#2661=PRODUCT_DEFINITION_SHAPE('','SHAPE FOR M80-271-04-00-00.',#2660);
#2662=SHAPE_DEFINITION_REPRESENTATION(#2661,#2653);
#2663=SHAPE_DEFINITION_REPRESENTATION(#2664,#2665);
#2664=PRODUCT_DEFINITION_SHAPE('','SHAPE FOR M80-5000000M1-04-333-00-000_ASM.',
#9645);
#2665=SHAPE_REPRESENTATION('',(#2671,#4558,#4567,#4576,#4585,#9617,#9626,#9641),
#9637);
#2666=NEXT_ASSEMBLY_USAGE_OCCURRENCE('1302','Next assembly relationship',
'M80-271-04-00-00',#9645,#2660,$);
#2667=PRODUCT_DEFINITION_SHAPE('Placement #1302',
'Placement of M80-271-04-00-00 with respect to M80-5000000M1-04-333-00-000_ASM',
#2666);
#2712=CIRCLE('',#2711,7.5E-1);
#2717=CIRCLE('',#2716,7.5E-1);
#2738=CIRCLE('',#2737,1.35E0);
#2743=CIRCLE('',#2742,1.35E0);
#2748=CIRCLE('',#2747,1.35E0);
#2753=CIRCLE('',#2752,1.35E0);
#2758=CIRCLE('',#2757,1.35E0);
#2763=CIRCLE('',#2762,1.35E0);
#2768=CIRCLE('',#2767,1.35E0);
#2773=CIRCLE('',#2772,1.35E0);
#2778=CIRCLE('',#2777,1.35E0);
#2787=CIRCLE('',#2786,1.35E0);
#2792=CIRCLE('',#2791,1.35E0);
#2801=CIRCLE('',#2800,1.35E0);
#2806=CIRCLE('',#2805,1.35E0);
#2811=CIRCLE('',#2810,1.35E0);
#2840=CIRCLE('',#2839,1.4E0);
#2845=CIRCLE('',#2844,1.4E0);
#2850=CIRCLE('',#2849,1.4E0);
#2855=CIRCLE('',#2854,1.27E0);
#2860=CIRCLE('',#2859,1.27E0);
#2865=CIRCLE('',#2864,1.27E0);
#2880=B_SPLINE_CURVE_WITH_KNOTS('',3,(#2874,#2875,#2876,#2877,#2878,#2879),
.UNSPECIFIED.,.F.,.F.,(4,1,1,4),(0.E0,3.333333333333E-1,6.666666666667E-1,1.E0),
.UNSPECIFIED.);
#2891=B_SPLINE_CURVE_WITH_KNOTS('',3,(#2885,#2886,#2887,#2888,#2889,#2890),
.UNSPECIFIED.,.F.,.F.,(4,1,1,4),(0.E0,3.333333333333E-1,6.666666666667E-1,1.E0),
.UNSPECIFIED.);
#2900=CIRCLE('',#2899,1.27E0);
#2909=CIRCLE('',#2908,1.E0);
#2918=CIRCLE('',#2917,1.E0);
#2923=CIRCLE('',#2922,1.E0);
#2932=CIRCLE('',#2931,1.27E0);
#2941=CIRCLE('',#2940,1.E0);
#2950=CIRCLE('',#2949,1.27E0);
#2959=CIRCLE('',#2958,1.E0);
#2964=CIRCLE('',#2963,1.E0);
#2973=CIRCLE('',#2972,1.27E0);
#2988=B_SPLINE_CURVE_WITH_KNOTS('',3,(#2982,#2983,#2984,#2985,#2986,#2987),
.UNSPECIFIED.,.F.,.F.,(4,1,1,4),(0.E0,3.333333333333E-1,6.666666666667E-1,1.E0),
.UNSPECIFIED.);
#2999=B_SPLINE_CURVE_WITH_KNOTS('',3,(#2993,#2994,#2995,#2996,#2997,#2998),
.UNSPECIFIED.,.F.,.F.,(4,1,1,4),(0.E0,3.333333333333E-1,6.666666666667E-1,1.E0),
.UNSPECIFIED.);
#3004=CIRCLE('',#3003,1.27E0);
#3009=CIRCLE('',#3008,1.27E0);
#3014=CIRCLE('',#3013,1.27E0);
#3023=CIRCLE('',#3022,1.4E0);
#3032=CIRCLE('',#3031,1.27E0);
#3037=CIRCLE('',#3036,1.27E0);
#3042=CIRCLE('',#3041,1.35E0);
#3047=CIRCLE('',#3046,1.35E0);
#3052=CIRCLE('',#3051,1.35E0);
#3057=CIRCLE('',#3056,1.35E0);
#3066=CIRCLE('',#3065,1.E0);
#3075=CIRCLE('',#3074,1.199888930011E0);
#3084=CIRCLE('',#3083,1.E0);
#3093=CIRCLE('',#3092,1.199888930011E0);
#3102=CIRCLE('',#3101,1.E0);
#3111=CIRCLE('',#3110,1.199888930011E0);
#3120=CIRCLE('',#3119,1.E0);
#3129=CIRCLE('',#3128,1.199888930011E0);
#3134=CIRCLE('',#3133,1.E0);
#3145=B_SPLINE_CURVE_WITH_KNOTS('',3,(#3139,#3140,#3141,#3142,#3143,#3144),
.UNSPECIFIED.,.F.,.F.,(4,1,1,4),(0.E0,3.333333333333E-1,6.666666666667E-1,1.E0),
.UNSPECIFIED.);
#3156=B_SPLINE_CURVE_WITH_KNOTS('',3,(#3150,#3151,#3152,#3153,#3154,#3155),
.UNSPECIFIED.,.F.,.F.,(4,1,1,4),(0.E0,3.333333333333E-1,6.666666666667E-1,1.E0),
.UNSPECIFIED.);
#3175=B_SPLINE_CURVE_WITH_KNOTS('',3,(#3169,#3170,#3171,#3172,#3173,#3174),
.UNSPECIFIED.,.F.,.F.,(4,1,1,4),(0.E0,3.333333333333E-1,6.666666666667E-1,1.E0),
.UNSPECIFIED.);
#3186=B_SPLINE_CURVE_WITH_KNOTS('',3,(#3180,#3181,#3182,#3183,#3184,#3185),
.UNSPECIFIED.,.F.,.F.,(4,1,1,4),(0.E0,3.333333333333E-1,6.666666666667E-1,1.E0),
.UNSPECIFIED.);
#3195=CIRCLE('',#3194,1.E0);
#3214=B_SPLINE_CURVE_WITH_KNOTS('',3,(#3208,#3209,#3210,#3211,#3212,#3213),
.UNSPECIFIED.,.F.,.F.,(4,1,1,4),(0.E0,3.333333333333E-1,6.666666666667E-1,1.E0),
.UNSPECIFIED.);
#3225=B_SPLINE_CURVE_WITH_KNOTS('',3,(#3219,#3220,#3221,#3222,#3223,#3224),
.UNSPECIFIED.,.F.,.F.,(4,1,1,4),(0.E0,3.333333333333E-1,6.666666666667E-1,1.E0),
.UNSPECIFIED.);
#3230=CIRCLE('',#3229,1.35E0);
#3235=CIRCLE('',#3234,1.35E0);
#3246=B_SPLINE_CURVE_WITH_KNOTS('',3,(#3240,#3241,#3242,#3243,#3244,#3245),
.UNSPECIFIED.,.F.,.F.,(4,1,1,4),(0.E0,3.333333333333E-1,6.666666666667E-1,1.E0),
.UNSPECIFIED.);
#3257=B_SPLINE_CURVE_WITH_KNOTS('',3,(#3251,#3252,#3253,#3254,#3255,#3256),
.UNSPECIFIED.,.F.,.F.,(4,1,1,4),(0.E0,3.333333333333E-1,6.666666666667E-1,1.E0),
.UNSPECIFIED.);
#3266=CIRCLE('',#3265,1.27E0);
#3271=CIRCLE('',#3270,1.27E0);
#3276=CIRCLE('',#3275,1.35E0);
#3281=CIRCLE('',#3280,1.35E0);
#3292=B_SPLINE_CURVE_WITH_KNOTS('',3,(#3286,#3287,#3288,#3289,#3290,#3291),
.UNSPECIFIED.,.F.,.F.,(4,1,1,4),(0.E0,3.333333333333E-1,6.666666666667E-1,1.E0),
.UNSPECIFIED.);
#3303=B_SPLINE_CURVE_WITH_KNOTS('',3,(#3297,#3298,#3299,#3300,#3301,#3302),
.UNSPECIFIED.,.F.,.F.,(4,1,1,4),(0.E0,3.333333333333E-1,6.666666666667E-1,1.E0),
.UNSPECIFIED.);
#3326=B_SPLINE_CURVE_WITH_KNOTS('',3,(#3320,#3321,#3322,#3323,#3324,#3325),
.UNSPECIFIED.,.F.,.F.,(4,1,1,4),(0.E0,3.333333333333E-1,6.666666666667E-1,1.E0),
.UNSPECIFIED.);
#3337=B_SPLINE_CURVE_WITH_KNOTS('',3,(#3331,#3332,#3333,#3334,#3335,#3336),
.UNSPECIFIED.,.F.,.F.,(4,1,1,4),(0.E0,3.333333333333E-1,6.666666666667E-1,1.E0),
.UNSPECIFIED.);
#3358=CIRCLE('',#3357,1.3E0);
#3367=CIRCLE('',#3366,1.3E0);
#3380=CIRCLE('',#3379,2.5E-1);
#3385=CIRCLE('',#3384,7.5E-1);
#3390=CIRCLE('',#3389,2.5E-1);
#3399=CIRCLE('',#3398,7.5E-1);
#3583=EDGE_CURVE('',#3406,#3407,#2679,.T.);
#3585=EDGE_CURVE('',#3407,#3409,#2683,.T.);
#3587=EDGE_CURVE('',#3409,#3411,#2687,.T.);
#3589=EDGE_CURVE('',#3411,#3406,#2691,.T.);
#3600=EDGE_CURVE('',#3406,#3414,#2695,.T.);
#3602=EDGE_CURVE('',#3414,#3415,#2721,.T.);
#3604=EDGE_CURVE('',#3407,#3415,#2707,.T.);
#3615=EDGE_CURVE('',#3411,#3419,#2699,.T.);
#3617=EDGE_CURVE('',#3419,#3414,#2725,.T.);
#3629=EDGE_CURVE('',#3409,#3417,#2703,.T.);
#3631=EDGE_CURVE('',#3417,#3419,#2729,.T.);
#3644=EDGE_CURVE('',#3415,#3417,#2733,.T.);
#3649=EDGE_CURVE('',#3502,#3503,#2712,.T.);
#3651=EDGE_CURVE('',#3503,#3502,#2717,.T.);
#3667=EDGE_CURVE('',#3422,#3423,#2738,.T.);
#3669=EDGE_CURVE('',#3423,#3422,#2743,.T.);
#3679=EDGE_CURVE('',#3564,#3565,#2748,.T.);
#3681=EDGE_CURVE('',#3565,#3571,#2753,.T.);
#3683=EDGE_CURVE('',#3571,#3532,#2796,.T.);
#3685=EDGE_CURVE('',#3529,#3532,#2758,.T.);
#3687=EDGE_CURVE('',#3528,#3529,#2763,.T.);
#3689=EDGE_CURVE('',#3564,#3528,#2782,.T.);
#3699=EDGE_CURVE('',#3568,#3569,#2768,.T.);
#3701=EDGE_CURVE('',#3422,#3568,#2819,.T.);
#3704=EDGE_CURVE('',#3423,#3573,#2815,.T.);
#3706=EDGE_CURVE('',#3569,#3573,#2773,.T.);
#3717=EDGE_CURVE('',#3575,#3564,#2778,.T.);
#3719=EDGE_CURVE('',#3575,#3560,#3349,.T.);
#3721=EDGE_CURVE('',#3560,#3561,#3367,.T.);
#3723=EDGE_CURVE('',#3565,#3561,#3345,.T.);
#3735=EDGE_CURVE('',#3533,#3528,#2787,.T.);
#3737=EDGE_CURVE('',#3532,#3533,#2792,.T.);
#3740=EDGE_CURVE('',#3571,#3575,#2801,.T.);
#3750=EDGE_CURVE('',#3577,#3568,#2806,.T.);
#3752=EDGE_CURVE('',#3573,#3577,#2811,.T.);
#3766=EDGE_CURVE('',#3529,#3524,#2827,.T.);
#3768=EDGE_CURVE('',#3520,#3524,#2845,.T.);
#3770=EDGE_CURVE('',#3533,#3520,#2823,.T.);
#3783=EDGE_CURVE('',#3520,#3524,#2840,.T.);
#3795=EDGE_CURVE('',#3520,#3521,#2831,.T.);
#3797=EDGE_CURVE('',#3521,#3525,#3023,.T.);
#3799=EDGE_CURVE('',#3524,#3525,#2835,.T.);
#3813=EDGE_CURVE('',#3521,#3525,#2850,.T.);
#3823=EDGE_CURVE('',#3536,#3537,#2855,.T.);
#3825=EDGE_CURVE('',#3553,#3536,#2973,.T.);
#3827=EDGE_CURVE('',#3549,#3553,#3014,.T.);
#3829=EDGE_CURVE('',#3521,#3549,#3027,.T.);
#3832=EDGE_CURVE('',#3525,#3541,#3018,.T.);
#3834=EDGE_CURVE('',#3540,#3541,#2860,.T.);
#3836=EDGE_CURVE('',#3537,#3540,#2950,.T.);
#3847=EDGE_CURVE('',#3428,#3537,#2869,.T.);
#3849=EDGE_CURVE('',#3431,#3428,#3271,.T.);
#3851=EDGE_CURVE('',#3431,#3536,#3285,.T.);
#3862=EDGE_CURVE('',#3541,#3551,#2865,.T.);
#3864=EDGE_CURVE('',#3424,#3551,#3203,.T.);
#3866=EDGE_CURVE('',#3427,#3424,#3266,.T.);
#3868=EDGE_CURVE('',#3427,#3540,#3239,.T.);
#3879=EDGE_CURVE('',#3537,#3497,#2945,.T.);
#3881=EDGE_CURVE('',#3497,#3457,#2873,.T.);
#3883=EDGE_CURVE('',#3442,#3457,#3097,.T.);
#3885=EDGE_CURVE('',#3442,#3437,#2880,.T.);
#3887=EDGE_CURVE('',#3437,#3429,#2884,.T.);
#3889=EDGE_CURVE('',#3428,#3429,#2891,.T.);
#3899=EDGE_CURVE('',#3545,#3485,#2895,.T.);
#3901=EDGE_CURVE('',#3545,#3548,#2900,.T.);
#3903=EDGE_CURVE('',#3491,#3548,#2904,.T.);
#3905=EDGE_CURVE('',#3491,#3485,#2909,.T.);
#3915=EDGE_CURVE('',#3487,#3544,#2913,.T.);
#3917=EDGE_CURVE('',#3487,#3557,#2918,.T.);
#3919=EDGE_CURVE('',#3557,#3493,#2923,.T.);
#3921=EDGE_CURVE('',#3551,#3493,#2927,.T.);
#3923=EDGE_CURVE('',#3551,#3544,#2932,.T.);
#3933=EDGE_CURVE('',#3495,#3540,#2936,.T.);
#3935=EDGE_CURVE('',#3495,#3497,#2941,.T.);
#3947=EDGE_CURVE('',#3499,#3536,#2954,.T.);
#3949=EDGE_CURVE('',#3499,#3555,#2959,.T.);
#3951=EDGE_CURVE('',#3555,#3489,#2964,.T.);
#3953=EDGE_CURVE('',#3553,#3489,#2968,.T.);
#3964=EDGE_CURVE('',#3468,#3545,#2977,.T.);
#3967=EDGE_CURVE('',#3485,#3447,#2981,.T.);
#3969=EDGE_CURVE('',#3446,#3447,#3061,.T.);
#3971=EDGE_CURVE('',#3446,#3477,#2988,.T.);
#3973=EDGE_CURVE('',#3477,#3469,#2992,.T.);
#3975=EDGE_CURVE('',#3468,#3469,#2999,.T.);
#3985=EDGE_CURVE('',#3544,#3545,#3004,.T.);
#3988=EDGE_CURVE('',#3468,#3471,#3032,.T.);
#3990=EDGE_CURVE('',#3471,#3544,#3319,.T.);
#4000=EDGE_CURVE('',#3548,#3549,#3009,.T.);
#4003=EDGE_CURVE('',#3472,#3553,#3164,.T.);
#4005=EDGE_CURVE('',#3472,#3475,#3037,.T.);
#4007=EDGE_CURVE('',#3475,#3548,#3138,.T.);
#4034=EDGE_CURVE('',#3469,#3470,#3042,.T.);
#4036=EDGE_CURVE('',#3470,#3471,#3326,.T.);
#4047=EDGE_CURVE('',#3472,#3473,#3186,.T.);
#4049=EDGE_CURVE('',#3473,#3474,#3047,.T.);
#4051=EDGE_CURVE('',#3474,#3475,#3145,.T.);
#4063=EDGE_CURVE('',#3477,#3479,#3052,.T.);
#4065=EDGE_CURVE('',#3479,#3470,#3330,.T.);
#4076=EDGE_CURVE('',#3481,#3473,#3179,.T.);
#4078=EDGE_CURVE('',#3481,#3483,#3057,.T.);
#4080=EDGE_CURVE('',#3483,#3474,#3149,.T.);
#4092=EDGE_CURVE('',#3446,#3450,#3075,.T.);
#4094=EDGE_CURVE('',#3479,#3450,#3337,.T.);
#4105=EDGE_CURVE('',#3462,#3481,#3175,.T.);
#4107=EDGE_CURVE('',#3462,#3466,#3129,.T.);
#4109=EDGE_CURVE('',#3483,#3466,#3156,.T.);
#4121=EDGE_CURVE('',#3447,#3451,#3066,.T.);
#4123=EDGE_CURVE('',#3450,#3451,#3070,.T.);
#4134=EDGE_CURVE('',#3440,#3453,#3079,.T.);
#4136=EDGE_CURVE('',#3453,#3455,#3084,.T.);
#4138=EDGE_CURVE('',#3441,#3455,#3088,.T.);
#4140=EDGE_CURVE('',#3441,#3440,#3093,.T.);
#4151=EDGE_CURVE('',#3457,#3459,#3102,.T.);
#4153=EDGE_CURVE('',#3443,#3459,#3106,.T.);
#4155=EDGE_CURVE('',#3443,#3442,#3111,.T.);
#4165=EDGE_CURVE('',#3462,#3463,#3115,.T.);
#4167=EDGE_CURVE('',#3463,#3467,#3120,.T.);
#4169=EDGE_CURVE('',#3466,#3467,#3124,.T.);
#4182=EDGE_CURVE('',#3491,#3467,#3160,.T.);
#4185=EDGE_CURVE('',#3489,#3463,#3168,.T.);
#4188=EDGE_CURVE('',#3515,#3555,#3199,.T.);
#4190=EDGE_CURVE('',#3515,#3517,#3134,.T.);
#4192=EDGE_CURVE('',#3517,#3557,#3190,.T.);
#4195=EDGE_CURVE('',#3487,#3451,#3341,.T.);
#4236=EDGE_CURVE('',#3493,#3453,#3207,.T.);
#4240=EDGE_CURVE('',#3515,#3517,#3195,.T.);
#4244=EDGE_CURVE('',#3499,#3459,#3307,.T.);
#4249=EDGE_CURVE('',#3495,#3455,#3261,.T.);
#4264=EDGE_CURVE('',#3440,#3433,#3214,.T.);
#4266=EDGE_CURVE('',#3433,#3425,#3218,.T.);
#4268=EDGE_CURVE('',#3424,#3425,#3225,.T.);
#4280=EDGE_CURVE('',#3435,#3441,#3257,.T.);
#4282=EDGE_CURVE('',#3435,#3433,#3230,.T.);
#4294=EDGE_CURVE('',#3439,#3443,#3303,.T.);
#4296=EDGE_CURVE('',#3439,#3437,#3235,.T.);
#4307=EDGE_CURVE('',#3426,#3427,#3246,.T.);
#4309=EDGE_CURVE('',#3435,#3426,#3250,.T.);
#4324=EDGE_CURVE('',#3426,#3425,#3276,.T.);
#4337=EDGE_CURVE('',#3430,#3429,#3281,.T.);
#4339=EDGE_CURVE('',#3430,#3431,#3292,.T.);
#4364=EDGE_CURVE('',#3439,#3430,#3296,.T.);
#4390=EDGE_CURVE('',#3514,#3515,#3311,.T.);
#4393=EDGE_CURVE('',#3514,#3517,#3315,.T.);
#4431=EDGE_CURVE('',#3560,#3561,#3358,.T.);
#4445=EDGE_CURVE('',#3560,#3577,#3353,.T.);
#4448=EDGE_CURVE('',#3561,#3569,#3362,.T.);
#4472=EDGE_CURVE('',#3503,#3511,#3375,.T.);
#4474=EDGE_CURVE('',#3510,#3511,#3399,.T.);
#4476=EDGE_CURVE('',#3502,#3510,#3371,.T.);
#4488=EDGE_CURVE('',#3510,#3511,#3385,.T.);
#4499=EDGE_CURVE('',#3506,#3507,#3380,.T.);
#4501=EDGE_CURVE('',#3507,#3511,#3403,.T.);
#4504=EDGE_CURVE('',#3506,#3510,#3394,.T.);
#4515=EDGE_CURVE('',#3506,#3507,#3390,.T.);
#4545=AXIS2_PLACEMENT_3D('',#4542,#4543,#4544);
#4546=ADVANCED_BREP_SHAPE_REPRESENTATION('',(#4545,#4533),#4541);
#4550=PRODUCT_DEFINITION('design','',#4549,#2656);
#4551=PRODUCT_DEFINITION_SHAPE('','SHAPE FOR M80-333.',#4550);
#4552=SHAPE_DEFINITION_REPRESENTATION(#4551,#4546);
#4553=NEXT_ASSEMBLY_USAGE_OCCURRENCE('1303','Next assembly relationship',
'M80-333',#9645,#4550,$);
#4554=PRODUCT_DEFINITION_SHAPE('Placement #1303',
'Placement of M80-333 with respect to M80-5000000M1-04-333-00-000_ASM',#4553);
#4562=NEXT_ASSEMBLY_USAGE_OCCURRENCE('1304','Next assembly relationship',
'M80-333',#9645,#4550,$);
#4563=PRODUCT_DEFINITION_SHAPE('Placement #1304',
'Placement of M80-333 with respect to M80-5000000M1-04-333-00-000_ASM',#4562);
#4571=NEXT_ASSEMBLY_USAGE_OCCURRENCE('1305','Next assembly relationship',
'M80-333',#9645,#4550,$);
#4572=PRODUCT_DEFINITION_SHAPE('Placement #1305',
'Placement of M80-333 with respect to M80-5000000M1-04-333-00-000_ASM',#4571);
#4580=NEXT_ASSEMBLY_USAGE_OCCURRENCE('1306','Next assembly relationship',
'M80-333',#9645,#4550,$);
#4581=PRODUCT_DEFINITION_SHAPE('Placement #1306',
'Placement of M80-333 with respect to M80-5000000M1-04-333-00-000_ASM',#4580);
#4617=CIRCLE('',#4616,1.49E0);
#4622=CIRCLE('',#4621,1.49E0);
#4627=CIRCLE('',#4626,1.49E0);
#4656=CIRCLE('',#4655,1.49E0);
#4669=CIRCLE('',#4668,1.55E0);
#4674=CIRCLE('',#4673,1.55E0);
#4679=CIRCLE('',#4678,1.49E0);
#4684=CIRCLE('',#4683,1.49E0);
#4693=B_SPLINE_CURVE_WITH_KNOTS('',3,(#4685,#4686,#4687,#4688,#4689,#4690,#4691,
#4692),.UNSPECIFIED.,.F.,.F.,(4,1,1,1,1,4),(0.E0,2.E-1,4.E-1,6.E-1,8.E-1,1.E0),
.UNSPECIFIED.);
#4702=B_SPLINE_CURVE_WITH_KNOTS('',3,(#4694,#4695,#4696,#4697,#4698,#4699,#4700,
#4701),.UNSPECIFIED.,.F.,.F.,(4,1,1,1,1,4),(0.E0,2.E-1,4.E-1,6.E-1,8.E-1,1.E0),
.UNSPECIFIED.);
#4711=CIRCLE('',#4710,1.49E0);
#4716=CIRCLE('',#4715,1.49E0);
#4725=CIRCLE('',#4724,1.55E0);
#4730=CIRCLE('',#4729,1.55E0);
#4739=B_SPLINE_CURVE_WITH_KNOTS('',3,(#4731,#4732,#4733,#4734,#4735,#4736,#4737,
#4738),.UNSPECIFIED.,.F.,.F.,(4,1,1,1,1,4),(0.E0,2.E-1,4.E-1,6.E-1,8.E-1,1.E0),
.UNSPECIFIED.);
#4748=B_SPLINE_CURVE_WITH_KNOTS('',3,(#4740,#4741,#4742,#4743,#4744,#4745,#4746,
#4747),.UNSPECIFIED.,.F.,.F.,(4,1,1,1,1,4),(0.E0,2.E-1,4.E-1,6.E-1,8.E-1,1.E0),
.UNSPECIFIED.);
#4762=B_SPLINE_CURVE_WITH_KNOTS('',3,(#4749,#4750,#4751,#4752,#4753,#4754,#4755,
#4756,#4757,#4758,#4759,#4760,#4761),.UNSPECIFIED.,.F.,.F.,(4,1,1,1,1,1,1,1,1,1,
4),(0.E0,1.E-1,2.E-1,3.E-1,4.E-1,5.E-1,6.E-1,7.E-1,8.E-1,9.E-1,1.E0),
.UNSPECIFIED.);
#4776=B_SPLINE_CURVE_WITH_KNOTS('',3,(#4763,#4764,#4765,#4766,#4767,#4768,#4769,
#4770,#4771,#4772,#4773,#4774,#4775),.UNSPECIFIED.,.F.,.F.,(4,1,1,1,1,1,1,1,1,1,
4),(0.E0,1.E-1,2.E-1,3.E-1,4.E-1,5.E-1,6.E-1,7.E-1,8.E-1,9.E-1,1.E0),
.UNSPECIFIED.);
#4781=CIRCLE('',#4780,1.316794919243E0);
#4790=CIRCLE('',#4789,1.49E0);
#4799=CIRCLE('',#4798,1.316794919243E0);
#4804=CIRCLE('',#4803,1.49E0);
#4816=B_SPLINE_CURVE_WITH_KNOTS('',3,(#4805,#4806,#4807,#4808,#4809,#4810,#4811,
#4812,#4813,#4814,#4815),.UNSPECIFIED.,.F.,.F.,(4,1,1,1,1,1,1,1,4),(0.E0,
1.25E-1,2.5E-1,3.75E-1,5.E-1,6.25E-1,7.5E-1,8.75E-1,1.E0),.UNSPECIFIED.);
#4821=CIRCLE('',#4820,8.115E-1);
#4837=B_SPLINE_CURVE_WITH_KNOTS('',3,(#4822,#4823,#4824,#4825,#4826,#4827,#4828,
#4829,#4830,#4831,#4832,#4833,#4834,#4835,#4836),.UNSPECIFIED.,.F.,.F.,(4,1,1,1,
1,1,1,1,1,1,1,1,4),(0.E0,8.333333333333E-2,1.666666666667E-1,2.5E-1,
3.333333333333E-1,4.166666666667E-1,5.E-1,5.833333333333E-1,6.666666666667E-1,
7.5E-1,8.333333333333E-1,9.166666666667E-1,1.E0),.UNSPECIFIED.);
#4846=CIRCLE('',#4845,1.1115E0);
#4855=CIRCLE('',#4854,1.E0);
#4877=B_SPLINE_CURVE_WITH_KNOTS('',3,(#4856,#4857,#4858,#4859,#4860,#4861,#4862,
#4863,#4864,#4865,#4866,#4867,#4868,#4869,#4870,#4871,#4872,#4873,#4874,#4875,
#4876),.UNSPECIFIED.,.F.,.F.,(4,1,1,1,1,1,1,1,1,1,1,1,1,1,1,1,1,1,4),(0.E0,
5.555555555556E-2,1.111111111111E-1,1.666666666667E-1,2.222222222222E-1,
2.777777777778E-1,3.333333333333E-1,3.888888888889E-1,4.444444444444E-1,5.E-1,
5.555555555556E-1,6.111111111111E-1,6.666666666667E-1,7.222222222222E-1,
7.777777777778E-1,8.333333333333E-1,8.888888888889E-1,9.444444444444E-1,1.E0),
.UNSPECIFIED.);
#4899=B_SPLINE_CURVE_WITH_KNOTS('',3,(#4878,#4879,#4880,#4881,#4882,#4883,#4884,
#4885,#4886,#4887,#4888,#4889,#4890,#4891,#4892,#4893,#4894,#4895,#4896,#4897,
#4898),.UNSPECIFIED.,.F.,.F.,(4,1,1,1,1,1,1,1,1,1,1,1,1,1,1,1,1,1,4),(0.E0,
5.555555555556E-2,1.111111111111E-1,1.666666666667E-1,2.222222222222E-1,
2.777777777778E-1,3.333333333333E-1,3.888888888889E-1,4.444444444444E-1,5.E-1,
5.555555555556E-1,6.111111111111E-1,6.666666666667E-1,7.222222222222E-1,
7.777777777778E-1,8.333333333333E-1,8.888888888889E-1,9.444444444444E-1,1.E0),
.UNSPECIFIED.);
#4925=B_SPLINE_CURVE_WITH_KNOTS('',3,(#4904,#4905,#4906,#4907,#4908,#4909,#4910,
#4911,#4912,#4913,#4914,#4915,#4916,#4917,#4918,#4919,#4920,#4921,#4922,#4923,
#4924),.UNSPECIFIED.,.F.,.F.,(4,1,1,1,1,1,1,1,1,1,1,1,1,1,1,1,1,1,4),(0.E0,
5.555555555556E-2,1.111111111111E-1,1.666666666667E-1,2.222222222222E-1,
2.777777777778E-1,3.333333333333E-1,3.888888888889E-1,4.444444444444E-1,5.E-1,
5.555555555556E-1,6.111111111111E-1,6.666666666667E-1,7.222222222222E-1,
7.777777777778E-1,8.333333333333E-1,8.888888888889E-1,9.444444444444E-1,1.E0),
.UNSPECIFIED.);
#4947=B_SPLINE_CURVE_WITH_KNOTS('',3,(#4926,#4927,#4928,#4929,#4930,#4931,#4932,
#4933,#4934,#4935,#4936,#4937,#4938,#4939,#4940,#4941,#4942,#4943,#4944,#4945,
#4946),.UNSPECIFIED.,.F.,.F.,(4,1,1,1,1,1,1,1,1,1,1,1,1,1,1,1,1,1,4),(0.E0,
5.555555555556E-2,1.111111111111E-1,1.666666666667E-1,2.222222222222E-1,
2.777777777778E-1,3.333333333333E-1,3.888888888889E-1,4.444444444444E-1,5.E-1,
5.555555555556E-1,6.111111111111E-1,6.666666666667E-1,7.222222222222E-1,
7.777777777778E-1,8.333333333333E-1,8.888888888889E-1,9.444444444444E-1,1.E0),
.UNSPECIFIED.);
#4973=B_SPLINE_CURVE_WITH_KNOTS('',3,(#4952,#4953,#4954,#4955,#4956,#4957,#4958,
#4959,#4960,#4961,#4962,#4963,#4964,#4965,#4966,#4967,#4968,#4969,#4970,#4971,
#4972),.UNSPECIFIED.,.F.,.F.,(4,1,1,1,1,1,1,1,1,1,1,1,1,1,1,1,1,1,4),(0.E0,
5.555555555556E-2,1.111111111111E-1,1.666666666667E-1,2.222222222222E-1,
2.777777777778E-1,3.333333333333E-1,3.888888888889E-1,4.444444444444E-1,5.E-1,
5.555555555556E-1,6.111111111111E-1,6.666666666667E-1,7.222222222222E-1,
7.777777777778E-1,8.333333333333E-1,8.888888888889E-1,9.444444444444E-1,1.E0),
.UNSPECIFIED.);
#4995=B_SPLINE_CURVE_WITH_KNOTS('',3,(#4974,#4975,#4976,#4977,#4978,#4979,#4980,
#4981,#4982,#4983,#4984,#4985,#4986,#4987,#4988,#4989,#4990,#4991,#4992,#4993,
#4994),.UNSPECIFIED.,.F.,.F.,(4,1,1,1,1,1,1,1,1,1,1,1,1,1,1,1,1,1,4),(0.E0,
5.555555555556E-2,1.111111111111E-1,1.666666666667E-1,2.222222222222E-1,
2.777777777778E-1,3.333333333333E-1,3.888888888889E-1,4.444444444444E-1,5.E-1,
5.555555555556E-1,6.111111111111E-1,6.666666666667E-1,7.222222222222E-1,
7.777777777778E-1,8.333333333333E-1,8.888888888889E-1,9.444444444444E-1,1.E0),
.UNSPECIFIED.);
#5021=B_SPLINE_CURVE_WITH_KNOTS('',3,(#5000,#5001,#5002,#5003,#5004,#5005,#5006,
#5007,#5008,#5009,#5010,#5011,#5012,#5013,#5014,#5015,#5016,#5017,#5018,#5019,
#5020),.UNSPECIFIED.,.F.,.F.,(4,1,1,1,1,1,1,1,1,1,1,1,1,1,1,1,1,1,4),(0.E0,
5.555555555556E-2,1.111111111111E-1,1.666666666667E-1,2.222222222222E-1,
2.777777777778E-1,3.333333333333E-1,3.888888888889E-1,4.444444444444E-1,5.E-1,
5.555555555556E-1,6.111111111111E-1,6.666666666667E-1,7.222222222222E-1,
7.777777777778E-1,8.333333333333E-1,8.888888888889E-1,9.444444444444E-1,1.E0),
.UNSPECIFIED.);
#5043=B_SPLINE_CURVE_WITH_KNOTS('',3,(#5022,#5023,#5024,#5025,#5026,#5027,#5028,
#5029,#5030,#5031,#5032,#5033,#5034,#5035,#5036,#5037,#5038,#5039,#5040,#5041,
#5042),.UNSPECIFIED.,.F.,.F.,(4,1,1,1,1,1,1,1,1,1,1,1,1,1,1,1,1,1,4),(0.E0,
5.555555555556E-2,1.111111111111E-1,1.666666666667E-1,2.222222222222E-1,
2.777777777778E-1,3.333333333333E-1,3.888888888889E-1,4.444444444444E-1,5.E-1,
5.555555555556E-1,6.111111111111E-1,6.666666666667E-1,7.222222222222E-1,
7.777777777778E-1,8.333333333333E-1,8.888888888889E-1,9.444444444444E-1,1.E0),
.UNSPECIFIED.);
#5069=B_SPLINE_CURVE_WITH_KNOTS('',3,(#5048,#5049,#5050,#5051,#5052,#5053,#5054,
#5055,#5056,#5057,#5058,#5059,#5060,#5061,#5062,#5063,#5064,#5065,#5066,#5067,
#5068),.UNSPECIFIED.,.F.,.F.,(4,1,1,1,1,1,1,1,1,1,1,1,1,1,1,1,1,1,4),(0.E0,
5.555555555556E-2,1.111111111111E-1,1.666666666667E-1,2.222222222222E-1,
2.777777777778E-1,3.333333333333E-1,3.888888888889E-1,4.444444444444E-1,5.E-1,
5.555555555556E-1,6.111111111111E-1,6.666666666667E-1,7.222222222222E-1,
7.777777777778E-1,8.333333333333E-1,8.888888888889E-1,9.444444444444E-1,1.E0),
.UNSPECIFIED.);
#5091=B_SPLINE_CURVE_WITH_KNOTS('',3,(#5070,#5071,#5072,#5073,#5074,#5075,#5076,
#5077,#5078,#5079,#5080,#5081,#5082,#5083,#5084,#5085,#5086,#5087,#5088,#5089,
#5090),.UNSPECIFIED.,.F.,.F.,(4,1,1,1,1,1,1,1,1,1,1,1,1,1,1,1,1,1,4),(0.E0,
5.555555555556E-2,1.111111111111E-1,1.666666666667E-1,2.222222222222E-1,
2.777777777778E-1,3.333333333333E-1,3.888888888889E-1,4.444444444444E-1,5.E-1,
5.555555555556E-1,6.111111111111E-1,6.666666666667E-1,7.222222222222E-1,
7.777777777778E-1,8.333333333333E-1,8.888888888889E-1,9.444444444444E-1,1.E0),
.UNSPECIFIED.);
#5117=B_SPLINE_CURVE_WITH_KNOTS('',3,(#5096,#5097,#5098,#5099,#5100,#5101,#5102,
#5103,#5104,#5105,#5106,#5107,#5108,#5109,#5110,#5111,#5112,#5113,#5114,#5115,
#5116),.UNSPECIFIED.,.F.,.F.,(4,1,1,1,1,1,1,1,1,1,1,1,1,1,1,1,1,1,4),(0.E0,
5.555555555556E-2,1.111111111111E-1,1.666666666667E-1,2.222222222222E-1,
2.777777777778E-1,3.333333333333E-1,3.888888888889E-1,4.444444444444E-1,5.E-1,
5.555555555556E-1,6.111111111111E-1,6.666666666667E-1,7.222222222222E-1,
7.777777777778E-1,8.333333333333E-1,8.888888888889E-1,9.444444444444E-1,1.E0),
.UNSPECIFIED.);
#5139=B_SPLINE_CURVE_WITH_KNOTS('',3,(#5118,#5119,#5120,#5121,#5122,#5123,#5124,
#5125,#5126,#5127,#5128,#5129,#5130,#5131,#5132,#5133,#5134,#5135,#5136,#5137,
#5138),.UNSPECIFIED.,.F.,.F.,(4,1,1,1,1,1,1,1,1,1,1,1,1,1,1,1,1,1,4),(0.E0,
5.555555555556E-2,1.111111111111E-1,1.666666666667E-1,2.222222222222E-1,
2.777777777778E-1,3.333333333333E-1,3.888888888889E-1,4.444444444444E-1,5.E-1,
5.555555555556E-1,6.111111111111E-1,6.666666666667E-1,7.222222222222E-1,
7.777777777778E-1,8.333333333333E-1,8.888888888889E-1,9.444444444444E-1,1.E0),
.UNSPECIFIED.);
#5165=B_SPLINE_CURVE_WITH_KNOTS('',3,(#5144,#5145,#5146,#5147,#5148,#5149,#5150,
#5151,#5152,#5153,#5154,#5155,#5156,#5157,#5158,#5159,#5160,#5161,#5162,#5163,
#5164),.UNSPECIFIED.,.F.,.F.,(4,1,1,1,1,1,1,1,1,1,1,1,1,1,1,1,1,1,4),(0.E0,
5.555555555556E-2,1.111111111111E-1,1.666666666667E-1,2.222222222222E-1,
2.777777777778E-1,3.333333333333E-1,3.888888888889E-1,4.444444444444E-1,5.E-1,
5.555555555556E-1,6.111111111111E-1,6.666666666667E-1,7.222222222222E-1,
7.777777777778E-1,8.333333333333E-1,8.888888888889E-1,9.444444444444E-1,1.E0),
.UNSPECIFIED.);
#5187=B_SPLINE_CURVE_WITH_KNOTS('',3,(#5166,#5167,#5168,#5169,#5170,#5171,#5172,
#5173,#5174,#5175,#5176,#5177,#5178,#5179,#5180,#5181,#5182,#5183,#5184,#5185,
#5186),.UNSPECIFIED.,.F.,.F.,(4,1,1,1,1,1,1,1,1,1,1,1,1,1,1,1,1,1,4),(0.E0,
5.555555555556E-2,1.111111111111E-1,1.666666666667E-1,2.222222222222E-1,
2.777777777778E-1,3.333333333333E-1,3.888888888889E-1,4.444444444444E-1,5.E-1,
5.555555555556E-1,6.111111111111E-1,6.666666666667E-1,7.222222222222E-1,
7.777777777778E-1,8.333333333333E-1,8.888888888889E-1,9.444444444444E-1,1.E0),
.UNSPECIFIED.);
#5213=B_SPLINE_CURVE_WITH_KNOTS('',3,(#5192,#5193,#5194,#5195,#5196,#5197,#5198,
#5199,#5200,#5201,#5202,#5203,#5204,#5205,#5206,#5207,#5208,#5209,#5210,#5211,
#5212),.UNSPECIFIED.,.F.,.F.,(4,1,1,1,1,1,1,1,1,1,1,1,1,1,1,1,1,1,4),(0.E0,
5.555555555556E-2,1.111111111111E-1,1.666666666667E-1,2.222222222222E-1,
2.777777777778E-1,3.333333333333E-1,3.888888888889E-1,4.444444444444E-1,5.E-1,
5.555555555556E-1,6.111111111111E-1,6.666666666667E-1,7.222222222222E-1,
7.777777777778E-1,8.333333333333E-1,8.888888888889E-1,9.444444444444E-1,1.E0),
.UNSPECIFIED.);
#5235=B_SPLINE_CURVE_WITH_KNOTS('',3,(#5214,#5215,#5216,#5217,#5218,#5219,#5220,
#5221,#5222,#5223,#5224,#5225,#5226,#5227,#5228,#5229,#5230,#5231,#5232,#5233,
#5234),.UNSPECIFIED.,.F.,.F.,(4,1,1,1,1,1,1,1,1,1,1,1,1,1,1,1,1,1,4),(0.E0,
5.555555555556E-2,1.111111111111E-1,1.666666666667E-1,2.222222222222E-1,
2.777777777778E-1,3.333333333333E-1,3.888888888889E-1,4.444444444444E-1,5.E-1,
5.555555555556E-1,6.111111111111E-1,6.666666666667E-1,7.222222222222E-1,
7.777777777778E-1,8.333333333333E-1,8.888888888889E-1,9.444444444444E-1,1.E0),
.UNSPECIFIED.);
#5261=B_SPLINE_CURVE_WITH_KNOTS('',3,(#5240,#5241,#5242,#5243,#5244,#5245,#5246,
#5247,#5248,#5249,#5250,#5251,#5252,#5253,#5254,#5255,#5256,#5257,#5258,#5259,
#5260),.UNSPECIFIED.,.F.,.F.,(4,1,1,1,1,1,1,1,1,1,1,1,1,1,1,1,1,1,4),(0.E0,
5.555555555556E-2,1.111111111111E-1,1.666666666667E-1,2.222222222222E-1,
2.777777777778E-1,3.333333333333E-1,3.888888888889E-1,4.444444444444E-1,5.E-1,
5.555555555556E-1,6.111111111111E-1,6.666666666667E-1,7.222222222222E-1,
7.777777777778E-1,8.333333333333E-1,8.888888888889E-1,9.444444444444E-1,1.E0),
.UNSPECIFIED.);
#5283=B_SPLINE_CURVE_WITH_KNOTS('',3,(#5262,#5263,#5264,#5265,#5266,#5267,#5268,
#5269,#5270,#5271,#5272,#5273,#5274,#5275,#5276,#5277,#5278,#5279,#5280,#5281,
#5282),.UNSPECIFIED.,.F.,.F.,(4,1,1,1,1,1,1,1,1,1,1,1,1,1,1,1,1,1,4),(0.E0,
5.555555555556E-2,1.111111111111E-1,1.666666666667E-1,2.222222222222E-1,
2.777777777778E-1,3.333333333333E-1,3.888888888889E-1,4.444444444444E-1,5.E-1,
5.555555555556E-1,6.111111111111E-1,6.666666666667E-1,7.222222222222E-1,
7.777777777778E-1,8.333333333333E-1,8.888888888889E-1,9.444444444444E-1,1.E0),
.UNSPECIFIED.);
#5306=B_SPLINE_CURVE_WITH_KNOTS('',3,(#5288,#5289,#5290,#5291,#5292,#5293,#5294,
#5295,#5296,#5297,#5298,#5299,#5300,#5301,#5302,#5303,#5304,#5305),
.UNSPECIFIED.,.F.,.F.,(4,1,1,1,1,1,1,1,1,1,1,1,1,1,1,4),(0.E0,6.666666666667E-2,
1.333333333333E-1,2.E-1,2.666666666667E-1,3.333333333333E-1,4.E-1,
4.666666666667E-1,5.333333333333E-1,6.E-1,6.666666666667E-1,7.333333333333E-1,
8.E-1,8.666666666667E-1,9.333333333333E-1,1.E0),.UNSPECIFIED.);
#5313=B_SPLINE_CURVE_WITH_KNOTS('',3,(#5307,#5308,#5309,#5310,#5311,#5312),
.UNSPECIFIED.,.F.,.F.,(4,1,1,4),(0.E0,3.333333333333E-1,6.666666666667E-1,1.E0),
.UNSPECIFIED.);
#5333=B_SPLINE_CURVE_WITH_KNOTS('',3,(#5318,#5319,#5320,#5321,#5322,#5323,#5324,
#5325,#5326,#5327,#5328,#5329,#5330,#5331,#5332),.UNSPECIFIED.,.F.,.F.,(4,1,1,1,
1,1,1,1,1,1,1,1,4),(0.E0,8.333333333333E-2,1.666666666667E-1,2.5E-1,
3.333333333333E-1,4.166666666667E-1,5.E-1,5.833333333333E-1,6.666666666667E-1,
7.5E-1,8.333333333333E-1,9.166666666667E-1,1.E0),.UNSPECIFIED.);
#5344=B_SPLINE_CURVE_WITH_KNOTS('',3,(#5334,#5335,#5336,#5337,#5338,#5339,#5340,
#5341,#5342,#5343),.UNSPECIFIED.,.F.,.F.,(4,1,1,1,1,1,1,4),(0.E0,
1.428571428571E-1,2.857142857143E-1,4.285714285714E-1,5.714285714286E-1,
7.142857142857E-1,8.571428571429E-1,1.E0),.UNSPECIFIED.);
#5366=B_SPLINE_CURVE_WITH_KNOTS('',3,(#5345,#5346,#5347,#5348,#5349,#5350,#5351,
#5352,#5353,#5354,#5355,#5356,#5357,#5358,#5359,#5360,#5361,#5362,#5363,#5364,
#5365),.UNSPECIFIED.,.F.,.F.,(4,1,1,1,1,1,1,1,1,1,1,1,1,1,1,1,1,1,4),(0.E0,
5.555555555556E-2,1.111111111111E-1,1.666666666667E-1,2.222222222222E-1,
2.777777777778E-1,3.333333333333E-1,3.888888888889E-1,4.444444444444E-1,5.E-1,
5.555555555556E-1,6.111111111111E-1,6.666666666667E-1,7.222222222222E-1,
7.777777777778E-1,8.333333333333E-1,8.888888888889E-1,9.444444444444E-1,1.E0),
.UNSPECIFIED.);
#5399=B_SPLINE_CURVE_WITH_KNOTS('',3,(#5371,#5372,#5373,#5374,#5375,#5376,#5377,
#5378,#5379,#5380,#5381,#5382,#5383,#5384,#5385,#5386,#5387,#5388,#5389,#5390,
#5391,#5392,#5393,#5394,#5395,#5396,#5397,#5398),.UNSPECIFIED.,.F.,.F.,(4,1,1,1,
1,1,1,1,1,1,1,1,1,1,1,1,1,1,1,1,1,1,1,1,1,4),(0.E0,4.E-2,8.E-2,1.2E-1,1.6E-1,
2.E-1,2.4E-1,2.8E-1,3.2E-1,3.6E-1,4.E-1,4.4E-1,4.8E-1,5.2E-1,5.6E-1,6.E-1,
6.4E-1,6.8E-1,7.2E-1,7.6E-1,8.E-1,8.4E-1,8.8E-1,9.2E-1,9.6E-1,1.E0),
.UNSPECIFIED.);
#5417=B_SPLINE_CURVE_WITH_KNOTS('',3,(#5400,#5401,#5402,#5403,#5404,#5405,#5406,
#5407,#5408,#5409,#5410,#5411,#5412,#5413,#5414,#5415,#5416),.UNSPECIFIED.,.F.,
.F.,(4,1,1,1,1,1,1,1,1,1,1,1,1,1,4),(0.E0,7.142857142857E-2,1.428571428571E-1,
2.142857142857E-1,2.857142857143E-1,3.571428571429E-1,4.285714285714E-1,5.E-1,
5.714285714286E-1,6.428571428571E-1,7.142857142857E-1,7.857142857143E-1,
8.571428571429E-1,9.285714285714E-1,1.E0),.UNSPECIFIED.);
#5439=B_SPLINE_CURVE_WITH_KNOTS('',3,(#5418,#5419,#5420,#5421,#5422,#5423,#5424,
#5425,#5426,#5427,#5428,#5429,#5430,#5431,#5432,#5433,#5434,#5435,#5436,#5437,
#5438),.UNSPECIFIED.,.F.,.F.,(4,1,1,1,1,1,1,1,1,1,1,1,1,1,1,1,1,1,4),(0.E0,
5.555555555556E-2,1.111111111111E-1,1.666666666667E-1,2.222222222222E-1,
2.777777777778E-1,3.333333333333E-1,3.888888888889E-1,4.444444444444E-1,5.E-1,
5.555555555556E-1,6.111111111111E-1,6.666666666667E-1,7.222222222222E-1,
7.777777777778E-1,8.333333333333E-1,8.888888888889E-1,9.444444444444E-1,1.E0),
.UNSPECIFIED.);
#5450=B_SPLINE_CURVE_WITH_KNOTS('',3,(#5440,#5441,#5442,#5443,#5444,#5445,#5446,
#5447,#5448,#5449),.UNSPECIFIED.,.F.,.F.,(4,1,1,1,1,1,1,4),(0.E0,
1.428571428571E-1,2.857142857143E-1,4.285714285714E-1,5.714285714286E-1,
7.142857142857E-1,8.571428571429E-1,1.E0),.UNSPECIFIED.);
#5466=B_SPLINE_CURVE_WITH_KNOTS('',3,(#5451,#5452,#5453,#5454,#5455,#5456,#5457,
#5458,#5459,#5460,#5461,#5462,#5463,#5464,#5465),.UNSPECIFIED.,.F.,.F.,(4,1,1,1,
1,1,1,1,1,1,1,1,4),(0.E0,8.333333333333E-2,1.666666666667E-1,2.5E-1,
3.333333333333E-1,4.166666666667E-1,5.E-1,5.833333333333E-1,6.666666666667E-1,
7.5E-1,8.333333333333E-1,9.166666666667E-1,1.E0),.UNSPECIFIED.);
#5489=B_SPLINE_CURVE_WITH_KNOTS('',3,(#5471,#5472,#5473,#5474,#5475,#5476,#5477,
#5478,#5479,#5480,#5481,#5482,#5483,#5484,#5485,#5486,#5487,#5488),
.UNSPECIFIED.,.F.,.F.,(4,1,1,1,1,1,1,1,1,1,1,1,1,1,1,4),(0.E0,6.666666666667E-2,
1.333333333333E-1,2.E-1,2.666666666667E-1,3.333333333333E-1,4.E-1,
4.666666666667E-1,5.333333333333E-1,6.E-1,6.666666666667E-1,7.333333333333E-1,
8.E-1,8.666666666667E-1,9.333333333333E-1,1.E0),.UNSPECIFIED.);
#5497=B_SPLINE_CURVE_WITH_KNOTS('',3,(#5490,#5491,#5492,#5493,#5494,#5495,
#5496),.UNSPECIFIED.,.F.,.F.,(4,1,1,1,4),(0.E0,2.5E-1,5.E-1,7.5E-1,1.E0),
.UNSPECIFIED.);
#5519=B_SPLINE_CURVE_WITH_KNOTS('',3,(#5498,#5499,#5500,#5501,#5502,#5503,#5504,
#5505,#5506,#5507,#5508,#5509,#5510,#5511,#5512,#5513,#5514,#5515,#5516,#5517,
#5518),.UNSPECIFIED.,.F.,.F.,(4,1,1,1,1,1,1,1,1,1,1,1,1,1,1,1,1,1,4),(0.E0,
5.555555555556E-2,1.111111111111E-1,1.666666666667E-1,2.222222222222E-1,
2.777777777778E-1,3.333333333333E-1,3.888888888889E-1,4.444444444444E-1,5.E-1,
5.555555555556E-1,6.111111111111E-1,6.666666666667E-1,7.222222222222E-1,
7.777777777778E-1,8.333333333333E-1,8.888888888889E-1,9.444444444444E-1,1.E0),
.UNSPECIFIED.);
#5545=B_SPLINE_CURVE_WITH_KNOTS('',3,(#5524,#5525,#5526,#5527,#5528,#5529,#5530,
#5531,#5532,#5533,#5534,#5535,#5536,#5537,#5538,#5539,#5540,#5541,#5542,#5543,
#5544),.UNSPECIFIED.,.F.,.F.,(4,1,1,1,1,1,1,1,1,1,1,1,1,1,1,1,1,1,4),(0.E0,
5.555555555556E-2,1.111111111111E-1,1.666666666667E-1,2.222222222222E-1,
2.777777777778E-1,3.333333333333E-1,3.888888888889E-1,4.444444444444E-1,5.E-1,
5.555555555556E-1,6.111111111111E-1,6.666666666667E-1,7.222222222222E-1,
7.777777777778E-1,8.333333333333E-1,8.888888888889E-1,9.444444444444E-1,1.E0),
.UNSPECIFIED.);
#5567=B_SPLINE_CURVE_WITH_KNOTS('',3,(#5546,#5547,#5548,#5549,#5550,#5551,#5552,
#5553,#5554,#5555,#5556,#5557,#5558,#5559,#5560,#5561,#5562,#5563,#5564,#5565,
#5566),.UNSPECIFIED.,.F.,.F.,(4,1,1,1,1,1,1,1,1,1,1,1,1,1,1,1,1,1,4),(0.E0,
5.555555555556E-2,1.111111111111E-1,1.666666666667E-1,2.222222222222E-1,
2.777777777778E-1,3.333333333333E-1,3.888888888889E-1,4.444444444444E-1,5.E-1,
5.555555555556E-1,6.111111111111E-1,6.666666666667E-1,7.222222222222E-1,
7.777777777778E-1,8.333333333333E-1,8.888888888889E-1,9.444444444444E-1,1.E0),
.UNSPECIFIED.);
#5593=B_SPLINE_CURVE_WITH_KNOTS('',3,(#5572,#5573,#5574,#5575,#5576,#5577,#5578,
#5579,#5580,#5581,#5582,#5583,#5584,#5585,#5586,#5587,#5588,#5589,#5590,#5591,
#5592),.UNSPECIFIED.,.F.,.F.,(4,1,1,1,1,1,1,1,1,1,1,1,1,1,1,1,1,1,4),(0.E0,
5.555555555556E-2,1.111111111111E-1,1.666666666667E-1,2.222222222222E-1,
2.777777777778E-1,3.333333333333E-1,3.888888888889E-1,4.444444444444E-1,5.E-1,
5.555555555556E-1,6.111111111111E-1,6.666666666667E-1,7.222222222222E-1,
7.777777777778E-1,8.333333333333E-1,8.888888888889E-1,9.444444444444E-1,1.E0),
.UNSPECIFIED.);
#5601=B_SPLINE_CURVE_WITH_KNOTS('',3,(#5594,#5595,#5596,#5597,#5598,#5599,
#5600),.UNSPECIFIED.,.F.,.F.,(4,1,1,1,4),(0.E0,2.5E-1,5.E-1,7.5E-1,1.E0),
.UNSPECIFIED.);
#5620=B_SPLINE_CURVE_WITH_KNOTS('',3,(#5602,#5603,#5604,#5605,#5606,#5607,#5608,
#5609,#5610,#5611,#5612,#5613,#5614,#5615,#5616,#5617,#5618,#5619),
.UNSPECIFIED.,.F.,.F.,(4,1,1,1,1,1,1,1,1,1,1,1,1,1,1,4),(0.E0,6.666666666667E-2,
1.333333333333E-1,2.E-1,2.666666666667E-1,3.333333333333E-1,4.E-1,
4.666666666667E-1,5.333333333333E-1,6.E-1,6.666666666667E-1,7.333333333333E-1,
8.E-1,8.666666666667E-1,9.333333333333E-1,1.E0),.UNSPECIFIED.);
#5646=B_SPLINE_CURVE_WITH_KNOTS('',3,(#5625,#5626,#5627,#5628,#5629,#5630,#5631,
#5632,#5633,#5634,#5635,#5636,#5637,#5638,#5639,#5640,#5641,#5642,#5643,#5644,
#5645),.UNSPECIFIED.,.F.,.F.,(4,1,1,1,1,1,1,1,1,1,1,1,1,1,1,1,1,1,4),(0.E0,
5.555555555556E-2,1.111111111111E-1,1.666666666667E-1,2.222222222222E-1,
2.777777777778E-1,3.333333333333E-1,3.888888888889E-1,4.444444444444E-1,5.E-1,
5.555555555556E-1,6.111111111111E-1,6.666666666667E-1,7.222222222222E-1,
7.777777777778E-1,8.333333333333E-1,8.888888888889E-1,9.444444444444E-1,1.E0),
.UNSPECIFIED.);
#5668=B_SPLINE_CURVE_WITH_KNOTS('',3,(#5647,#5648,#5649,#5650,#5651,#5652,#5653,
#5654,#5655,#5656,#5657,#5658,#5659,#5660,#5661,#5662,#5663,#5664,#5665,#5666,
#5667),.UNSPECIFIED.,.F.,.F.,(4,1,1,1,1,1,1,1,1,1,1,1,1,1,1,1,1,1,4),(0.E0,
5.555555555556E-2,1.111111111111E-1,1.666666666667E-1,2.222222222222E-1,
2.777777777778E-1,3.333333333333E-1,3.888888888889E-1,4.444444444444E-1,5.E-1,
5.555555555556E-1,6.111111111111E-1,6.666666666667E-1,7.222222222222E-1,
7.777777777778E-1,8.333333333333E-1,8.888888888889E-1,9.444444444444E-1,1.E0),
.UNSPECIFIED.);
#5694=B_SPLINE_CURVE_WITH_KNOTS('',3,(#5673,#5674,#5675,#5676,#5677,#5678,#5679,
#5680,#5681,#5682,#5683,#5684,#5685,#5686,#5687,#5688,#5689,#5690,#5691,#5692,
#5693),.UNSPECIFIED.,.F.,.F.,(4,1,1,1,1,1,1,1,1,1,1,1,1,1,1,1,1,1,4),(0.E0,
5.555555555556E-2,1.111111111111E-1,1.666666666667E-1,2.222222222222E-1,
2.777777777778E-1,3.333333333333E-1,3.888888888889E-1,4.444444444444E-1,5.E-1,
5.555555555556E-1,6.111111111111E-1,6.666666666667E-1,7.222222222222E-1,
7.777777777778E-1,8.333333333333E-1,8.888888888889E-1,9.444444444444E-1,1.E0),
.UNSPECIFIED.);
#5701=B_SPLINE_CURVE_WITH_KNOTS('',3,(#5695,#5696,#5697,#5698,#5699,#5700),
.UNSPECIFIED.,.F.,.F.,(4,1,1,4),(0.E0,3.333333333333E-1,6.666666666667E-1,1.E0),
.UNSPECIFIED.);
#5722=B_SPLINE_CURVE_WITH_KNOTS('',3,(#5702,#5703,#5704,#5705,#5706,#5707,#5708,
#5709,#5710,#5711,#5712,#5713,#5714,#5715,#5716,#5717,#5718,#5719,#5720,#5721),
.UNSPECIFIED.,.F.,.F.,(4,1,1,1,1,1,1,1,1,1,1,1,1,1,1,1,1,4),(0.E0,
5.882352941176E-2,1.176470588235E-1,1.764705882353E-1,2.352941176471E-1,
2.941176470588E-1,3.529411764706E-1,4.117647058824E-1,4.705882352941E-1,
5.294117647059E-1,5.882352941176E-1,6.470588235294E-1,7.058823529412E-1,
7.647058823529E-1,8.235294117647E-1,8.823529411765E-1,9.411764705882E-1,1.E0),
.UNSPECIFIED.);
#5747=B_SPLINE_CURVE_WITH_KNOTS('',3,(#5727,#5728,#5729,#5730,#5731,#5732,#5733,
#5734,#5735,#5736,#5737,#5738,#5739,#5740,#5741,#5742,#5743,#5744,#5745,#5746),
.UNSPECIFIED.,.F.,.F.,(4,1,1,1,1,1,1,1,1,1,1,1,1,1,1,1,1,4),(0.E0,
5.882352941176E-2,1.176470588235E-1,1.764705882353E-1,2.352941176471E-1,
2.941176470588E-1,3.529411764706E-1,4.117647058824E-1,4.705882352941E-1,
5.294117647059E-1,5.882352941176E-1,6.470588235294E-1,7.058823529412E-1,
7.647058823529E-1,8.235294117647E-1,8.823529411765E-1,9.411764705882E-1,1.E0),
.UNSPECIFIED.);
#5754=B_SPLINE_CURVE_WITH_KNOTS('',3,(#5748,#5749,#5750,#5751,#5752,#5753),
.UNSPECIFIED.,.F.,.F.,(4,1,1,4),(0.E0,3.333333333333E-1,6.666666666667E-1,1.E0),
.UNSPECIFIED.);
#5776=B_SPLINE_CURVE_WITH_KNOTS('',3,(#5755,#5756,#5757,#5758,#5759,#5760,#5761,
#5762,#5763,#5764,#5765,#5766,#5767,#5768,#5769,#5770,#5771,#5772,#5773,#5774,
#5775),.UNSPECIFIED.,.F.,.F.,(4,1,1,1,1,1,1,1,1,1,1,1,1,1,1,1,1,1,4),(0.E0,
5.555555555556E-2,1.111111111111E-1,1.666666666667E-1,2.222222222222E-1,
2.777777777778E-1,3.333333333333E-1,3.888888888889E-1,4.444444444444E-1,5.E-1,
5.555555555556E-1,6.111111111111E-1,6.666666666667E-1,7.222222222222E-1,
7.777777777778E-1,8.333333333333E-1,8.888888888889E-1,9.444444444444E-1,1.E0),
.UNSPECIFIED.);
#5802=B_SPLINE_CURVE_WITH_KNOTS('',3,(#5781,#5782,#5783,#5784,#5785,#5786,#5787,
#5788,#5789,#5790,#5791,#5792,#5793,#5794,#5795,#5796,#5797,#5798,#5799,#5800,
#5801),.UNSPECIFIED.,.F.,.F.,(4,1,1,1,1,1,1,1,1,1,1,1,1,1,1,1,1,1,4),(0.E0,
5.555555555556E-2,1.111111111111E-1,1.666666666667E-1,2.222222222222E-1,
2.777777777778E-1,3.333333333333E-1,3.888888888889E-1,4.444444444444E-1,5.E-1,
5.555555555556E-1,6.111111111111E-1,6.666666666667E-1,7.222222222222E-1,
7.777777777778E-1,8.333333333333E-1,8.888888888889E-1,9.444444444444E-1,1.E0),
.UNSPECIFIED.);
#5824=B_SPLINE_CURVE_WITH_KNOTS('',3,(#5803,#5804,#5805,#5806,#5807,#5808,#5809,
#5810,#5811,#5812,#5813,#5814,#5815,#5816,#5817,#5818,#5819,#5820,#5821,#5822,
#5823),.UNSPECIFIED.,.F.,.F.,(4,1,1,1,1,1,1,1,1,1,1,1,1,1,1,1,1,1,4),(0.E0,
5.555555555556E-2,1.111111111111E-1,1.666666666667E-1,2.222222222222E-1,
2.777777777778E-1,3.333333333333E-1,3.888888888889E-1,4.444444444444E-1,5.E-1,
5.555555555556E-1,6.111111111111E-1,6.666666666667E-1,7.222222222222E-1,
7.777777777778E-1,8.333333333333E-1,8.888888888889E-1,9.444444444444E-1,1.E0),
.UNSPECIFIED.);
#5956=B_SPLINE_CURVE_WITH_KNOTS('',3,(#5837,#5838,#5839,#5840,#5841,#5842,#5843,
#5844,#5845,#5846,#5847,#5848,#5849,#5850,#5851,#5852,#5853,#5854,#5855,#5856,
#5857,#5858,#5859,#5860,#5861,#5862,#5863,#5864,#5865,#5866,#5867,#5868,#5869,
#5870,#5871,#5872,#5873,#5874,#5875,#5876,#5877,#5878,#5879,#5880,#5881,#5882,
#5883,#5884,#5885,#5886,#5887,#5888,#5889,#5890,#5891,#5892,#5893,#5894,#5895,
#5896,#5897,#5898,#5899,#5900,#5901,#5902,#5903,#5904,#5905,#5906,#5907,#5908,
#5909,#5910,#5911,#5912,#5913,#5914,#5915,#5916,#5917,#5918,#5919,#5920,#5921,
#5922,#5923,#5924,#5925,#5926,#5927,#5928,#5929,#5930,#5931,#5932,#5933,#5934,
#5935,#5936,#5937,#5938,#5939,#5940,#5941,#5942,#5943,#5944,#5945,#5946,#5947,
#5948,#5949,#5950,#5951,#5952,#5953,#5954,#5955),.UNSPECIFIED.,.F.,.F.,(4,1,1,1,
1,1,1,1,1,1,1,1,1,1,1,1,1,1,1,1,1,1,1,1,1,1,1,1,1,1,1,1,1,1,1,1,1,1,1,1,1,1,1,1,
1,1,1,1,1,1,1,1,1,1,1,1,1,1,1,1,1,1,1,1,1,1,1,1,1,1,1,1,1,1,1,1,1,1,1,1,1,1,1,1,
1,1,1,1,1,1,1,1,1,1,1,1,1,1,1,1,1,1,1,1,1,1,1,1,1,1,1,1,1,1,1,1,4),(0.E0,
8.620689655172E-3,1.724137931034E-2,2.586206896552E-2,3.448275862069E-2,
4.310344827586E-2,5.172413793103E-2,6.034482758621E-2,6.896551724138E-2,
7.758620689655E-2,8.620689655172E-2,9.482758620690E-2,1.034482758621E-1,
1.120689655172E-1,1.206896551724E-1,1.293103448276E-1,1.379310344828E-1,
1.465517241379E-1,1.551724137931E-1,1.637931034483E-1,1.724137931034E-1,
1.810344827586E-1,1.896551724138E-1,1.982758620690E-1,2.068965517241E-1,
2.155172413793E-1,2.241379310345E-1,2.327586206897E-1,2.413793103448E-1,2.5E-1,
2.586206896552E-1,2.672413793103E-1,2.758620689655E-1,2.844827586207E-1,
2.931034482759E-1,3.017241379310E-1,3.103448275862E-1,3.189655172414E-1,
3.275862068966E-1,3.362068965517E-1,3.448275862069E-1,3.534482758621E-1,
3.620689655172E-1,3.706896551724E-1,3.793103448276E-1,3.879310344828E-1,
3.965517241379E-1,4.051724137931E-1,4.137931034483E-1,4.224137931034E-1,
4.310344827586E-1,4.396551724138E-1,4.482758620690E-1,4.568965517241E-1,
4.655172413793E-1,4.741379310345E-1,4.827586206897E-1,4.913793103448E-1,5.E-1,
5.086206896552E-1,5.172413793103E-1,5.258620689655E-1,5.344827586207E-1,
5.431034482759E-1,5.517241379310E-1,5.603448275862E-1,5.689655172414E-1,
5.775862068966E-1,5.862068965517E-1,5.948275862069E-1,6.034482758621E-1,
6.120689655172E-1,6.206896551724E-1,6.293103448276E-1,6.379310344828E-1,
6.465517241379E-1,6.551724137931E-1,6.637931034483E-1,6.724137931034E-1,
6.810344827586E-1,6.896551724138E-1,6.982758620690E-1,7.068965517241E-1,
7.155172413793E-1,7.241379310345E-1,7.327586206897E-1,7.413793103448E-1,7.5E-1,
7.586206896552E-1,7.672413793103E-1,7.758620689655E-1,7.844827586207E-1,
7.931034482759E-1,8.017241379310E-1,8.103448275862E-1,8.189655172414E-1,
8.275862068966E-1,8.362068965517E-1,8.448275862069E-1,8.534482758621E-1,
8.620689655172E-1,8.706896551724E-1,8.793103448276E-1,8.879310344828E-1,
8.965517241379E-1,9.051724137931E-1,9.137931034483E-1,9.224137931034E-1,
9.310344827586E-1,9.396551724138E-1,9.482758620690E-1,9.568965517241E-1,
9.655172413793E-1,9.741379310345E-1,9.827586206897E-1,9.913793103448E-1,1.E0),
.UNSPECIFIED.);
#6050=B_SPLINE_CURVE_WITH_KNOTS('',3,(#5957,#5958,#5959,#5960,#5961,#5962,#5963,
#5964,#5965,#5966,#5967,#5968,#5969,#5970,#5971,#5972,#5973,#5974,#5975,#5976,
#5977,#5978,#5979,#5980,#5981,#5982,#5983,#5984,#5985,#5986,#5987,#5988,#5989,
#5990,#5991,#5992,#5993,#5994,#5995,#5996,#5997,#5998,#5999,#6000,#6001,#6002,
#6003,#6004,#6005,#6006,#6007,#6008,#6009,#6010,#6011,#6012,#6013,#6014,#6015,
#6016,#6017,#6018,#6019,#6020,#6021,#6022,#6023,#6024,#6025,#6026,#6027,#6028,
#6029,#6030,#6031,#6032,#6033,#6034,#6035,#6036,#6037,#6038,#6039,#6040,#6041,
#6042,#6043,#6044,#6045,#6046,#6047,#6048,#6049),.UNSPECIFIED.,.F.,.F.,(4,1,1,1,
1,1,1,1,1,1,1,1,1,1,1,1,1,1,1,1,1,1,1,1,1,1,1,1,1,1,1,1,1,1,1,1,1,1,1,1,1,1,1,1,
1,1,1,1,1,1,1,1,1,1,1,1,1,1,1,1,1,1,1,1,1,1,1,1,1,1,1,1,1,1,1,1,1,1,1,1,1,1,1,1,
1,1,1,1,1,1,4),(0.E0,1.111111111111E-2,2.222222222222E-2,3.333333333333E-2,
4.444444444444E-2,5.555555555556E-2,6.666666666667E-2,7.777777777778E-2,
8.888888888889E-2,1.E-1,1.111111111111E-1,1.222222222222E-1,1.333333333333E-1,
1.444444444444E-1,1.555555555556E-1,1.666666666667E-1,1.777777777778E-1,
1.888888888889E-1,2.E-1,2.111111111111E-1,2.222222222222E-1,2.333333333333E-1,
2.444444444444E-1,2.555555555556E-1,2.666666666667E-1,2.777777777778E-1,
2.888888888889E-1,3.E-1,3.111111111111E-1,3.222222222222E-1,3.333333333333E-1,
3.444444444444E-1,3.555555555556E-1,3.666666666667E-1,3.777777777778E-1,
3.888888888889E-1,4.E-1,4.111111111111E-1,4.222222222222E-1,4.333333333333E-1,
4.444444444444E-1,4.555555555556E-1,4.666666666667E-1,4.777777777778E-1,
4.888888888889E-1,5.E-1,5.111111111111E-1,5.222222222222E-1,5.333333333333E-1,
5.444444444444E-1,5.555555555556E-1,5.666666666667E-1,5.777777777778E-1,
5.888888888889E-1,6.E-1,6.111111111111E-1,6.222222222222E-1,6.333333333333E-1,
6.444444444444E-1,6.555555555556E-1,6.666666666667E-1,6.777777777778E-1,
6.888888888889E-1,7.E-1,7.111111111111E-1,7.222222222222E-1,7.333333333333E-1,
7.444444444444E-1,7.555555555556E-1,7.666666666667E-1,7.777777777778E-1,
7.888888888889E-1,8.E-1,8.111111111111E-1,8.222222222222E-1,8.333333333333E-1,
8.444444444444E-1,8.555555555556E-1,8.666666666667E-1,8.777777777778E-1,
8.888888888889E-1,9.E-1,9.111111111111E-1,9.222222222222E-1,9.333333333333E-1,
9.444444444444E-1,9.555555555556E-1,9.666666666667E-1,9.777777777778E-1,
9.888888888889E-1,1.E0),.UNSPECIFIED.);
#6055=CIRCLE('',#6054,1.E0);
#6060=CIRCLE('',#6059,1.1115E0);
#6080=B_SPLINE_CURVE_WITH_KNOTS('',3,(#6061,#6062,#6063,#6064,#6065,#6066,#6067,
#6068,#6069,#6070,#6071,#6072,#6073,#6074,#6075,#6076,#6077,#6078,#6079),
.UNSPECIFIED.,.F.,.F.,(4,1,1,1,1,1,1,1,1,1,1,1,1,1,1,1,4),(0.E0,6.25E-2,1.25E-1,
1.875E-1,2.5E-1,3.125E-1,3.75E-1,4.375E-1,5.E-1,5.625E-1,6.25E-1,6.875E-1,
7.5E-1,8.125E-1,8.75E-1,9.375E-1,1.E0),.UNSPECIFIED.);
#6169=B_SPLINE_CURVE_WITH_KNOTS('',3,(#6081,#6082,#6083,#6084,#6085,#6086,#6087,
#6088,#6089,#6090,#6091,#6092,#6093,#6094,#6095,#6096,#6097,#6098,#6099,#6100,
#6101,#6102,#6103,#6104,#6105,#6106,#6107,#6108,#6109,#6110,#6111,#6112,#6113,
#6114,#6115,#6116,#6117,#6118,#6119,#6120,#6121,#6122,#6123,#6124,#6125,#6126,
#6127,#6128,#6129,#6130,#6131,#6132,#6133,#6134,#6135,#6136,#6137,#6138,#6139,
#6140,#6141,#6142,#6143,#6144,#6145,#6146,#6147,#6148,#6149,#6150,#6151,#6152,
#6153,#6154,#6155,#6156,#6157,#6158,#6159,#6160,#6161,#6162,#6163,#6164,#6165,
#6166,#6167,#6168),.UNSPECIFIED.,.F.,.F.,(4,1,1,1,1,1,1,1,1,1,1,1,1,1,1,1,1,1,1,
1,1,1,1,1,1,1,1,1,1,1,1,1,1,1,1,1,1,1,1,1,1,1,1,1,1,1,1,1,1,1,1,1,1,1,1,1,1,1,1,
1,1,1,1,1,1,1,1,1,1,1,1,1,1,1,1,1,1,1,1,1,1,1,1,1,1,4),(0.E0,1.176470588235E-2,
2.352941176471E-2,3.529411764706E-2,4.705882352941E-2,5.882352941176E-2,
7.058823529412E-2,8.235294117647E-2,9.411764705882E-2,1.058823529412E-1,
1.176470588235E-1,1.294117647059E-1,1.411764705882E-1,1.529411764706E-1,
1.647058823529E-1,1.764705882353E-1,1.882352941176E-1,2.E-1,2.117647058824E-1,
2.235294117647E-1,2.352941176471E-1,2.470588235294E-1,2.588235294118E-1,
2.705882352941E-1,2.823529411765E-1,2.941176470588E-1,3.058823529412E-1,
3.176470588235E-1,3.294117647059E-1,3.411764705882E-1,3.529411764706E-1,
3.647058823529E-1,3.764705882353E-1,3.882352941176E-1,4.E-1,4.117647058824E-1,
4.235294117647E-1,4.352941176471E-1,4.470588235294E-1,4.588235294118E-1,
4.705882352941E-1,4.823529411765E-1,4.941176470588E-1,5.058823529412E-1,
5.176470588235E-1,5.294117647059E-1,5.411764705882E-1,5.529411764706E-1,
5.647058823529E-1,5.764705882353E-1,5.882352941176E-1,6.E-1,6.117647058824E-1,
6.235294117647E-1,6.352941176471E-1,6.470588235294E-1,6.588235294118E-1,
6.705882352941E-1,6.823529411765E-1,6.941176470588E-1,7.058823529412E-1,
7.176470588235E-1,7.294117647059E-1,7.411764705882E-1,7.529411764706E-1,
7.647058823529E-1,7.764705882353E-1,7.882352941176E-1,8.E-1,8.117647058824E-1,
8.235294117647E-1,8.352941176471E-1,8.470588235294E-1,8.588235294118E-1,
8.705882352941E-1,8.823529411765E-1,8.941176470588E-1,9.058823529412E-1,
9.176470588235E-1,9.294117647059E-1,9.411764705882E-1,9.529411764706E-1,
9.647058823529E-1,9.764705882353E-1,9.882352941176E-1,1.E0),.UNSPECIFIED.);
#6289=B_SPLINE_CURVE_WITH_KNOTS('',3,(#6170,#6171,#6172,#6173,#6174,#6175,#6176,
#6177,#6178,#6179,#6180,#6181,#6182,#6183,#6184,#6185,#6186,#6187,#6188,#6189,
#6190,#6191,#6192,#6193,#6194,#6195,#6196,#6197,#6198,#6199,#6200,#6201,#6202,
#6203,#6204,#6205,#6206,#6207,#6208,#6209,#6210,#6211,#6212,#6213,#6214,#6215,
#6216,#6217,#6218,#6219,#6220,#6221,#6222,#6223,#6224,#6225,#6226,#6227,#6228,
#6229,#6230,#6231,#6232,#6233,#6234,#6235,#6236,#6237,#6238,#6239,#6240,#6241,
#6242,#6243,#6244,#6245,#6246,#6247,#6248,#6249,#6250,#6251,#6252,#6253,#6254,
#6255,#6256,#6257,#6258,#6259,#6260,#6261,#6262,#6263,#6264,#6265,#6266,#6267,
#6268,#6269,#6270,#6271,#6272,#6273,#6274,#6275,#6276,#6277,#6278,#6279,#6280,
#6281,#6282,#6283,#6284,#6285,#6286,#6287,#6288),.UNSPECIFIED.,.F.,.F.,(4,1,1,1,
1,1,1,1,1,1,1,1,1,1,1,1,1,1,1,1,1,1,1,1,1,1,1,1,1,1,1,1,1,1,1,1,1,1,1,1,1,1,1,1,
1,1,1,1,1,1,1,1,1,1,1,1,1,1,1,1,1,1,1,1,1,1,1,1,1,1,1,1,1,1,1,1,1,1,1,1,1,1,1,1,
1,1,1,1,1,1,1,1,1,1,1,1,1,1,1,1,1,1,1,1,1,1,1,1,1,1,1,1,1,1,1,1,4),(0.E0,
8.620689655172E-3,1.724137931034E-2,2.586206896552E-2,3.448275862069E-2,
4.310344827586E-2,5.172413793103E-2,6.034482758621E-2,6.896551724138E-2,
7.758620689655E-2,8.620689655172E-2,9.482758620690E-2,1.034482758621E-1,
1.120689655172E-1,1.206896551724E-1,1.293103448276E-1,1.379310344828E-1,
1.465517241379E-1,1.551724137931E-1,1.637931034483E-1,1.724137931034E-1,
1.810344827586E-1,1.896551724138E-1,1.982758620690E-1,2.068965517241E-1,
2.155172413793E-1,2.241379310345E-1,2.327586206897E-1,2.413793103448E-1,2.5E-1,
2.586206896552E-1,2.672413793103E-1,2.758620689655E-1,2.844827586207E-1,
2.931034482759E-1,3.017241379310E-1,3.103448275862E-1,3.189655172414E-1,
3.275862068966E-1,3.362068965517E-1,3.448275862069E-1,3.534482758621E-1,
3.620689655172E-1,3.706896551724E-1,3.793103448276E-1,3.879310344828E-1,
3.965517241379E-1,4.051724137931E-1,4.137931034483E-1,4.224137931034E-1,
4.310344827586E-1,4.396551724138E-1,4.482758620690E-1,4.568965517241E-1,
4.655172413793E-1,4.741379310345E-1,4.827586206897E-1,4.913793103448E-1,5.E-1,
5.086206896552E-1,5.172413793103E-1,5.258620689655E-1,5.344827586207E-1,
5.431034482759E-1,5.517241379310E-1,5.603448275862E-1,5.689655172414E-1,
5.775862068966E-1,5.862068965517E-1,5.948275862069E-1,6.034482758621E-1,
6.120689655172E-1,6.206896551724E-1,6.293103448276E-1,6.379310344828E-1,
6.465517241379E-1,6.551724137931E-1,6.637931034483E-1,6.724137931034E-1,
6.810344827586E-1,6.896551724138E-1,6.982758620690E-1,7.068965517241E-1,
7.155172413793E-1,7.241379310345E-1,7.327586206897E-1,7.413793103448E-1,7.5E-1,
7.586206896552E-1,7.672413793103E-1,7.758620689655E-1,7.844827586207E-1,
7.931034482759E-1,8.017241379310E-1,8.103448275862E-1,8.189655172414E-1,
8.275862068966E-1,8.362068965517E-1,8.448275862069E-1,8.534482758621E-1,
8.620689655172E-1,8.706896551724E-1,8.793103448276E-1,8.879310344828E-1,
8.965517241379E-1,9.051724137931E-1,9.137931034483E-1,9.224137931034E-1,
9.310344827586E-1,9.396551724138E-1,9.482758620690E-1,9.568965517241E-1,
9.655172413793E-1,9.741379310345E-1,9.827586206897E-1,9.913793103448E-1,1.E0),
.UNSPECIFIED.);
#6413=B_SPLINE_CURVE_WITH_KNOTS('',3,(#6294,#6295,#6296,#6297,#6298,#6299,#6300,
#6301,#6302,#6303,#6304,#6305,#6306,#6307,#6308,#6309,#6310,#6311,#6312,#6313,
#6314,#6315,#6316,#6317,#6318,#6319,#6320,#6321,#6322,#6323,#6324,#6325,#6326,
#6327,#6328,#6329,#6330,#6331,#6332,#6333,#6334,#6335,#6336,#6337,#6338,#6339,
#6340,#6341,#6342,#6343,#6344,#6345,#6346,#6347,#6348,#6349,#6350,#6351,#6352,
#6353,#6354,#6355,#6356,#6357,#6358,#6359,#6360,#6361,#6362,#6363,#6364,#6365,
#6366,#6367,#6368,#6369,#6370,#6371,#6372,#6373,#6374,#6375,#6376,#6377,#6378,
#6379,#6380,#6381,#6382,#6383,#6384,#6385,#6386,#6387,#6388,#6389,#6390,#6391,
#6392,#6393,#6394,#6395,#6396,#6397,#6398,#6399,#6400,#6401,#6402,#6403,#6404,
#6405,#6406,#6407,#6408,#6409,#6410,#6411,#6412),.UNSPECIFIED.,.F.,.F.,(4,1,1,1,
1,1,1,1,1,1,1,1,1,1,1,1,1,1,1,1,1,1,1,1,1,1,1,1,1,1,1,1,1,1,1,1,1,1,1,1,1,1,1,1,
1,1,1,1,1,1,1,1,1,1,1,1,1,1,1,1,1,1,1,1,1,1,1,1,1,1,1,1,1,1,1,1,1,1,1,1,1,1,1,1,
1,1,1,1,1,1,1,1,1,1,1,1,1,1,1,1,1,1,1,1,1,1,1,1,1,1,1,1,1,1,1,1,4),(0.E0,
8.620689655172E-3,1.724137931034E-2,2.586206896552E-2,3.448275862069E-2,
4.310344827586E-2,5.172413793103E-2,6.034482758621E-2,6.896551724138E-2,
7.758620689655E-2,8.620689655172E-2,9.482758620690E-2,1.034482758621E-1,
1.120689655172E-1,1.206896551724E-1,1.293103448276E-1,1.379310344828E-1,
1.465517241379E-1,1.551724137931E-1,1.637931034483E-1,1.724137931034E-1,
1.810344827586E-1,1.896551724138E-1,1.982758620690E-1,2.068965517241E-1,
2.155172413793E-1,2.241379310345E-1,2.327586206897E-1,2.413793103448E-1,2.5E-1,
2.586206896552E-1,2.672413793103E-1,2.758620689655E-1,2.844827586207E-1,
2.931034482759E-1,3.017241379310E-1,3.103448275862E-1,3.189655172414E-1,
3.275862068966E-1,3.362068965517E-1,3.448275862069E-1,3.534482758621E-1,
3.620689655172E-1,3.706896551724E-1,3.793103448276E-1,3.879310344828E-1,
3.965517241379E-1,4.051724137931E-1,4.137931034483E-1,4.224137931034E-1,
4.310344827586E-1,4.396551724138E-1,4.482758620690E-1,4.568965517241E-1,
4.655172413793E-1,4.741379310345E-1,4.827586206897E-1,4.913793103448E-1,5.E-1,
5.086206896552E-1,5.172413793103E-1,5.258620689655E-1,5.344827586207E-1,
5.431034482759E-1,5.517241379310E-1,5.603448275862E-1,5.689655172414E-1,
5.775862068966E-1,5.862068965517E-1,5.948275862069E-1,6.034482758621E-1,
6.120689655172E-1,6.206896551724E-1,6.293103448276E-1,6.379310344828E-1,
6.465517241379E-1,6.551724137931E-1,6.637931034483E-1,6.724137931034E-1,
6.810344827586E-1,6.896551724138E-1,6.982758620690E-1,7.068965517241E-1,
7.155172413793E-1,7.241379310345E-1,7.327586206897E-1,7.413793103448E-1,7.5E-1,
7.586206896552E-1,7.672413793103E-1,7.758620689655E-1,7.844827586207E-1,
7.931034482759E-1,8.017241379310E-1,8.103448275862E-1,8.189655172414E-1,
8.275862068966E-1,8.362068965517E-1,8.448275862069E-1,8.534482758621E-1,
8.620689655172E-1,8.706896551724E-1,8.793103448276E-1,8.879310344828E-1,
8.965517241379E-1,9.051724137931E-1,9.137931034483E-1,9.224137931034E-1,
9.310344827586E-1,9.396551724138E-1,9.482758620690E-1,9.568965517241E-1,
9.655172413793E-1,9.741379310345E-1,9.827586206897E-1,9.913793103448E-1,1.E0),
.UNSPECIFIED.);
#6508=B_SPLINE_CURVE_WITH_KNOTS('',3,(#6418,#6419,#6420,#6421,#6422,#6423,#6424,
#6425,#6426,#6427,#6428,#6429,#6430,#6431,#6432,#6433,#6434,#6435,#6436,#6437,
#6438,#6439,#6440,#6441,#6442,#6443,#6444,#6445,#6446,#6447,#6448,#6449,#6450,
#6451,#6452,#6453,#6454,#6455,#6456,#6457,#6458,#6459,#6460,#6461,#6462,#6463,
#6464,#6465,#6466,#6467,#6468,#6469,#6470,#6471,#6472,#6473,#6474,#6475,#6476,
#6477,#6478,#6479,#6480,#6481,#6482,#6483,#6484,#6485,#6486,#6487,#6488,#6489,
#6490,#6491,#6492,#6493,#6494,#6495,#6496,#6497,#6498,#6499,#6500,#6501,#6502,
#6503,#6504,#6505,#6506,#6507),.UNSPECIFIED.,.F.,.F.,(4,1,1,1,1,1,1,1,1,1,1,1,1,
1,1,1,1,1,1,1,1,1,1,1,1,1,1,1,1,1,1,1,1,1,1,1,1,1,1,1,1,1,1,1,1,1,1,1,1,1,1,1,1,
1,1,1,1,1,1,1,1,1,1,1,1,1,1,1,1,1,1,1,1,1,1,1,1,1,1,1,1,1,1,1,1,1,1,4),(0.E0,
1.149425287356E-2,2.298850574713E-2,3.448275862069E-2,4.597701149425E-2,
5.747126436782E-2,6.896551724138E-2,8.045977011494E-2,9.195402298851E-2,
1.034482758621E-1,1.149425287356E-1,1.264367816092E-1,1.379310344828E-1,
1.494252873563E-1,1.609195402299E-1,1.724137931034E-1,1.839080459770E-1,
1.954022988506E-1,2.068965517241E-1,2.183908045977E-1,2.298850574713E-1,
2.413793103448E-1,2.528735632184E-1,2.643678160920E-1,2.758620689655E-1,
2.873563218391E-1,2.988505747126E-1,3.103448275862E-1,3.218390804598E-1,
3.333333333333E-1,3.448275862069E-1,3.563218390805E-1,3.678160919540E-1,
3.793103448276E-1,3.908045977011E-1,4.022988505747E-1,4.137931034483E-1,
4.252873563218E-1,4.367816091954E-1,4.482758620690E-1,4.597701149425E-1,
4.712643678161E-1,4.827586206897E-1,4.942528735632E-1,5.057471264368E-1,
5.172413793103E-1,5.287356321839E-1,5.402298850575E-1,5.517241379310E-1,
5.632183908046E-1,5.747126436782E-1,5.862068965517E-1,5.977011494253E-1,
6.091954022989E-1,6.206896551724E-1,6.321839080460E-1,6.436781609195E-1,
6.551724137931E-1,6.666666666667E-1,6.781609195402E-1,6.896551724138E-1,
7.011494252874E-1,7.126436781609E-1,7.241379310345E-1,7.356321839080E-1,
7.471264367816E-1,7.586206896552E-1,7.701149425287E-1,7.816091954023E-1,
7.931034482759E-1,8.045977011494E-1,8.160919540230E-1,8.275862068966E-1,
8.390804597701E-1,8.505747126437E-1,8.620689655172E-1,8.735632183908E-1,
8.850574712644E-1,8.965517241379E-1,9.080459770115E-1,9.195402298851E-1,
9.310344827586E-1,9.425287356322E-1,9.540229885057E-1,9.655172413793E-1,
9.770114942529E-1,9.885057471264E-1,1.E0),.UNSPECIFIED.);
#6517=CIRCLE('',#6516,1.E0);
#6529=B_SPLINE_CURVE_WITH_KNOTS('',3,(#6518,#6519,#6520,#6521,#6522,#6523,#6524,
#6525,#6526,#6527,#6528),.UNSPECIFIED.,.F.,.F.,(4,1,1,1,1,1,1,1,4),(0.E0,
1.25E-1,2.5E-1,3.75E-1,5.E-1,6.25E-1,7.5E-1,8.75E-1,1.E0),.UNSPECIFIED.);
#6534=CIRCLE('',#6533,8.115E-1);
#6542=B_SPLINE_CURVE_WITH_KNOTS('',3,(#6535,#6536,#6537,#6538,#6539,#6540,
#6541),.UNSPECIFIED.,.F.,.F.,(4,1,1,1,4),(0.E0,2.5E-1,5.E-1,7.5E-1,1.E0),
.UNSPECIFIED.);
#6551=CIRCLE('',#6550,1.1115E0);
#6565=B_SPLINE_CURVE_WITH_KNOTS('',3,(#6556,#6557,#6558,#6559,#6560,#6561,#6562,
#6563,#6564),.UNSPECIFIED.,.F.,.F.,(4,1,1,1,1,1,4),(0.E0,1.666666666667E-1,
3.333333333333E-1,5.E-1,6.666666666667E-1,8.333333333333E-1,1.E0),
.UNSPECIFIED.);
#6651=B_SPLINE_CURVE_WITH_KNOTS('',3,(#6566,#6567,#6568,#6569,#6570,#6571,#6572,
#6573,#6574,#6575,#6576,#6577,#6578,#6579,#6580,#6581,#6582,#6583,#6584,#6585,
#6586,#6587,#6588,#6589,#6590,#6591,#6592,#6593,#6594,#6595,#6596,#6597,#6598,
#6599,#6600,#6601,#6602,#6603,#6604,#6605,#6606,#6607,#6608,#6609,#6610,#6611,
#6612,#6613,#6614,#6615,#6616,#6617,#6618,#6619,#6620,#6621,#6622,#6623,#6624,
#6625,#6626,#6627,#6628,#6629,#6630,#6631,#6632,#6633,#6634,#6635,#6636,#6637,
#6638,#6639,#6640,#6641,#6642,#6643,#6644,#6645,#6646,#6647,#6648,#6649,#6650),
.UNSPECIFIED.,.F.,.F.,(4,1,1,1,1,1,1,1,1,1,1,1,1,1,1,1,1,1,1,1,1,1,1,1,1,1,1,1,
1,1,1,1,1,1,1,1,1,1,1,1,1,1,1,1,1,1,1,1,1,1,1,1,1,1,1,1,1,1,1,1,1,1,1,1,1,1,1,1,
1,1,1,1,1,1,1,1,1,1,1,1,1,1,4),(0.E0,1.219512195122E-2,2.439024390244E-2,
3.658536585366E-2,4.878048780488E-2,6.097560975610E-2,7.317073170732E-2,
8.536585365854E-2,9.756097560976E-2,1.097560975610E-1,1.219512195122E-1,
1.341463414634E-1,1.463414634146E-1,1.585365853659E-1,1.707317073171E-1,
1.829268292683E-1,1.951219512195E-1,2.073170731707E-1,2.195121951220E-1,
2.317073170732E-1,2.439024390244E-1,2.560975609756E-1,2.682926829268E-1,
2.804878048780E-1,2.926829268293E-1,3.048780487805E-1,3.170731707317E-1,
3.292682926829E-1,3.414634146341E-1,3.536585365854E-1,3.658536585366E-1,
3.780487804878E-1,3.902439024390E-1,4.024390243902E-1,4.146341463415E-1,
4.268292682927E-1,4.390243902439E-1,4.512195121951E-1,4.634146341463E-1,
4.756097560976E-1,4.878048780488E-1,5.E-1,5.121951219512E-1,5.243902439024E-1,
5.365853658537E-1,5.487804878049E-1,5.609756097561E-1,5.731707317073E-1,
5.853658536585E-1,5.975609756098E-1,6.097560975610E-1,6.219512195122E-1,
6.341463414634E-1,6.463414634146E-1,6.585365853659E-1,6.707317073171E-1,
6.829268292683E-1,6.951219512195E-1,7.073170731707E-1,7.195121951220E-1,
7.317073170732E-1,7.439024390244E-1,7.560975609756E-1,7.682926829268E-1,
7.804878048780E-1,7.926829268293E-1,8.048780487805E-1,8.170731707317E-1,
8.292682926829E-1,8.414634146341E-1,8.536585365854E-1,8.658536585366E-1,
8.780487804878E-1,8.902439024390E-1,9.024390243902E-1,9.146341463415E-1,
9.268292682927E-1,9.390243902439E-1,9.512195121951E-1,9.634146341463E-1,
9.756097560976E-1,9.878048780488E-1,1.E0),.UNSPECIFIED.);
#6787=B_SPLINE_CURVE_WITH_KNOTS('',3,(#6668,#6669,#6670,#6671,#6672,#6673,#6674,
#6675,#6676,#6677,#6678,#6679,#6680,#6681,#6682,#6683,#6684,#6685,#6686,#6687,
#6688,#6689,#6690,#6691,#6692,#6693,#6694,#6695,#6696,#6697,#6698,#6699,#6700,
#6701,#6702,#6703,#6704,#6705,#6706,#6707,#6708,#6709,#6710,#6711,#6712,#6713,
#6714,#6715,#6716,#6717,#6718,#6719,#6720,#6721,#6722,#6723,#6724,#6725,#6726,
#6727,#6728,#6729,#6730,#6731,#6732,#6733,#6734,#6735,#6736,#6737,#6738,#6739,
#6740,#6741,#6742,#6743,#6744,#6745,#6746,#6747,#6748,#6749,#6750,#6751,#6752,
#6753,#6754,#6755,#6756,#6757,#6758,#6759,#6760,#6761,#6762,#6763,#6764,#6765,
#6766,#6767,#6768,#6769,#6770,#6771,#6772,#6773,#6774,#6775,#6776,#6777,#6778,
#6779,#6780,#6781,#6782,#6783,#6784,#6785,#6786),.UNSPECIFIED.,.F.,.F.,(4,1,1,1,
1,1,1,1,1,1,1,1,1,1,1,1,1,1,1,1,1,1,1,1,1,1,1,1,1,1,1,1,1,1,1,1,1,1,1,1,1,1,1,1,
1,1,1,1,1,1,1,1,1,1,1,1,1,1,1,1,1,1,1,1,1,1,1,1,1,1,1,1,1,1,1,1,1,1,1,1,1,1,1,1,
1,1,1,1,1,1,1,1,1,1,1,1,1,1,1,1,1,1,1,1,1,1,1,1,1,1,1,1,1,1,1,1,4),(0.E0,
8.620689655172E-3,1.724137931034E-2,2.586206896552E-2,3.448275862069E-2,
4.310344827586E-2,5.172413793103E-2,6.034482758621E-2,6.896551724138E-2,
7.758620689655E-2,8.620689655172E-2,9.482758620690E-2,1.034482758621E-1,
1.120689655172E-1,1.206896551724E-1,1.293103448276E-1,1.379310344828E-1,
1.465517241379E-1,1.551724137931E-1,1.637931034483E-1,1.724137931034E-1,
1.810344827586E-1,1.896551724138E-1,1.982758620690E-1,2.068965517241E-1,
2.155172413793E-1,2.241379310345E-1,2.327586206897E-1,2.413793103448E-1,2.5E-1,
2.586206896552E-1,2.672413793103E-1,2.758620689655E-1,2.844827586207E-1,
2.931034482759E-1,3.017241379310E-1,3.103448275862E-1,3.189655172414E-1,
3.275862068966E-1,3.362068965517E-1,3.448275862069E-1,3.534482758621E-1,
3.620689655172E-1,3.706896551724E-1,3.793103448276E-1,3.879310344828E-1,
3.965517241379E-1,4.051724137931E-1,4.137931034483E-1,4.224137931034E-1,
4.310344827586E-1,4.396551724138E-1,4.482758620690E-1,4.568965517241E-1,
4.655172413793E-1,4.741379310345E-1,4.827586206897E-1,4.913793103448E-1,5.E-1,
5.086206896552E-1,5.172413793103E-1,5.258620689655E-1,5.344827586207E-1,
5.431034482759E-1,5.517241379310E-1,5.603448275862E-1,5.689655172414E-1,
5.775862068966E-1,5.862068965517E-1,5.948275862069E-1,6.034482758621E-1,
6.120689655172E-1,6.206896551724E-1,6.293103448276E-1,6.379310344828E-1,
6.465517241379E-1,6.551724137931E-1,6.637931034483E-1,6.724137931034E-1,
6.810344827586E-1,6.896551724138E-1,6.982758620690E-1,7.068965517241E-1,
7.155172413793E-1,7.241379310345E-1,7.327586206897E-1,7.413793103448E-1,7.5E-1,
7.586206896552E-1,7.672413793103E-1,7.758620689655E-1,7.844827586207E-1,
7.931034482759E-1,8.017241379310E-1,8.103448275862E-1,8.189655172414E-1,
8.275862068966E-1,8.362068965517E-1,8.448275862069E-1,8.534482758621E-1,
8.620689655172E-1,8.706896551724E-1,8.793103448276E-1,8.879310344828E-1,
8.965517241379E-1,9.051724137931E-1,9.137931034483E-1,9.224137931034E-1,
9.310344827586E-1,9.396551724138E-1,9.482758620690E-1,9.568965517241E-1,
9.655172413793E-1,9.741379310345E-1,9.827586206897E-1,9.913793103448E-1,1.E0),
.UNSPECIFIED.);
#6810=B_SPLINE_CURVE_WITH_KNOTS('',3,(#6788,#6789,#6790,#6791,#6792,#6793,#6794,
#6795,#6796,#6797,#6798,#6799,#6800,#6801,#6802,#6803,#6804,#6805,#6806,#6807,
#6808,#6809),.UNSPECIFIED.,.F.,.F.,(4,1,1,1,1,1,1,1,1,1,1,1,1,1,1,1,1,1,1,4),(
0.E0,5.263157894737E-2,1.052631578947E-1,1.578947368421E-1,2.105263157895E-1,
2.631578947368E-1,3.157894736842E-1,3.684210526316E-1,4.210526315789E-1,
4.736842105263E-1,5.263157894737E-1,5.789473684211E-1,6.315789473684E-1,
6.842105263158E-1,7.368421052632E-1,7.894736842105E-1,8.421052631579E-1,
8.947368421053E-1,9.473684210526E-1,1.E0),.UNSPECIFIED.);
#6815=CIRCLE('',#6814,1.1115E0);
#6983=EDGE_CURVE('',#6847,#6842,#4592,.T.);
#6985=EDGE_CURVE('',#6842,#6843,#4596,.T.);
#6987=EDGE_CURVE('',#6843,#6846,#4600,.T.);
#6989=EDGE_CURVE('',#6846,#6847,#4604,.T.);
#6993=EDGE_CURVE('',#6867,#6866,#6551,.T.);
#6995=EDGE_CURVE('',#6866,#6867,#6815,.T.);
#7005=EDGE_CURVE('',#6859,#6854,#4608,.T.);
#7007=EDGE_CURVE('',#6842,#6854,#6823,.T.);
#7010=EDGE_CURVE('',#6847,#6859,#4612,.T.);
#7020=EDGE_CURVE('',#6854,#6855,#6819,.T.);
#7023=EDGE_CURVE('',#6858,#6859,#6835,.T.);
#7025=EDGE_CURVE('',#6855,#6858,#6827,.T.);
#7029=EDGE_CURVE('',#6850,#6851,#4617,.T.);
#7031=EDGE_CURVE('',#6851,#6850,#4622,.T.);
#7041=EDGE_CURVE('',#6950,#6951,#4627,.T.);
#7043=EDGE_CURVE('',#6851,#6951,#4660,.T.);
#7046=EDGE_CURVE('',#6850,#6950,#4631,.T.);
#7056=EDGE_CURVE('',#6954,#6955,#4679,.T.);
#7058=EDGE_CURVE('',#6955,#6957,#4716,.T.);
#7060=EDGE_CURVE('',#6957,#6875,#4635,.T.);
#7062=EDGE_CURVE('',#6874,#6875,#4804,.T.);
#7064=EDGE_CURVE('',#6954,#6874,#4664,.T.);
#7074=EDGE_CURVE('',#6962,#6963,#4639,.T.);
#7076=EDGE_CURVE('',#6963,#6975,#4730,.T.);
#7078=EDGE_CURVE('',#6975,#6977,#4643,.T.);
#7080=EDGE_CURVE('',#6977,#6966,#4725,.T.);
#7082=EDGE_CURVE('',#6966,#6967,#4647,.T.);
#7084=EDGE_CURVE('',#6973,#6967,#4674,.T.);
#7086=EDGE_CURVE('',#6973,#6971,#4651,.T.);
#7088=EDGE_CURVE('',#6962,#6971,#4669,.T.);
#7093=EDGE_CURVE('',#6951,#6950,#4656,.T.);
#7115=EDGE_CURVE('',#6959,#6954,#4684,.T.);
#7118=EDGE_CURVE('',#6875,#6874,#4790,.T.);
#7121=EDGE_CURVE('',#6957,#6959,#4711,.T.);
#7131=EDGE_CURVE('',#6968,#6962,#4693,.T.);
#7134=EDGE_CURVE('',#6971,#6973,#4776,.T.);
#7137=EDGE_CURVE('',#6967,#6969,#4748,.T.);
#7139=EDGE_CURVE('',#6969,#6955,#4720,.T.);
#7143=EDGE_CURVE('',#6968,#6959,#4706,.T.);
#7155=EDGE_CURVE('',#6963,#6968,#4702,.T.);
#7170=EDGE_CURVE('',#6969,#6966,#4739,.T.);
#7173=EDGE_CURVE('',#6977,#6975,#4762,.T.);
#7215=EDGE_CURVE('',#6871,#6870,#4781,.T.);
#7217=EDGE_CURVE('',#6871,#6875,#4785,.T.);
#7220=EDGE_CURVE('',#6870,#6874,#4794,.T.);
#7230=EDGE_CURVE('',#6870,#6871,#4799,.T.);
#7235=EDGE_CURVE('',#6863,#6862,#4846,.T.);
#7237=EDGE_CURVE('',#6862,#6863,#6060,.T.);
#7259=EDGE_CURVE('',#6947,#6927,#4816,.T.);
#7261=EDGE_CURVE('',#6927,#6939,#4821,.T.);
#7263=EDGE_CURVE('',#6938,#6939,#4837,.T.);
#7265=EDGE_CURVE('',#6863,#6938,#4841,.T.);
#7268=EDGE_CURVE('',#6862,#6936,#4850,.T.);
#7270=EDGE_CURVE('',#6947,#6936,#4855,.T.);
#7416=EDGE_CURVE('',#6888,#6889,#4877,.T.);
#7418=EDGE_CURVE('',#6889,#6927,#5417,.T.);
#7421=EDGE_CURVE('',#6947,#6878,#6050,.T.);
#7423=EDGE_CURVE('',#6926,#6878,#5832,.T.);
#7425=EDGE_CURVE('',#6926,#6890,#5333,.T.);
#7427=EDGE_CURVE('',#6890,#6891,#4925,.T.);
#7429=EDGE_CURVE('',#6891,#6888,#5439,.T.);
#7440=EDGE_CURVE('',#6888,#6893,#5470,.T.);
#7442=EDGE_CURVE('',#6892,#6893,#4899,.T.);
#7444=EDGE_CURVE('',#6889,#6892,#4903,.T.);
#7455=EDGE_CURVE('',#6890,#6901,#5370,.T.);
#7457=EDGE_CURVE('',#6900,#6901,#4947,.T.);
#7459=EDGE_CURVE('',#6891,#6900,#4951,.T.);
#7469=EDGE_CURVE('',#6894,#6895,#4973,.T.);
#7471=EDGE_CURVE('',#6894,#6903,#5571,.T.);
#7473=EDGE_CURVE('',#6902,#6903,#4995,.T.);
#7475=EDGE_CURVE('',#6895,#6902,#4999,.T.);
#7485=EDGE_CURVE('',#6896,#6897,#5021,.T.);
#7487=EDGE_CURVE('',#6896,#6905,#5624,.T.);
#7489=EDGE_CURVE('',#6904,#6905,#5043,.T.);
#7491=EDGE_CURVE('',#6897,#6904,#5047,.T.);
#7501=EDGE_CURVE('',#6898,#6899,#5069,.T.);
#7503=EDGE_CURVE('',#6898,#6913,#5523,.T.);
#7505=EDGE_CURVE('',#6912,#6913,#5091,.T.);
#7507=EDGE_CURVE('',#6899,#6912,#5095,.T.);
#7517=EDGE_CURVE('',#6906,#6907,#5117,.T.);
#7519=EDGE_CURVE('',#6906,#6915,#5672,.T.);
#7521=EDGE_CURVE('',#6914,#6915,#5139,.T.);
#7523=EDGE_CURVE('',#6907,#6914,#5143,.T.);
#7533=EDGE_CURVE('',#6908,#6909,#5165,.T.);
#7535=EDGE_CURVE('',#6908,#6917,#5726,.T.);
#7537=EDGE_CURVE('',#6916,#6917,#5187,.T.);
#7539=EDGE_CURVE('',#6909,#6916,#5191,.T.);
#7549=EDGE_CURVE('',#6910,#6911,#5213,.T.);
#7551=EDGE_CURVE('',#6910,#6923,#5780,.T.);
#7553=EDGE_CURVE('',#6922,#6923,#5235,.T.);
#7555=EDGE_CURVE('',#6911,#6922,#5239,.T.);
#7565=EDGE_CURVE('',#6918,#6919,#5261,.T.);
#7567=EDGE_CURVE('',#6918,#6925,#5828,.T.);
#7569=EDGE_CURVE('',#6924,#6925,#5283,.T.);
#7571=EDGE_CURVE('',#6919,#6924,#5287,.T.);
#7581=EDGE_CURVE('',#6920,#6921,#5306,.T.);
#7583=EDGE_CURVE('',#6946,#6920,#6534,.T.);
#7585=EDGE_CURVE('',#6933,#6946,#5313,.T.);
#7587=EDGE_CURVE('',#6921,#6933,#5317,.T.);
#7598=EDGE_CURVE('',#6895,#6926,#5344,.T.);
#7601=EDGE_CURVE('',#6901,#6902,#5366,.T.);
#7612=EDGE_CURVE('',#6892,#6939,#5399,.T.);
#7627=EDGE_CURVE('',#6928,#6900,#5450,.T.);
#7629=EDGE_CURVE('',#6893,#6928,#5466,.T.);
#7640=EDGE_CURVE('',#6929,#6898,#5489,.T.);
#7642=EDGE_CURVE('',#6907,#6929,#5497,.T.);
#7645=EDGE_CURVE('',#6913,#6914,#5519,.T.);
#7656=EDGE_CURVE('',#6897,#6894,#5545,.T.);
#7659=EDGE_CURVE('',#6903,#6904,#5567,.T.);
#7670=EDGE_CURVE('',#6899,#6896,#5593,.T.);
#7673=EDGE_CURVE('',#6930,#6912,#5601,.T.);
#7675=EDGE_CURVE('',#6905,#6930,#5620,.T.);
#7686=EDGE_CURVE('',#6909,#6906,#5646,.T.);
#7689=EDGE_CURVE('',#6915,#6916,#5668,.T.);
#7700=EDGE_CURVE('',#6911,#6908,#5694,.T.);
#7703=EDGE_CURVE('',#6932,#6922,#5701,.T.);
#7705=EDGE_CURVE('',#6917,#6932,#5722,.T.);
#7716=EDGE_CURVE('',#6931,#6910,#5747,.T.);
#7718=EDGE_CURVE('',#6919,#6931,#5754,.T.);
#7721=EDGE_CURVE('',#6923,#6924,#5776,.T.);
#7732=EDGE_CURVE('',#6921,#6918,#5802,.T.);
#7735=EDGE_CURVE('',#6925,#6933,#5824,.T.);
#7885=EDGE_CURVE('',#6878,#6882,#5956,.T.);
#7887=EDGE_CURVE('',#6929,#6882,#6663,.T.);
#8038=EDGE_CURVE('',#6878,#6879,#5836,.T.);
#8040=EDGE_CURVE('',#6879,#6883,#6289,.T.);
#8042=EDGE_CURVE('',#6882,#6883,#6667,.T.);
#8189=EDGE_CURVE('',#6936,#6937,#6055,.T.);
#8191=EDGE_CURVE('',#6937,#6879,#6169,.T.);
#8208=EDGE_CURVE('',#6937,#6938,#6080,.T.);
#8356=EDGE_CURVE('',#6879,#6928,#6293,.T.);
#8512=EDGE_CURVE('',#6883,#6930,#6417,.T.);
#8667=EDGE_CURVE('',#6887,#6932,#6512,.T.);
#8669=EDGE_CURVE('',#6883,#6887,#6413,.T.);
#8822=EDGE_CURVE('',#6946,#6944,#6529,.T.);
#8824=EDGE_CURVE('',#6887,#6944,#6508,.T.);
#8836=EDGE_CURVE('',#6944,#6945,#6517,.T.);
#8840=EDGE_CURVE('',#6941,#6920,#6542,.T.);
#8842=EDGE_CURVE('',#6866,#6941,#6546,.T.);
#8845=EDGE_CURVE('',#6867,#6940,#6555,.T.);
#8847=EDGE_CURVE('',#6945,#6940,#6565,.T.);
#8994=EDGE_CURVE('',#6886,#6945,#6651,.T.);
#8996=EDGE_CURVE('',#6886,#6887,#6655,.T.);
#9145=EDGE_CURVE('',#6931,#6886,#6659,.T.);
#9149=EDGE_CURVE('',#6940,#6941,#6810,.T.);
#9301=EDGE_CURVE('',#6882,#6886,#6787,.T.);
#9478=EDGE_CURVE('',#6843,#6855,#6831,.T.);
#9491=EDGE_CURVE('',#6846,#6858,#6839,.T.);
#9515=CIRCLE('',#9514,1.E0);
#9524=CIRCLE('',#9523,1.E0);
#9529=CIRCLE('',#9528,1.E0);
#9538=CIRCLE('',#9537,1.E0);
#9552=EDGE_CURVE('',#9546,#9545,#9515,.T.);
#9554=EDGE_CURVE('',#9545,#9541,#9519,.T.);
#9556=EDGE_CURVE('',#9541,#9542,#9524,.T.);
#9558=EDGE_CURVE('',#9546,#9542,#9533,.T.);
#9568=EDGE_CURVE('',#9545,#9546,#9529,.T.);
#9571=EDGE_CURVE('',#9542,#9541,#9538,.T.);
#9591=AXIS2_PLACEMENT_3D('',#9588,#9589,#9590);
#9592=ADVANCED_BREP_SHAPE_REPRESENTATION('',(#9591,#9578),#9587);
#9596=AXIS2_PLACEMENT_3D('',#9593,#9594,#9595);
#9597=MANIFOLD_SURFACE_SHAPE_REPRESENTATION('',(#9596,#9579),#9587);
#9601=AXIS2_PLACEMENT_3D('',#9598,#9599,#9600);
#9602=SHAPE_REPRESENTATION('',(#9601),#9587);
#9609=PRODUCT_DEFINITION('design','',#9608,#9605);
#9610=PRODUCT_DEFINITION_SHAPE('','SHAPE FOR M80-210.',#9609);
#9611=SHAPE_DEFINITION_REPRESENTATION(#9610,#9602);
#9612=NEXT_ASSEMBLY_USAGE_OCCURRENCE('1307','Next assembly relationship',
'M80-210',#9645,#9609,$);
#9613=PRODUCT_DEFINITION_SHAPE('Placement #1307',
'Placement of M80-210 with respect to M80-5000000M1-04-333-00-000_ASM',#9612);
#9621=NEXT_ASSEMBLY_USAGE_OCCURRENCE('1308','Next assembly relationship',
'M80-210',#9645,#9609,$);
#9622=PRODUCT_DEFINITION_SHAPE('Placement #1308',
'Placement of M80-210 with respect to M80-5000000M1-04-333-00-000_ASM',#9621);
#9641=AXIS2_PLACEMENT_3D('',#9638,#9639,#9640);
#9645=PRODUCT_DEFINITION('design','',#9644,#9605);
ENDSEC;
END-ISO-10303-21;
