ISO-10303-21;
HEADER;
FILE_DESCRIPTION (( 'STEP AP203' ),
    '1' );
FILE_NAME ('SS_5D.step',
    '2011-02-19T19:13:14',
    ( 'OSMC1.0    ' ),
    ( ' ' ),
    'SwSTEP 2.0',
    'SolidWorks 2002025',
    '' );
FILE_SCHEMA (( 'CONFIG_CONTROL_DESIGN' ));
ENDSEC;

DATA;
#1 = VERTEX_POINT ( 'NONE', #272 ) ;
#2 = VERTEX_POINT ( 'NONE', #279 ) ;
#3 = VERTEX_POINT ( 'NONE', #284 ) ;
#4 = EDGE_CURVE ( 'NONE', #1189, #1758, #298, .T. ) ;
#5 = ORIENTED_EDGE ( 'NONE', *, *, #224, .F. ) ;
#6 = VERTEX_POINT ( 'NONE', #313 ) ;
#7 = ADVANCED_FACE ( 'NONE', ( #314 ), #315, .F. ) ;
#8 = VERTEX_POINT ( 'NONE', #335 ) ;
#9 = VERTEX_POINT ( 'NONE', #336 ) ;
#10 = ORIENTED_EDGE ( 'NONE', *, *, #899, .T. ) ;
#11 = ORIENTED_EDGE ( 'NONE', *, *, #1726, .T. ) ;
#12 = EDGE_LOOP ( 'NONE', ( #1712, #112, #184, #68 ) ) ;
#13 = ORIENTED_EDGE ( 'NONE', *, *, #50, .F. ) ;
#14 = EDGE_LOOP ( 'NONE', ( #264, #1241, #167, #1773 ) ) ;
#15 = VERTEX_POINT ( 'NONE', #352 ) ;
#16 = VERTEX_POINT ( 'NONE', #354 ) ;
#17 = ADVANCED_FACE ( 'NONE', ( #355 ), #356, .T. ) ;
#18 = ORIENTED_EDGE ( 'NONE', *, *, #1749, .T. ) ;
#19 = EDGE_CURVE ( 'NONE', #2, #8, #382, .T. ) ;
#20 = ORIENTED_EDGE ( 'NONE', *, *, #1098, .T. ) ;
#21 = EDGE_LOOP ( 'NONE', ( #213, #1746, #88, #1674 ) ) ;
#22 = VERTEX_POINT ( 'NONE', #396 ) ;
#23 = EDGE_CURVE ( 'NONE', #1224, #94, #398, .T. ) ;
#24 = VERTEX_POINT ( 'NONE', #407 ) ;
#25 = ORIENTED_EDGE ( 'NONE', *, *, #1739, .F. ) ;
#26 = ORIENTED_EDGE ( 'NONE', *, *, #408, .T. ) ;
#27 = EDGE_CURVE ( 'NONE', #1740, #708, #431, .T. ) ;
#28 = VERTEX_POINT ( 'NONE', #435 ) ;
#29 = EDGE_CURVE ( 'NONE', #1351, #1636, #436, .T. ) ;
#30 = EDGE_CURVE ( 'NONE', #24, #199, #440, .T. ) ;
#31 = VERTEX_POINT ( 'NONE', #444 ) ;
#32 = ORIENTED_EDGE ( 'NONE', *, *, #291, .F. ) ;
#33 = CLOSED_SHELL ( 'NONE', ( #127, #797, #1637, #1774, #1386, #69, #1709, #1628, #1734, #1770, #7, #1703, #122, #920, #76, #42, #1771, #1649, #57, #209, #292, #1699, #368, #233, #1333, #126, #103, #147, #1475, #1620, #1260, #149, #34, #173, #156, #39, #110, #369, #1738, #54, #17, #1732, #1633 ) ) ;
#34 = ADVANCED_FACE ( 'NONE', ( #445 ), #446, .F. ) ;
#35 = ORIENTED_EDGE ( 'NONE', *, *, #152, .T. ) ;
#36 = EDGE_LOOP ( 'NONE', ( #176, #160, #159, #494 ) ) ;
#37 = ORIENTED_EDGE ( 'NONE', *, *, #1651, .T. ) ;
#38 = ORIENTED_EDGE ( 'NONE', *, *, #204, .T. ) ;
#39 = ADVANCED_FACE ( 'NONE', ( #466 ), #467, .F. ) ;
#40 = ORIENTED_EDGE ( 'NONE', *, *, #1644, .F. ) ;
#41 = ORIENTED_EDGE ( 'NONE', *, *, #1727, .T. ) ;
#42 = ADVANCED_FACE ( 'NONE', ( #502 ), #503, .F. ) ;
#43 = EDGE_LOOP ( 'NONE', ( #230, #636, #267, #5 ) ) ;
#44 = EDGE_CURVE ( 'NONE', #1639, #600, #512, .T. ) ;
#45 = ORIENTED_EDGE ( 'NONE', *, *, #1741, .F. ) ;
#46 = ORIENTED_EDGE ( 'NONE', *, *, #96, .F. ) ;
#47 = ORIENTED_EDGE ( 'NONE', *, *, #1760, .T. ) ;
#48 = EDGE_LOOP ( 'NONE', ( #1652, #220, #546, #311 ) ) ;
#49 = ORIENTED_EDGE ( 'NONE', *, *, #104, .F. ) ;
#50 = EDGE_CURVE ( 'NONE', #1645, #1769, #566, .T. ) ;
#51 = ORIENTED_EDGE ( 'NONE', *, *, #1644, .T. ) ;
#52 = ORIENTED_EDGE ( 'NONE', *, *, #1669, .T. ) ;
#53 = VERTEX_POINT ( 'NONE', #586 ) ;
#54 = ADVANCED_FACE ( 'NONE', ( #587 ), #588, .F. ) ;
#55 = VERTEX_POINT ( 'NONE', #598 ) ;
#56 = EDGE_CURVE ( 'NONE', #1647, #1645, #599, .T. ) ;
#57 = ADVANCED_FACE ( 'NONE', ( #606 ), #607, .F. ) ;
#58 = EDGE_CURVE ( 'NONE', #28, #227, #612, .T. ) ;
#59 = ORIENTED_EDGE ( 'NONE', *, *, #709, .F. ) ;
#60 = EDGE_CURVE ( 'NONE', #187, #389, #616, .T. ) ;
#61 = ORIENTED_EDGE ( 'NONE', *, *, #1661, .F. ) ;
#62 = EDGE_LOOP ( 'NONE', ( #198, #82, #13, #253 ) ) ;
#63 = ORIENTED_EDGE ( 'NONE', *, *, #1759, .F. ) ;
#64 = ORIENTED_EDGE ( 'NONE', *, *, #214, .T. ) ;
#65 = EDGE_CURVE ( 'NONE', #1011, #1683, #648, .T. ) ;
#66 = VERTEX_POINT ( 'NONE', #652 ) ;
#67 = EDGE_LOOP ( 'NONE', ( #1619, #138, #1458, #1299 ) ) ;
#68 = ORIENTED_EDGE ( 'NONE', *, *, #1577, .T. ) ;
#69 = ADVANCED_FACE ( 'NONE', ( #657 ), #658, .F. ) ;
#70 = VERTEX_POINT ( 'NONE', #663 ) ;
#71 = ORIENTED_EDGE ( 'NONE', *, *, #121, .F. ) ;
#72 = ORIENTED_EDGE ( 'NONE', *, *, #241, .F. ) ;
#73 = ORIENTED_EDGE ( 'NONE', *, *, #1677, .F. ) ;
#74 = ORIENTED_EDGE ( 'NONE', *, *, #1634, .F. ) ;
#75 = EDGE_CURVE ( 'NONE', #199, #182, #719, .T. ) ;
#76 = ADVANCED_FACE ( 'NONE', ( #728 ), #729, .F. ) ;
#77 = EDGE_CURVE ( 'NONE', #131, #1281, #740, .T. ) ;
#78 = ORIENTED_EDGE ( 'NONE', *, *, #529, .T. ) ;
#79 = ADVANCED_FACE ( 'NONE', ( #768 ), #769, .T. ) ;
#80 = EDGE_CURVE ( 'NONE', #1687, #1280, #782, .T. ) ;
#81 = EDGE_CURVE ( 'NONE', #1647, #780, #787, .T. ) ;
#82 = ORIENTED_EDGE ( 'NONE', *, *, #175, .F. ) ;
#83 = ORIENTED_EDGE ( 'NONE', *, *, #1692, .T. ) ;
#84 = ORIENTED_EDGE ( 'NONE', *, *, #901, .T. ) ;
#85 = EDGE_CURVE ( 'NONE', #1007, #28, #817, .T. ) ;
#86 = EDGE_CURVE ( 'NONE', #780, #2, #857, .T. ) ;
#87 = ORIENTED_EDGE ( 'NONE', *, *, #191, .F. ) ;
#88 = ORIENTED_EDGE ( 'NONE', *, *, #247, .F. ) ;
#89 = ORIENTED_EDGE ( 'NONE', *, *, #58, .F. ) ;
#90 = ORIENTED_EDGE ( 'NONE', *, *, #65, .T. ) ;
#91 = MANIFOLD_SOLID_BREP ( 'NONE', #329 ) ;
#92 = EDGE_LOOP ( 'NONE', ( #234, #231, #689, #208 ) ) ;
#93 = ORIENTED_EDGE ( 'NONE', *, *, #1722, .F. ) ;
#94 = VERTEX_POINT ( 'NONE', #939 ) ;
#95 = ORIENTED_EDGE ( 'NONE', *, *, #194, .F. ) ;
#96 = EDGE_CURVE ( 'NONE', #70, #6, #970, .T. ) ;
#97 = ORIENTED_EDGE ( 'NONE', *, *, #172, .T. ) ;
#98 = ORIENTED_EDGE ( 'NONE', *, *, #1624, .T. ) ;
#99 = ORIENTED_EDGE ( 'NONE', *, *, #1440, .F. ) ;
#100 = EDGE_CURVE ( 'NONE', #1280, #1422, #976, .T. ) ;
#101 = EDGE_CURVE ( 'NONE', #22, #235, #980, .T. ) ;
#102 = ORIENTED_EDGE ( 'NONE', *, *, #101, .F. ) ;
#103 = ADVANCED_FACE ( 'NONE', ( #985 ), #986, .F. ) ;
#104 = EDGE_CURVE ( 'NONE', #1629, #1189, #994, .T. ) ;
#105 = ORIENTED_EDGE ( 'NONE', *, *, #262, .T. ) ;
#106 = EDGE_LOOP ( 'NONE', ( #1223, #128, #249, #10 ) ) ;
#107 = ORIENTED_EDGE ( 'NONE', *, *, #1760, .F. ) ;
#108 = ORIENTED_EDGE ( 'NONE', *, *, #1669, .F. ) ;
#109 = EDGE_LOOP ( 'NONE', ( #1700, #183, #496, #1764 ) ) ;
#110 = ADVANCED_FACE ( 'NONE', ( #1015 ), #1016, .F. ) ;
#111 = ORIENTED_EDGE ( 'NONE', *, *, #75, .F. ) ;
#112 = ORIENTED_EDGE ( 'NONE', *, *, #58, .T. ) ;
#113 = ORIENTED_EDGE ( 'NONE', *, *, #1755, .T. ) ;
#114 = EDGE_CURVE ( 'NONE', #137, #1224, #1030, .T. ) ;
#115 = EDGE_CURVE ( 'NONE', #1009, #22, #1034, .T. ) ;
#116 = EDGE_LOOP ( 'NONE', ( #200, #197, #1682, #190 ) ) ;
#117 = EDGE_CURVE ( 'NONE', #8, #196, #1042, .T. ) ;
#118 = ORIENTED_EDGE ( 'NONE', *, *, #1634, .T. ) ;
#119 = ORIENTED_EDGE ( 'NONE', *, *, #75, .T. ) ;
#120 = ORIENTED_EDGE ( 'NONE', *, *, #391, .T. ) ;
#121 = EDGE_CURVE ( 'NONE', #779, #866, #1070, .T. ) ;
#122 = ADVANCED_FACE ( 'NONE', ( #1075 ), #1076, .F. ) ;
#123 = EDGE_LOOP ( 'NONE', ( #133, #1730, #988, #1476 ) ) ;
#124 = ORIENTED_EDGE ( 'NONE', *, *, #168, .F. ) ;
#125 = ORIENTED_EDGE ( 'NONE', *, *, #1739, .T. ) ;
#126 = ADVANCED_FACE ( 'NONE', ( #1103 ), #1104, .F. ) ;
#127 = ADVANCED_FACE ( 'NONE', ( #1109 ), #1110, .F. ) ;
#128 = ORIENTED_EDGE ( 'NONE', *, *, #258, .F. ) ;
#129 = ORIENTED_EDGE ( 'NONE', *, *, #1752, .F. ) ;
#130 = ORIENTED_EDGE ( 'NONE', *, *, #459, .F. ) ;
#131 = VERTEX_POINT ( 'NONE', #1126 ) ;
#132 = VERTEX_POINT ( 'NONE', #1128 ) ;
#133 = ORIENTED_EDGE ( 'NONE', *, *, #175, .T. ) ;
#134 = EDGE_LOOP ( 'NONE', ( #83, #129, #239, #1632 ) ) ;
#135 = ORIENTED_EDGE ( 'NONE', *, *, #77, .F. ) ;
#136 = EDGE_LOOP ( 'NONE', ( #125, #61, #1654, #120 ) ) ;
#137 = VERTEX_POINT ( 'NONE', #1138 ) ;
#138 = ORIENTED_EDGE ( 'NONE', *, *, #1560, .F. ) ;
#139 = ORIENTED_EDGE ( 'NONE', *, *, #23, .F. ) ;
#140 = EDGE_CURVE ( 'NONE', #132, #1679, #1139, .T. ) ;
#141 = EDGE_LOOP ( 'NONE', ( #97, #98, #1151, #1117 ) ) ;
#142 = ORIENTED_EDGE ( 'NONE', *, *, #1676, .F. ) ;
#143 = EDGE_CURVE ( 'NONE', #181, #9, #1150, .T. ) ;
#144 = EDGE_CURVE ( 'NONE', #1009, #1671, #1166, .T. ) ;
#145 = ORIENTED_EDGE ( 'NONE', *, *, #80, .T. ) ;
#146 = ORIENTED_EDGE ( 'NONE', *, *, #144, .F. ) ;
#147 = ADVANCED_FACE ( 'NONE', ( #1185 ), #1186, .F. ) ;
#148 = EDGE_LOOP ( 'NONE', ( #1747, #1723, #1261, #386 ) ) ;
#149 = ADVANCED_FACE ( 'NONE', ( #1194 ), #1195, .F. ) ;
#150 = ORIENTED_EDGE ( 'NONE', *, *, #348, .T. ) ;
#151 = EDGE_LOOP ( 'NONE', ( #87, #1006, #188, #476 ) ) ;
#152 = EDGE_CURVE ( 'NONE', #132, #1694, #1212, .T. ) ;
#153 = EDGE_CURVE ( 'NONE', #1242, #1756, #1220, .T. ) ;
#154 = EDGE_CURVE ( 'NONE', #16, #425, #1227, .T. ) ;
#155 = ORIENTED_EDGE ( 'NONE', *, *, #1651, .F. ) ;
#156 = ADVANCED_FACE ( 'NONE', ( #1238 ), #1239, .F. ) ;
#157 = EDGE_CURVE ( 'NONE', #1242, #866, #1251, .T. ) ;
#158 = ADVANCED_FACE ( 'NONE', ( #1255 ), #1256, .F. ) ;
#159 = ORIENTED_EDGE ( 'NONE', *, *, #81, .F. ) ;
#160 = ORIENTED_EDGE ( 'NONE', *, *, #245, .F. ) ;
#161 = ORIENTED_EDGE ( 'NONE', *, *, #1754, .T. ) ;
#162 = EDGE_CURVE ( 'NONE', #1758, #671, #702, .T. ) ;
#163 = ORIENTED_EDGE ( 'NONE', *, *, #1701, .F. ) ;
#164 = ORIENTED_EDGE ( 'NONE', *, *, #1650, .T. ) ;
#165 = ORIENTED_EDGE ( 'NONE', *, *, #899, .F. ) ;
#166 = VERTEX_POINT ( 'NONE', #718 ) ;
#167 = ORIENTED_EDGE ( 'NONE', *, *, #263, .F. ) ;
#168 = EDGE_CURVE ( 'NONE', #726, #238, #723, .T. ) ;
#169 = ORIENTED_EDGE ( 'NONE', *, *, #216, .F. ) ;
#170 = EDGE_LOOP ( 'NONE', ( #1664, #243, #49, #349 ) ) ;
#171 = EDGE_LOOP ( 'NONE', ( #743, #165, #244, #1737 ) ) ;
#172 = EDGE_CURVE ( 'NONE', #235, #1152, #747, .T. ) ;
#173 = ADVANCED_FACE ( 'NONE', ( #756 ), #757, .F. ) ;
#174 = ORIENTED_EDGE ( 'NONE', *, *, #1706, .F. ) ;
#175 = EDGE_CURVE ( 'NONE', #1769, #8, #764, .T. ) ;
#176 = ORIENTED_EDGE ( 'NONE', *, *, #50, .T. ) ;
#177 = ORIENTED_EDGE ( 'NONE', *, *, #237, .F. ) ;
#178 = ORIENTED_EDGE ( 'NONE', *, *, #193, .T. ) ;
#179 = ORIENTED_EDGE ( 'NONE', *, *, #1641, .T. ) ;
#180 = ORIENTED_EDGE ( 'NONE', *, *, #77, .T. ) ;
#181 = VERTEX_POINT ( 'NONE', #807 ) ;
#182 = VERTEX_POINT ( 'NONE', #808 ) ;
#183 = ORIENTED_EDGE ( 'NONE', *, *, #1724, .F. ) ;
#184 = ORIENTED_EDGE ( 'NONE', *, *, #1045, .T. ) ;
#185 = EDGE_LOOP ( 'NONE', ( #1678, #1666, #1663, #164 ) ) ;
#186 = ORIENTED_EDGE ( 'NONE', *, *, #27, .F. ) ;
#187 = VERTEX_POINT ( 'NONE', #841 ) ;
#188 = ORIENTED_EDGE ( 'NONE', *, *, #121, .T. ) ;
#189 = EDGE_CURVE ( 'NONE', #830, #70, #843, .T. ) ;
#190 = ORIENTED_EDGE ( 'NONE', *, *, #225, .T. ) ;
#191 = EDGE_CURVE ( 'NONE', #1756, #1242, #847, .T. ) ;
#192 = ORIENTED_EDGE ( 'NONE', *, *, #1714, .F. ) ;
#193 = EDGE_CURVE ( 'NONE', #600, #744, #862, .T. ) ;
#194 = EDGE_CURVE ( 'NONE', #31, #1280, #868, .T. ) ;
#195 = ORIENTED_EDGE ( 'NONE', *, *, #224, .T. ) ;
#196 = VERTEX_POINT ( 'NONE', #877 ) ;
#197 = ORIENTED_EDGE ( 'NONE', *, *, #1698, .T. ) ;
#198 = ORIENTED_EDGE ( 'NONE', *, *, #117, .F. ) ;
#199 = VERTEX_POINT ( 'NONE', #881 ) ;
#200 = ORIENTED_EDGE ( 'NONE', *, *, #189, .T. ) ;
#201 = VERTEX_POINT ( 'NONE', #887 ) ;
#202 = ORIENTED_EDGE ( 'NONE', *, *, #247, .T. ) ;
#203 = EDGE_LOOP ( 'NONE', ( #25, #1675, #1702, #1716, #210 ) ) ;
#204 = EDGE_CURVE ( 'NONE', #31, #726, #268, .T. ) ;
#205 = ORIENTED_EDGE ( 'NONE', *, *, #865, .F. ) ;
#206 = ORIENTED_EDGE ( 'NONE', *, *, #100, .T. ) ;
#207 = ORIENTED_EDGE ( 'NONE', *, *, #191, .T. ) ;
#208 = ORIENTED_EDGE ( 'NONE', *, *, #4, .T. ) ;
#209 = ADVANCED_FACE ( 'NONE', ( #273 ), #274, .F. ) ;
#210 = ORIENTED_EDGE ( 'NONE', *, *, #60, .F. ) ;
#211 = ORIENTED_EDGE ( 'NONE', *, *, #1749, .F. ) ;
#212 = EDGE_LOOP ( 'NONE', ( #1768, #601, #1478, #111, #565, #108, #74, #139, #1100, #99, #135, #211, #1742, #1670 ) ) ;
#213 = ORIENTED_EDGE ( 'NONE', *, *, #114, .T. ) ;
#214 = EDGE_CURVE ( 'NONE', #1683, #1660, #294, .T. ) ;
#215 = ORIENTED_EDGE ( 'NONE', *, *, #391, .F. ) ;
#216 = EDGE_CURVE ( 'NONE', #3, #181, #306, .T. ) ;
#217 = ORIENTED_EDGE ( 'NONE', *, *, #1701, .T. ) ;
#218 = MANIFOLD_SOLID_BREP ( 'NONE', #33 ) ;
#219 = ORIENTED_EDGE ( 'NONE', *, *, #1720, .T. ) ;
#220 = ORIENTED_EDGE ( 'NONE', *, *, #1754, .F. ) ;
#221 = ORIENTED_EDGE ( 'NONE', *, *, #1008, .F. ) ;
#222 = ORIENTED_EDGE ( 'NONE', *, *, #241, .T. ) ;
#223 = ORIENTED_EDGE ( 'NONE', *, *, #388, .T. ) ;
#224 = EDGE_CURVE ( 'NONE', #900, #458, #337, .T. ) ;
#225 = EDGE_CURVE ( 'NONE', #1189, #830, #341, .T. ) ;
#226 = ORIENTED_EDGE ( 'NONE', *, *, #1577, .F. ) ;
#227 = VERTEX_POINT ( 'NONE', #353 ) ;
#228 = ORIENTED_EDGE ( 'NONE', *, *, #117, .T. ) ;
#229 = ORIENTED_EDGE ( 'NONE', *, *, #1692, .F. ) ;
#230 = ORIENTED_EDGE ( 'NONE', *, *, #1713, .F. ) ;
#231 = ORIENTED_EDGE ( 'NONE', *, *, #1662, .F. ) ;
#232 = ORIENTED_EDGE ( 'NONE', *, *, #237, .T. ) ;
#233 = ADVANCED_FACE ( 'NONE', ( #376 ), #377, .F. ) ;
#234 = ORIENTED_EDGE ( 'NONE', *, *, #162, .T. ) ;
#235 = VERTEX_POINT ( 'NONE', #397 ) ;
#236 = ORIENTED_EDGE ( 'NONE', *, *, #29, .T. ) ;
#237 = EDGE_CURVE ( 'NONE', #2, #1171, #402, .T. ) ;
#238 = VERTEX_POINT ( 'NONE', #406 ) ;
#239 = ORIENTED_EDGE ( 'NONE', *, *, #1693, .F. ) ;
#240 = ORIENTED_EDGE ( 'NONE', *, *, #408, .F. ) ;
#241 = EDGE_CURVE ( 'NONE', #1775, #3, #409, .T. ) ;
#242 = ORIENTED_EDGE ( 'NONE', *, *, #85, .F. ) ;
#243 = ORIENTED_EDGE ( 'NONE', *, *, #4, .F. ) ;
#244 = ORIENTED_EDGE ( 'NONE', *, *, #152, .F. ) ;
#245 = EDGE_CURVE ( 'NONE', #780, #1769, #417, .T. ) ;
#246 = ORIENTED_EDGE ( 'NONE', *, *, #65, .F. ) ;
#247 = EDGE_CURVE ( 'NONE', #9, #1622, #427, .T. ) ;
#248 = EDGE_LOOP ( 'NONE', ( #619, #215, #1298, #1423 ) ) ;
#249 = ORIENTED_EDGE ( 'NONE', *, *, #1726, .F. ) ;
#250 = ORIENTED_EDGE ( 'NONE', *, *, #256, .F. ) ;
#251 = EDGE_CURVE ( 'NONE', #708, #1636, #451, .T. ) ;
#252 = VERTEX_POINT ( 'NONE', #455 ) ;
#253 = ORIENTED_EDGE ( 'NONE', *, *, #350, .F. ) ;
#254 = ORIENTED_EDGE ( 'NONE', *, *, #1706, .T. ) ;
#255 = EDGE_CURVE ( 'NONE', #66, #182, #456, .T. ) ;
#256 = EDGE_CURVE ( 'NONE', #1, #1671, #462, .T. ) ;
#257 = ORIENTED_EDGE ( 'NONE', *, *, #30, .T. ) ;
#258 = EDGE_CURVE ( 'NONE', #1775, #310, #472, .T. ) ;
#259 = ORIENTED_EDGE ( 'NONE', *, *, #1711, .F. ) ;
#260 = EDGE_CURVE ( 'NONE', #425, #252, #478, .T. ) ;
#261 = EDGE_CURVE ( 'NONE', #458, #600, #482, .T. ) ;
#262 = EDGE_CURVE ( 'NONE', #182, #708, #486, .T. ) ;
#263 = EDGE_CURVE ( 'NONE', #1171, #1647, #498, .T. ) ;
#264 = ORIENTED_EDGE ( 'NONE', *, *, #350, .T. ) ;
#265 = EDGE_LOOP ( 'NONE', ( #192, #691, #1776, #150 ) ) ;
#266 = ORIENTED_EDGE ( 'NONE', *, *, #529, .F. ) ;
#267 = ORIENTED_EDGE ( 'NONE', *, *, #261, .F. ) ;
#268 = LINE ( 'NONE', #269, #270 ) ;
#269 = CARTESIAN_POINT ( 'NONE',  ( -1.000000000000000000, -0.5366750419289219000, -1.600000000000000100 ) ) ;
#270 = VECTOR ( 'NONE', #271, 1000.000000000000000 ) ;
#271 = DIRECTION ( 'NONE',  ( 0.0000000000000000000, 0.0000000000000000000, 1.000000000000000000 ) ) ;
#272 = CARTESIAN_POINT ( 'NONE',  ( 3.100000000000000100, -2.500000000000000000, -1.600000000000000100 ) ) ;
#273 = FACE_OUTER_BOUND ( 'NONE', #1696, .T. ) ;
#274 = PLANE ( 'NONE',  #275 ) ;
#275 = AXIS2_PLACEMENT_3D ( 'NONE', #276, #277, #278 ) ;
#276 = CARTESIAN_POINT ( 'NONE',  ( -9.926468052730799100, -1.175000000000000000, -3.200000000000000200 ) ) ;
#277 = DIRECTION ( 'NONE',  ( 0.0000000000000000000, -1.000000000000000000, 0.0000000000000000000 ) ) ;
#278 = DIRECTION ( 'NONE',  ( 0.0000000000000000000, 0.0000000000000000000, -1.000000000000000000 ) ) ;
#279 = CARTESIAN_POINT ( 'NONE',  ( -6.500000000000000000, 2.700000000000000200, -1.600000000000000100 ) ) ;
#280 = LINE ( 'NONE', #281, #282 ) ;
#281 = CARTESIAN_POINT ( 'NONE',  ( -4.200000000000000200, -6.400000000000000400, -1.600000000000000100 ) ) ;
#282 = VECTOR ( 'NONE', #283, 1000.000000000000000 ) ;
#283 = DIRECTION ( 'NONE',  ( 1.000000000000000000, 0.0000000000000000000, 4.336808689942025100E-016 ) ) ;
#284 = CARTESIAN_POINT ( 'NONE',  ( -5.599999999999999600, 7.700000000000000200, 3.200000000000000200 ) ) ;
#285 = FACE_OUTER_BOUND ( 'NONE', #1691, .T. ) ;
#286 = CYLINDRICAL_SURFACE ( 'NONE', #287, 1.175000000000000000 ) ;
#287 = AXIS2_PLACEMENT_3D ( 'NONE', #288, #289, #290 ) ;
#288 = CARTESIAN_POINT ( 'NONE',  ( 0.0000000000000000000, 0.0000000000000000000, -3.200000000000000200 ) ) ;
#289 = DIRECTION ( 'NONE',  ( 0.0000000000000000000, 0.0000000000000000000, 1.000000000000000000 ) ) ;
#290 = DIRECTION ( 'NONE',  ( 1.000000000000000000, 0.0000000000000000000, 0.0000000000000000000 ) ) ;
#291 = EDGE_CURVE ( 'NONE', #602, #1099, #508, .T. ) ;
#292 = ADVANCED_FACE ( 'NONE', ( #516, #517 ), #518, .F. ) ;
#293 = ORIENTED_EDGE ( 'NONE', *, *, #19, .T. ) ;
#294 = LINE ( 'NONE', #295, #296 ) ;
#295 = CARTESIAN_POINT ( 'NONE',  ( -1.800000000000000000, -2.500000000000000000, 3.200000000000000200 ) ) ;
#296 = VECTOR ( 'NONE', #297, 1000.000000000000000 ) ;
#297 = DIRECTION ( 'NONE',  ( 1.000000000000000000, -7.350523203291559900E-017, 0.0000000000000000000 ) ) ;
#298 = LINE ( 'NONE', #299, #300 ) ;
#299 = CARTESIAN_POINT ( 'NONE',  ( -3.700000000000000200, -6.400000000000000400, 1.600000000000000100 ) ) ;
#300 = VECTOR ( 'NONE', #301, 1000.000000000000000 ) ;
#301 = DIRECTION ( 'NONE',  ( 1.314184451497579500E-016, 1.000000000000000000, 0.0000000000000000000 ) ) ;
#302 = LINE ( 'NONE', #303, #304 ) ;
#303 = CARTESIAN_POINT ( 'NONE',  ( 1.399999999999999900, -2.899999999999999900, 3.200000000000000200 ) ) ;
#304 = VECTOR ( 'NONE', #305, 1000.000000000000000 ) ;
#305 = DIRECTION ( 'NONE',  ( 1.000000000000000000, 1.548860246407864800E-016, 0.0000000000000000000 ) ) ;
#306 = LINE ( 'NONE', #307, #308 ) ;
#307 = CARTESIAN_POINT ( 'NONE',  ( -14.60000000000000000, 7.700000000000000200, 3.200000000000000200 ) ) ;
#308 = VECTOR ( 'NONE', #309, 1000.000000000000000 ) ;
#309 = DIRECTION ( 'NONE',  ( -1.000000000000000000, 9.637352644315589100E-017, 0.0000000000000000000 ) ) ;
#310 = VERTEX_POINT ( 'NONE', #523 ) ;
#311 = ORIENTED_EDGE ( 'NONE', *, *, #1646, .T. ) ;
#312 = ORIENTED_EDGE ( 'NONE', *, *, #1656, .F. ) ;
#313 = CARTESIAN_POINT ( 'NONE',  ( -4.200000000000000200, -2.500000000000000000, -1.600000000000000100 ) ) ;
#314 = FACE_OUTER_BOUND ( 'NONE', #1695, .T. ) ;
#315 = PLANE ( 'NONE',  #316 ) ;
#316 = AXIS2_PLACEMENT_3D ( 'NONE', #317, #318, #319 ) ;
#317 = CARTESIAN_POINT ( 'NONE',  ( -8.099999999999999600, -2.899999999999999900, 3.200000000000000200 ) ) ;
#318 = DIRECTION ( 'NONE',  ( -1.548860246407859900E-016, 1.000000000000000000, 0.0000000000000000000 ) ) ;
#319 = DIRECTION ( 'NONE',  ( -1.000000000000000000, -1.548860246407859900E-016, 0.0000000000000000000 ) ) ;
#320 = FACE_OUTER_BOUND ( 'NONE', #109, .T. ) ;
#321 = PLANE ( 'NONE',  #322 ) ;
#322 = AXIS2_PLACEMENT_3D ( 'NONE', #323, #324, #325 ) ;
#323 = CARTESIAN_POINT ( 'NONE',  ( -14.60000000000000000, -2.500000000000000000, 3.200000000000000200 ) ) ;
#324 = DIRECTION ( 'NONE',  ( 1.000000000000000000, -5.102127870520020000E-016, 0.0000000000000000000 ) ) ;
#325 = DIRECTION ( 'NONE',  ( 5.102127870520020000E-016, 1.000000000000000000, 0.0000000000000000000 ) ) ;
#326 = FACE_OUTER_BOUND ( 'NONE', #134, .T. ) ;
#327 = PLANE ( 'NONE',  #328 ) ;
#328 = AXIS2_PLACEMENT_3D ( 'NONE', #332, #333, #334 ) ;
#329 = CLOSED_SHELL ( 'NONE', ( #547, #1705, #1385, #1735, #79, #158 ) ) ;
#330 = ORIENTED_EDGE ( 'NONE', *, *, #194, .T. ) ;
#331 = ORIENTED_EDGE ( 'NONE', *, *, #1714, .T. ) ;
#332 = CARTESIAN_POINT ( 'NONE',  ( -1.000000000000000000, -5.000000000000000000, 1.600000000000000100 ) ) ;
#333 = DIRECTION ( 'NONE',  ( 0.0000000000000000000, 1.000000000000000000, 0.0000000000000000000 ) ) ;
#334 = DIRECTION ( 'NONE',  ( 0.0000000000000000000, 0.0000000000000000000, 1.000000000000000000 ) ) ;
#335 = CARTESIAN_POINT ( 'NONE',  ( -6.500000000000000000, 7.700000000000000200, -1.600000000000000100 ) ) ;
#336 = CARTESIAN_POINT ( 'NONE',  ( -14.60000000000000000, -2.500000000000000000, 3.200000000000000200 ) ) ;
#337 = LINE ( 'NONE', #338, #339 ) ;
#338 = CARTESIAN_POINT ( 'NONE',  ( -13.00000000000000000, -2.500000000000000000, -1.600000000000000100 ) ) ;
#339 = VECTOR ( 'NONE', #340, 1000.000000000000000 ) ;
#340 = DIRECTION ( 'NONE',  ( 1.000000000000000000, 0.0000000000000000000, 0.0000000000000000000 ) ) ;
#341 = LINE ( 'NONE', #342, #343 ) ;
#342 = CARTESIAN_POINT ( 'NONE',  ( -4.200000000000000200, -6.400000000000000400, 1.600000000000000100 ) ) ;
#343 = VECTOR ( 'NONE', #344, 1000.000000000000000 ) ;
#344 = DIRECTION ( 'NONE',  ( -1.000000000000000000, 0.0000000000000000000, 0.0000000000000000000 ) ) ;
#345 = LINE ( 'NONE', #346, #347 ) ;
#346 = CARTESIAN_POINT ( 'NONE',  ( 5.200000000000000200, -2.500000000000000000, 3.200000000000000200 ) ) ;
#347 = VECTOR ( 'NONE', #351, 1000.000000000000000 ) ;
#348 = EDGE_CURVE ( 'NONE', #1262, #1422, #533, .T. ) ;
#349 = ORIENTED_EDGE ( 'NONE', *, *, #1677, .T. ) ;
#350 = EDGE_CURVE ( 'NONE', #196, #1645, #537, .T. ) ;
#351 = DIRECTION ( 'NONE',  ( 1.000000000000000000, 5.102127870520020000E-016, 0.0000000000000000000 ) ) ;
#352 = CARTESIAN_POINT ( 'NONE',  ( -9.073531947269209800, 1.175000000000000000, -3.200000000000000200 ) ) ;
#353 = CARTESIAN_POINT ( 'NONE',  ( -12.50000000000000000, -6.400000000000000400, -1.600000000000000100 ) ) ;
#354 = CARTESIAN_POINT ( 'NONE',  ( -8.250000000000000000, 0.0000000000000000000, 3.200000000000000200 ) ) ;
#355 = FACE_OUTER_BOUND ( 'NONE', #12, .T. ) ;
#356 = PLANE ( 'NONE',  #357 ) ;
#357 = AXIS2_PLACEMENT_3D ( 'NONE', #358, #359, #360 ) ;
#358 = CARTESIAN_POINT ( 'NONE',  ( -13.00000000000000000, -6.400000000000000400, -1.600000000000000100 ) ) ;
#359 = DIRECTION ( 'NONE',  ( 0.0000000000000000000, -1.000000000000000000, 0.0000000000000000000 ) ) ;
#360 = DIRECTION ( 'NONE',  ( 0.0000000000000000000, 0.0000000000000000000, -1.000000000000000000 ) ) ;
#361 = FACE_BOUND ( 'NONE', #203, .T. ) ;
#362 = FACE_BOUND ( 'NONE', #1279, .T. ) ;
#363 = FACE_OUTER_BOUND ( 'NONE', #831, .T. ) ;
#364 = PLANE ( 'NONE',  #365 ) ;
#365 = AXIS2_PLACEMENT_3D ( 'NONE', #366, #370, #371 ) ;
#366 = CARTESIAN_POINT ( 'NONE',  ( 5.200000000000000200, -2.500000000000000000, 3.200000000000000200 ) ) ;
#367 = EDGE_LOOP ( 'NONE', ( #228, #1744, #177, #293 ) ) ;
#368 = ADVANCED_FACE ( 'NONE', ( #545 ), #549, .F. ) ;
#369 = ADVANCED_FACE ( 'NONE', ( #554 ), #555, .F. ) ;
#370 = DIRECTION ( 'NONE',  ( 0.0000000000000000000, 0.0000000000000000000, 1.000000000000000000 ) ) ;
#371 = DIRECTION ( 'NONE',  ( 1.000000000000000000, 0.0000000000000000000, 0.0000000000000000000 ) ) ;
#372 = LINE ( 'NONE', #373, #374 ) ;
#373 = CARTESIAN_POINT ( 'NONE',  ( -8.099999999999999600, -2.899999999999999900, 3.200000000000000200 ) ) ;
#374 = VECTOR ( 'NONE', #375, 1000.000000000000000 ) ;
#375 = DIRECTION ( 'NONE',  ( 0.0000000000000000000, 0.0000000000000000000, -1.000000000000000000 ) ) ;
#376 = FACE_OUTER_BOUND ( 'NONE', #48, .T. ) ;
#377 = PLANE ( 'NONE',  #378 ) ;
#378 = AXIS2_PLACEMENT_3D ( 'NONE', #379, #380, #381 ) ;
#379 = CARTESIAN_POINT ( 'NONE',  ( -10.90000000000000000, -2.899999999999999900, 3.200000000000000200 ) ) ;
#380 = DIRECTION ( 'NONE',  ( 0.7071067811865475700, 0.7071067811865475700, 0.0000000000000000000 ) ) ;
#381 = DIRECTION ( 'NONE',  ( -0.7071067811865475700, 0.7071067811865475700, 0.0000000000000000000 ) ) ;
#382 = LINE ( 'NONE', #383, #384 ) ;
#383 = CARTESIAN_POINT ( 'NONE',  ( -6.500000000000000000, 2.700000000000000200, -1.600000000000000100 ) ) ;
#384 = VECTOR ( 'NONE', #385, 1000.000000000000000 ) ;
#385 = DIRECTION ( 'NONE',  ( 9.637352644315589100E-017, 1.000000000000000000, 0.0000000000000000000 ) ) ;
#386 = ORIENTED_EDGE ( 'NONE', *, *, #1368, .F. ) ;
#387 = ORIENTED_EDGE ( 'NONE', *, *, #96, .T. ) ;
#388 = EDGE_CURVE ( 'NONE', #1622, #1757, #570, .T. ) ;
#389 = VERTEX_POINT ( 'NONE', #574 ) ;
#390 = ORIENTED_EDGE ( 'NONE', *, *, #140, .F. ) ;
#391 = EDGE_CURVE ( 'NONE', #201, #252, #575, .T. ) ;
#392 = LINE ( 'NONE', #393, #394 ) ;
#393 = CARTESIAN_POINT ( 'NONE',  ( -7.700000000000000200, -2.500000000000000000, 3.200000000000000200 ) ) ;
#394 = VECTOR ( 'NONE', #395, 1000.000000000000000 ) ;
#395 = DIRECTION ( 'NONE',  ( 0.0000000000000000000, 0.0000000000000000000, -1.000000000000000000 ) ) ;
#396 = CARTESIAN_POINT ( 'NONE',  ( 3.600000000000000100, -6.400000000000000400, 1.600000000000000100 ) ) ;
#397 = CARTESIAN_POINT ( 'NONE',  ( 3.100000000000000100, -6.400000000000000400, 1.600000000000000100 ) ) ;
#398 = LINE ( 'NONE', #399, #400 ) ;
#399 = CARTESIAN_POINT ( 'NONE',  ( -10.90000000000000000, -2.899999999999999900, -3.200000000000000200 ) ) ;
#400 = VECTOR ( 'NONE', #401, 1000.000000000000100 ) ;
#401 = DIRECTION ( 'NONE',  ( 0.7071067811865474600, -0.7071067811865474600, 0.0000000000000000000 ) ) ;
#402 = LINE ( 'NONE', #403, #404 ) ;
#403 = CARTESIAN_POINT ( 'NONE',  ( -6.500000000000000000, 2.700000000000000200, -1.600000000000000100 ) ) ;
#404 = VECTOR ( 'NONE', #405, 1000.000000000000000 ) ;
#405 = DIRECTION ( 'NONE',  ( -1.000000000000000000, 0.0000000000000000000, 0.0000000000000000000 ) ) ;
#406 = CARTESIAN_POINT ( 'NONE',  ( -1.000000000000000000, -5.000000000000000000, 1.600000000000000100 ) ) ;
#407 = CARTESIAN_POINT ( 'NONE',  ( -7.700000000000000200, -2.500000000000000000, -3.200000000000000200 ) ) ;
#408 = EDGE_CURVE ( 'NONE', #227, #458, #579, .T. ) ;
#409 = LINE ( 'NONE', #410, #411 ) ;
#410 = CARTESIAN_POINT ( 'NONE',  ( -5.599999999999999600, 7.700000000000000200, 3.200000000000000200 ) ) ;
#411 = VECTOR ( 'NONE', #412, 1000.000000000000100 ) ;
#412 = DIRECTION ( 'NONE',  ( -0.7071067811865489100, 0.7071067811865460200, 0.0000000000000000000 ) ) ;
#413 = LINE ( 'NONE', #414, #415 ) ;
#414 = CARTESIAN_POINT ( 'NONE',  ( -13.00000000000000000, -2.500000000000000000, 1.600000000000000100 ) ) ;
#415 = VECTOR ( 'NONE', #416, 1000.000000000000000 ) ;
#416 = DIRECTION ( 'NONE',  ( 0.0000000000000000000, 0.0000000000000000000, -1.000000000000000000 ) ) ;
#417 = LINE ( 'NONE', #418, #419 ) ;
#418 = CARTESIAN_POINT ( 'NONE',  ( -6.500000000000000000, 2.700000000000000200, 1.600000000000000100 ) ) ;
#419 = VECTOR ( 'NONE', #420, 1000.000000000000000 ) ;
#420 = DIRECTION ( 'NONE',  ( 9.637352644315589100E-017, 1.000000000000000000, 0.0000000000000000000 ) ) ;
#421 = CIRCLE ( 'NONE', #422, 1.200000000000000000 ) ;
#422 = AXIS2_PLACEMENT_3D ( 'NONE', #423, #424, #426 ) ;
#423 = CARTESIAN_POINT ( 'NONE',  ( 0.0000000000000000000, -1.200000000000000000, 1.600000000000000100 ) ) ;
#424 = DIRECTION ( 'NONE',  ( 0.0000000000000000000, 0.0000000000000000000, -1.000000000000000000 ) ) ;
#425 = VERTEX_POINT ( 'NONE', #585 ) ;
#426 = DIRECTION ( 'NONE',  ( -1.000000000000000000, 0.0000000000000000000, 0.0000000000000000000 ) ) ;
#427 = LINE ( 'NONE', #428, #429 ) ;
#428 = CARTESIAN_POINT ( 'NONE',  ( -11.29999999999999900, -2.500000000000000000, 3.200000000000000200 ) ) ;
#429 = VECTOR ( 'NONE', #430, 1000.000000000000000 ) ;
#430 = DIRECTION ( 'NONE',  ( 1.000000000000000000, -1.314184451497579500E-016, 0.0000000000000000000 ) ) ;
#431 = LINE ( 'NONE', #432, #433 ) ;
#432 = CARTESIAN_POINT ( 'NONE',  ( 1.399999999999999900, -2.899999999999999900, 3.200000000000000200 ) ) ;
#433 = VECTOR ( 'NONE', #434, 1000.000000000000000 ) ;
#434 = DIRECTION ( 'NONE',  ( 0.0000000000000000000, 0.0000000000000000000, -1.000000000000000000 ) ) ;
#435 = CARTESIAN_POINT ( 'NONE',  ( -13.00000000000000000, -6.400000000000000400, -1.600000000000000100 ) ) ;
#436 = LINE ( 'NONE', #437, #438 ) ;
#437 = CARTESIAN_POINT ( 'NONE',  ( 1.800000000000000000, -2.500000000000000000, 3.200000000000000200 ) ) ;
#438 = VECTOR ( 'NONE', #439, 1000.000000000000000 ) ;
#439 = DIRECTION ( 'NONE',  ( 0.0000000000000000000, 0.0000000000000000000, -1.000000000000000000 ) ) ;
#440 = LINE ( 'NONE', #441, #442 ) ;
#441 = CARTESIAN_POINT ( 'NONE',  ( -1.800000000000000000, -2.500000000000000000, -3.200000000000000200 ) ) ;
#442 = VECTOR ( 'NONE', #443, 1000.000000000000000 ) ;
#443 = DIRECTION ( 'NONE',  ( 1.000000000000000000, -7.350523203291559900E-017, 0.0000000000000000000 ) ) ;
#444 = CARTESIAN_POINT ( 'NONE',  ( -1.000000000000000000, -0.5366750419289219000, -1.600000000000000100 ) ) ;
#445 = FACE_OUTER_BOUND ( 'NONE', #67, .T. ) ;
#446 = PLANE ( 'NONE',  #447 ) ;
#447 = AXIS2_PLACEMENT_3D ( 'NONE', #448, #449, #450 ) ;
#448 = CARTESIAN_POINT ( 'NONE',  ( 3.600000000000000100, -6.400000000000000400, 1.600000000000000100 ) ) ;
#449 = DIRECTION ( 'NONE',  ( -1.000000000000000000, 1.314184451497579500E-016, -2.710505431213760100E-016 ) ) ;
#450 = DIRECTION ( 'NONE',  ( -2.710505431213760100E-016, 0.0000000000000000000, 1.000000000000000000 ) ) ;
#451 = LINE ( 'NONE', #452, #453 ) ;
#452 = CARTESIAN_POINT ( 'NONE',  ( 1.800000000000000000, -2.500000000000000000, -3.200000000000000200 ) ) ;
#453 = VECTOR ( 'NONE', #454, 1000.000000000000100 ) ;
#454 = DIRECTION ( 'NONE',  ( 0.7071067811865495700, 0.7071067811865455700, 0.0000000000000000000 ) ) ;
#455 = CARTESIAN_POINT ( 'NONE',  ( -9.926468052730799100, 1.175000000000000000, 3.200000000000000200 ) ) ;
#456 = LINE ( 'NONE', #457, #460 ) ;
#457 = CARTESIAN_POINT ( 'NONE',  ( -1.399999999999999900, -2.899999999999999900, 3.200000000000000200 ) ) ;
#458 = VERTEX_POINT ( 'NONE', #593 ) ;
#459 = EDGE_CURVE ( 'NONE', #31, #53, #594, .T. ) ;
#460 = VECTOR ( 'NONE', #461, 1000.000000000000000 ) ;
#461 = DIRECTION ( 'NONE',  ( 0.0000000000000000000, 0.0000000000000000000, -1.000000000000000000 ) ) ;
#462 = LINE ( 'NONE', #463, #464 ) ;
#463 = CARTESIAN_POINT ( 'NONE',  ( 3.100000000000000100, -2.500000000000000000, -1.600000000000000100 ) ) ;
#464 = VECTOR ( 'NONE', #465, 1000.000000000000000 ) ;
#465 = DIRECTION ( 'NONE',  ( 1.000000000000000000, 0.0000000000000000000, 0.0000000000000000000 ) ) ;
#466 = FACE_OUTER_BOUND ( 'NONE', #1028, .T. ) ;
#467 = PLANE ( 'NONE',  #468 ) ;
#468 = AXIS2_PLACEMENT_3D ( 'NONE', #469, #470, #471 ) ;
#469 = CARTESIAN_POINT ( 'NONE',  ( 3.100000000000000100, -6.400000000000000400, -1.600000000000000100 ) ) ;
#470 = DIRECTION ( 'NONE',  ( 0.0000000000000000000, 0.0000000000000000000, 1.000000000000000000 ) ) ;
#471 = DIRECTION ( 'NONE',  ( 1.000000000000000000, 0.0000000000000000000, 0.0000000000000000000 ) ) ;
#472 = LINE ( 'NONE', #473, #474 ) ;
#473 = CARTESIAN_POINT ( 'NONE',  ( -4.899999999999999500, 7.000000000000000000, 3.200000000000000200 ) ) ;
#474 = VECTOR ( 'NONE', #475, 1000.000000000000000 ) ;
#475 = DIRECTION ( 'NONE',  ( 0.0000000000000000000, 0.0000000000000000000, -1.000000000000000000 ) ) ;
#476 = ORIENTED_EDGE ( 'NONE', *, *, #157, .F. ) ;
#477 = ORIENTED_EDGE ( 'NONE', *, *, #1648, .F. ) ;
#478 = LINE ( 'NONE', #479, #480 ) ;
#479 = CARTESIAN_POINT ( 'NONE',  ( -9.926468052730799100, 1.175000000000000000, 3.200000000000000200 ) ) ;
#480 = VECTOR ( 'NONE', #481, 1000.000000000000000 ) ;
#481 = DIRECTION ( 'NONE',  ( -1.000000000000000000, -5.084564555506760200E-016, 0.0000000000000000000 ) ) ;
#482 = LINE ( 'NONE', #483, #484 ) ;
#483 = CARTESIAN_POINT ( 'NONE',  ( -12.50000000000000000, -2.500000000000000000, 1.600000000000000100 ) ) ;
#484 = VECTOR ( 'NONE', #485, 1000.000000000000000 ) ;
#485 = DIRECTION ( 'NONE',  ( 0.0000000000000000000, 0.0000000000000000000, 1.000000000000000000 ) ) ;
#486 = LINE ( 'NONE', #487, #488 ) ;
#487 = CARTESIAN_POINT ( 'NONE',  ( 1.399999999999999900, -2.899999999999999900, -3.200000000000000200 ) ) ;
#488 = VECTOR ( 'NONE', #489, 1000.000000000000000 ) ;
#489 = DIRECTION ( 'NONE',  ( 1.000000000000000000, 1.548860246407864800E-016, 0.0000000000000000000 ) ) ;
#490 = CIRCLE ( 'NONE', #491, 1.249999999999999300 ) ;
#491 = AXIS2_PLACEMENT_3D ( 'NONE', #492, #493, #497 ) ;
#492 = CARTESIAN_POINT ( 'NONE',  ( -9.500000000000000000, 0.0000000000000000000, -3.200000000000000200 ) ) ;
#493 = DIRECTION ( 'NONE',  ( 0.0000000000000000000, 0.0000000000000000000, 1.000000000000000000 ) ) ;
#494 = ORIENTED_EDGE ( 'NONE', *, *, #56, .T. ) ;
#495 = ORIENTED_EDGE ( 'NONE', *, *, #143, .T. ) ;
#496 = ORIENTED_EDGE ( 'NONE', *, *, #143, .F. ) ;
#497 = DIRECTION ( 'NONE',  ( 1.000000000000000000, 0.0000000000000000000, 0.0000000000000000000 ) ) ;
#498 = LINE ( 'NONE', #499, #500 ) ;
#499 = CARTESIAN_POINT ( 'NONE',  ( -8.500000000000000000, 2.700000000000000200, 1.600000000000000100 ) ) ;
#500 = VECTOR ( 'NONE', #501, 1000.000000000000000 ) ;
#501 = DIRECTION ( 'NONE',  ( 0.0000000000000000000, 0.0000000000000000000, 1.000000000000000000 ) ) ;
#502 = FACE_OUTER_BOUND ( 'NONE', #1243, .T. ) ;
#503 = PLANE ( 'NONE',  #504 ) ;
#504 = AXIS2_PLACEMENT_3D ( 'NONE', #505, #506, #507 ) ;
#505 = CARTESIAN_POINT ( 'NONE',  ( 1.399999999999999900, -2.899999999999999900, 3.200000000000000200 ) ) ;
#506 = DIRECTION ( 'NONE',  ( -1.548860246407864800E-016, 1.000000000000000000, 0.0000000000000000000 ) ) ;
#507 = DIRECTION ( 'NONE',  ( -1.000000000000000000, -1.548860246407864800E-016, 0.0000000000000000000 ) ) ;
#508 = LINE ( 'NONE', #509, #510 ) ;
#509 = CARTESIAN_POINT ( 'NONE',  ( 3.100000000000000100, -2.500000000000000000, 1.600000000000000100 ) ) ;
#510 = VECTOR ( 'NONE', #511, 1000.000000000000000 ) ;
#511 = DIRECTION ( 'NONE',  ( -1.000000000000000000, 0.0000000000000000000, 0.0000000000000000000 ) ) ;
#512 = LINE ( 'NONE', #513, #514 ) ;
#513 = CARTESIAN_POINT ( 'NONE',  ( -12.50000000000000000, -6.400000000000000400, 1.600000000000000100 ) ) ;
#514 = VECTOR ( 'NONE', #515, 1000.000000000000000 ) ;
#515 = DIRECTION ( 'NONE',  ( 1.314184451497579500E-016, 1.000000000000000000, 0.0000000000000000000 ) ) ;
#516 = FACE_OUTER_BOUND ( 'NONE', #1046, .T. ) ;
#517 = FACE_BOUND ( 'NONE', #1334, .T. ) ;
#518 = PLANE ( 'NONE',  #519 ) ;
#519 = AXIS2_PLACEMENT_3D ( 'NONE', #520, #521, #522 ) ;
#520 = CARTESIAN_POINT ( 'NONE',  ( 5.200000000000000200, -2.500000000000000000, 3.200000000000000200 ) ) ;
#521 = DIRECTION ( 'NONE',  ( -5.102127870520020000E-016, 1.000000000000000000, 0.0000000000000000000 ) ) ;
#522 = DIRECTION ( 'NONE',  ( -1.000000000000000000, -5.102127870520020000E-016, 0.0000000000000000000 ) ) ;
#523 = CARTESIAN_POINT ( 'NONE',  ( -4.899999999999999500, 7.000000000000000000, -3.200000000000000200 ) ) ;
#524 = LINE ( 'NONE', #525, #526 ) ;
#525 = CARTESIAN_POINT ( 'NONE',  ( -13.00000000000000000, -6.400000000000000400, -1.600000000000000100 ) ) ;
#526 = VECTOR ( 'NONE', #527, 1000.000000000000000 ) ;
#527 = DIRECTION ( 'NONE',  ( 1.314184451497579500E-016, 1.000000000000000000, 0.0000000000000000000 ) ) ;
#528 = LINE ( 'NONE', #530, #531 ) ;
#529 = EDGE_CURVE ( 'NONE', #3, #131, #627, .T. ) ;
#530 = CARTESIAN_POINT ( 'NONE',  ( -14.60000000000000000, -2.500000000000000000, 3.200000000000000200 ) ) ;
#531 = VECTOR ( 'NONE', #532, 1000.000000000000000 ) ;
#532 = DIRECTION ( 'NONE',  ( 0.0000000000000000000, 0.0000000000000000000, -1.000000000000000000 ) ) ;
#533 = LINE ( 'NONE', #534, #535 ) ;
#534 = CARTESIAN_POINT ( 'NONE',  ( 1.000000000000000000, 0.0000000000000000000, 1.600000000000000100 ) ) ;
#535 = VECTOR ( 'NONE', #536, 1000.000000000000000 ) ;
#536 = DIRECTION ( 'NONE',  ( 4.336808689942019600E-017, 1.000000000000000000, 0.0000000000000000000 ) ) ;
#537 = LINE ( 'NONE', #538, #539 ) ;
#538 = CARTESIAN_POINT ( 'NONE',  ( -8.500000000000000000, 7.700000000000000200, 1.600000000000000100 ) ) ;
#539 = VECTOR ( 'NONE', #540, 1000.000000000000000 ) ;
#540 = DIRECTION ( 'NONE',  ( 0.0000000000000000000, 0.0000000000000000000, 1.000000000000000000 ) ) ;
#541 = LINE ( 'NONE', #542, #543 ) ;
#542 = CARTESIAN_POINT ( 'NONE',  ( -4.899999999999999500, 7.000000000000000000, 3.200000000000000200 ) ) ;
#543 = VECTOR ( 'NONE', #544, 1000.000000000000000 ) ;
#544 = DIRECTION ( 'NONE',  ( -1.000000000000000000, 8.587739980083200000E-017, 0.0000000000000000000 ) ) ;
#545 = FACE_OUTER_BOUND ( 'NONE', #248, .T. ) ;
#546 = ORIENTED_EDGE ( 'NONE', *, *, #388, .F. ) ;
#547 = ADVANCED_FACE ( 'NONE', ( #631 ), #632, .F. ) ;
#548 = EDGE_CURVE ( 'NONE', #954, #1758, #644, .T. ) ;
#549 = PLANE ( 'NONE',  #550 ) ;
#550 = AXIS2_PLACEMENT_3D ( 'NONE', #551, #552, #553 ) ;
#551 = CARTESIAN_POINT ( 'NONE',  ( -9.926468052730799100, 1.175000000000000000, -3.200000000000000200 ) ) ;
#552 = DIRECTION ( 'NONE',  ( -5.084564555506760200E-016, 1.000000000000000000, 0.0000000000000000000 ) ) ;
#553 = DIRECTION ( 'NONE',  ( -1.000000000000000000, -5.084564555506760200E-016, 0.0000000000000000000 ) ) ;
#554 = FACE_OUTER_BOUND ( 'NONE', #367, .T. ) ;
#555 = PLANE ( 'NONE',  #556 ) ;
#556 = AXIS2_PLACEMENT_3D ( 'NONE', #557, #558, #559 ) ;
#557 = CARTESIAN_POINT ( 'NONE',  ( -6.500000000000000000, 2.700000000000000200, -1.600000000000000100 ) ) ;
#558 = DIRECTION ( 'NONE',  ( 0.0000000000000000000, 0.0000000000000000000, -1.000000000000000000 ) ) ;
#559 = DIRECTION ( 'NONE',  ( -1.000000000000000000, 0.0000000000000000000, 0.0000000000000000000 ) ) ;
#560 = CIRCLE ( 'NONE', #561, 1.249999999999999300 ) ;
#561 = AXIS2_PLACEMENT_3D ( 'NONE', #562, #563, #564 ) ;
#562 = CARTESIAN_POINT ( 'NONE',  ( -9.500000000000000000, 0.0000000000000000000, 3.200000000000000200 ) ) ;
#563 = DIRECTION ( 'NONE',  ( 0.0000000000000000000, 0.0000000000000000000, 1.000000000000000000 ) ) ;
#564 = DIRECTION ( 'NONE',  ( 1.000000000000000000, 0.0000000000000000000, 0.0000000000000000000 ) ) ;
#565 = ORIENTED_EDGE ( 'NONE', *, *, #30, .F. ) ;
#566 = LINE ( 'NONE', #567, #568 ) ;
#567 = CARTESIAN_POINT ( 'NONE',  ( -6.500000000000000000, 7.700000000000000200, 1.600000000000000100 ) ) ;
#568 = VECTOR ( 'NONE', #569, 1000.000000000000000 ) ;
#569 = DIRECTION ( 'NONE',  ( 1.000000000000000000, 0.0000000000000000000, 0.0000000000000000000 ) ) ;
#570 = LINE ( 'NONE', #571, #572 ) ;
#571 = CARTESIAN_POINT ( 'NONE',  ( -10.90000000000000000, -2.899999999999999900, 3.200000000000000200 ) ) ;
#572 = VECTOR ( 'NONE', #573, 1000.000000000000100 ) ;
#573 = DIRECTION ( 'NONE',  ( 0.7071067811865474600, -0.7071067811865474600, 0.0000000000000000000 ) ) ;
#574 = CARTESIAN_POINT ( 'NONE',  ( -9.073531947269209800, -1.175000000000000000, 3.200000000000000200 ) ) ;
#575 = LINE ( 'NONE', #576, #577 ) ;
#576 = CARTESIAN_POINT ( 'NONE',  ( -9.926468052730799100, 1.175000000000000000, -3.200000000000000200 ) ) ;
#577 = VECTOR ( 'NONE', #578, 1000.000000000000000 ) ;
#578 = DIRECTION ( 'NONE',  ( 0.0000000000000000000, 0.0000000000000000000, 1.000000000000000000 ) ) ;
#579 = LINE ( 'NONE', #580, #581 ) ;
#580 = CARTESIAN_POINT ( 'NONE',  ( -12.50000000000000000, -6.400000000000000400, -1.600000000000000100 ) ) ;
#581 = VECTOR ( 'NONE', #584, 1000.000000000000000 ) ;
#582 = ORIENTED_EDGE ( 'NONE', *, *, #1722, .T. ) ;
#583 = ORIENTED_EDGE ( 'NONE', *, *, #261, .T. ) ;
#584 = DIRECTION ( 'NONE',  ( 1.314184451497579500E-016, 1.000000000000000000, 0.0000000000000000000 ) ) ;
#585 = CARTESIAN_POINT ( 'NONE',  ( -9.073531947269209800, 1.175000000000000000, 3.200000000000000200 ) ) ;
#586 = CARTESIAN_POINT ( 'NONE',  ( -1.000000000000000000, -5.000000000000000000, -1.600000000000000100 ) ) ;
#587 = FACE_OUTER_BOUND ( 'NONE', #14, .T. ) ;
#588 = PLANE ( 'NONE',  #589 ) ;
#589 = AXIS2_PLACEMENT_3D ( 'NONE', #590, #591, #592 ) ;
#590 = CARTESIAN_POINT ( 'NONE',  ( -8.500000000000000000, 2.700000000000000200, 1.600000000000000100 ) ) ;
#591 = DIRECTION ( 'NONE',  ( -1.000000000000000000, 9.637352644315589100E-017, 0.0000000000000000000 ) ) ;
#592 = DIRECTION ( 'NONE',  ( -9.637352644315589100E-017, -1.000000000000000000, 0.0000000000000000000 ) ) ;
#593 = CARTESIAN_POINT ( 'NONE',  ( -12.50000000000000000, -2.500000000000000000, -1.600000000000000100 ) ) ;
#594 = LINE ( 'NONE', #595, #596 ) ;
#595 = CARTESIAN_POINT ( 'NONE',  ( -1.000000000000000000, 0.0000000000000000000, -1.600000000000000100 ) ) ;
#596 = VECTOR ( 'NONE', #597, 1000.000000000000000 ) ;
#597 = DIRECTION ( 'NONE',  ( 4.336808689942019600E-017, -1.000000000000000000, 0.0000000000000000000 ) ) ;
#598 = CARTESIAN_POINT ( 'NONE',  ( 5.200000000000000200, 7.000000000000000000, -3.200000000000000200 ) ) ;
#599 = LINE ( 'NONE', #603, #604 ) ;
#600 = VERTEX_POINT ( 'NONE', #655 ) ;
#601 = ORIENTED_EDGE ( 'NONE', *, *, #251, .F. ) ;
#602 = VERTEX_POINT ( 'NONE', #656 ) ;
#603 = CARTESIAN_POINT ( 'NONE',  ( -8.500000000000000000, 2.700000000000000200, 1.600000000000000100 ) ) ;
#604 = VECTOR ( 'NONE', #605, 1000.000000000000000 ) ;
#605 = DIRECTION ( 'NONE',  ( 9.637352644315589100E-017, 1.000000000000000000, 0.0000000000000000000 ) ) ;
#606 = FACE_OUTER_BOUND ( 'NONE', #171, .T. ) ;
#607 = PLANE ( 'NONE',  #608 ) ;
#608 = AXIS2_PLACEMENT_3D ( 'NONE', #609, #610, #611 ) ;
#609 = CARTESIAN_POINT ( 'NONE',  ( 5.200000000000000200, 7.000000000000000000, 3.200000000000000200 ) ) ;
#610 = DIRECTION ( 'NONE',  ( -1.000000000000000000, -1.826024711554534900E-016, 0.0000000000000000000 ) ) ;
#611 = DIRECTION ( 'NONE',  ( 1.826024711554534900E-016, -1.000000000000000000, 0.0000000000000000000 ) ) ;
#612 = LINE ( 'NONE', #613, #614 ) ;
#613 = CARTESIAN_POINT ( 'NONE',  ( -13.00000000000000000, -6.400000000000000400, -1.600000000000000100 ) ) ;
#614 = VECTOR ( 'NONE', #615, 1000.000000000000000 ) ;
#615 = DIRECTION ( 'NONE',  ( 1.000000000000000000, 0.0000000000000000000, 0.0000000000000000000 ) ) ;
#616 = LINE ( 'NONE', #617, #618 ) ;
#617 = CARTESIAN_POINT ( 'NONE',  ( -9.926468052730799100, -1.175000000000000000, 3.200000000000000200 ) ) ;
#618 = VECTOR ( 'NONE', #620, 1000.000000000000000 ) ;
#619 = ORIENTED_EDGE ( 'NONE', *, *, #260, .T. ) ;
#620 = DIRECTION ( 'NONE',  ( 1.000000000000000000, 0.0000000000000000000, 0.0000000000000000000 ) ) ;
#621 = FACE_OUTER_BOUND ( 'NONE', #141, .T. ) ;
#622 = PLANE ( 'NONE',  #623 ) ;
#623 = AXIS2_PLACEMENT_3D ( 'NONE', #624, #625, #626 ) ;
#624 = CARTESIAN_POINT ( 'NONE',  ( 3.100000000000000100, -6.400000000000000400, -1.600000000000000100 ) ) ;
#625 = DIRECTION ( 'NONE',  ( 0.0000000000000000000, -1.000000000000000000, 0.0000000000000000000 ) ) ;
#626 = DIRECTION ( 'NONE',  ( 0.0000000000000000000, 0.0000000000000000000, -1.000000000000000000 ) ) ;
#627 = LINE ( 'NONE', #628, #629 ) ;
#628 = CARTESIAN_POINT ( 'NONE',  ( -5.599999999999999600, 7.700000000000000200, 3.200000000000000200 ) ) ;
#629 = VECTOR ( 'NONE', #630, 1000.000000000000000 ) ;
#630 = DIRECTION ( 'NONE',  ( 0.0000000000000000000, 0.0000000000000000000, -1.000000000000000000 ) ) ;
#631 = FACE_OUTER_BOUND ( 'NONE', #921, .T. ) ;
#632 = PLANE ( 'NONE',  #633 ) ;
#633 = AXIS2_PLACEMENT_3D ( 'NONE', #634, #635, #637 ) ;
#634 = CARTESIAN_POINT ( 'NONE',  ( -1.000000000000000000, 0.0000000000000000000, 1.600000000000000100 ) ) ;
#635 = DIRECTION ( 'NONE',  ( 1.000000000000000000, 4.336808689942019600E-017, 0.0000000000000000000 ) ) ;
#636 = ORIENTED_EDGE ( 'NONE', *, *, #193, .F. ) ;
#637 = DIRECTION ( 'NONE',  ( -4.336808689942019600E-017, 1.000000000000000000, 0.0000000000000000000 ) ) ;
#638 = FACE_OUTER_BOUND ( 'NONE', #170, .T. ) ;
#639 = PLANE ( 'NONE',  #640 ) ;
#640 = AXIS2_PLACEMENT_3D ( 'NONE', #641, #642, #643 ) ;
#641 = CARTESIAN_POINT ( 'NONE',  ( -3.700000000000000200, -6.400000000000000400, 1.600000000000000100 ) ) ;
#642 = DIRECTION ( 'NONE',  ( -1.000000000000000000, 1.314184451497579500E-016, -1.355252715606880000E-016 ) ) ;
#643 = DIRECTION ( 'NONE',  ( -1.355252715606880000E-016, 0.0000000000000000000, 1.000000000000000000 ) ) ;
#644 = LINE ( 'NONE', #645, #646 ) ;
#645 = CARTESIAN_POINT ( 'NONE',  ( -3.700000000000000200, -2.500000000000000000, 1.600000000000000100 ) ) ;
#646 = VECTOR ( 'NONE', #647, 1000.000000000000000 ) ;
#647 = DIRECTION ( 'NONE',  ( -1.355252715606880000E-016, 0.0000000000000000000, 1.000000000000000000 ) ) ;
#648 = LINE ( 'NONE', #649, #650 ) ;
#649 = CARTESIAN_POINT ( 'NONE',  ( -7.700000000000000200, -2.500000000000000000, 3.200000000000000200 ) ) ;
#650 = VECTOR ( 'NONE', #651, 1000.000000000000100 ) ;
#651 = DIRECTION ( 'NONE',  ( 0.7071067811865474600, 0.7071067811865474600, 0.0000000000000000000 ) ) ;
#652 = CARTESIAN_POINT ( 'NONE',  ( -1.399999999999999900, -2.899999999999999900, 3.200000000000000200 ) ) ;
#653 = EDGE_LOOP ( 'NONE', ( #1316, #1697, #102, #1170 ) ) ;
#654 = ORIENTED_EDGE ( 'NONE', *, *, #690, .F. ) ;
#655 = CARTESIAN_POINT ( 'NONE',  ( -12.50000000000000000, -2.500000000000000000, 1.600000000000000100 ) ) ;
#656 = CARTESIAN_POINT ( 'NONE',  ( 3.600000000000000100, -2.500000000000000000, 1.600000000000000100 ) ) ;
#657 = FACE_OUTER_BOUND ( 'NONE', #1767, .T. ) ;
#658 = PLANE ( 'NONE',  #659 ) ;
#659 = AXIS2_PLACEMENT_3D ( 'NONE', #660, #661, #662 ) ;
#660 = CARTESIAN_POINT ( 'NONE',  ( -7.700000000000000200, -2.500000000000000000, 3.200000000000000200 ) ) ;
#661 = DIRECTION ( 'NONE',  ( -0.7071067811865475700, 0.7071067811865475700, 0.0000000000000000000 ) ) ;
#662 = DIRECTION ( 'NONE',  ( -0.7071067811865475700, -0.7071067811865475700, 0.0000000000000000000 ) ) ;
#663 = CARTESIAN_POINT ( 'NONE',  ( -4.200000000000000200, -6.400000000000000400, -1.600000000000000100 ) ) ;
#664 = FACE_OUTER_BOUND ( 'NONE', #1010, .T. ) ;
#665 = CYLINDRICAL_SURFACE ( 'NONE', #666, 1.200000000000000000 ) ;
#666 = AXIS2_PLACEMENT_3D ( 'NONE', #667, #668, #669 ) ;
#667 = CARTESIAN_POINT ( 'NONE',  ( 0.0000000000000000000, -1.200000000000000000, -1.600000000000000100 ) ) ;
#668 = DIRECTION ( 'NONE',  ( 0.0000000000000000000, 0.0000000000000000000, 1.000000000000000000 ) ) ;
#669 = DIRECTION ( 'NONE',  ( 1.000000000000000000, 0.0000000000000000000, 0.0000000000000000000 ) ) ;
#670 = FACE_OUTER_BOUND ( 'NONE', #902, .T. ) ;
#671 = VERTEX_POINT ( 'NONE', #681 ) ;
#672 = PLANE ( 'NONE',  #673 ) ;
#673 = AXIS2_PLACEMENT_3D ( 'NONE', #674, #675, #676 ) ;
#674 = CARTESIAN_POINT ( 'NONE',  ( 1.800000000000000000, -2.500000000000000000, 3.200000000000000200 ) ) ;
#675 = DIRECTION ( 'NONE',  ( -0.7071067811865455700, 0.7071067811865495700, 0.0000000000000000000 ) ) ;
#676 = DIRECTION ( 'NONE',  ( -0.7071067811865494600, -0.7071067811865454600, 0.0000000000000000000 ) ) ;
#677 = LINE ( 'NONE', #678, #679 ) ;
#678 = CARTESIAN_POINT ( 'NONE',  ( 3.100000000000000100, -6.400000000000000400, 1.600000000000000100 ) ) ;
#679 = VECTOR ( 'NONE', #680, 1000.000000000000000 ) ;
#680 = DIRECTION ( 'NONE',  ( 1.314184451497579500E-016, 1.000000000000000000, 0.0000000000000000000 ) ) ;
#681 = CARTESIAN_POINT ( 'NONE',  ( -4.200000000000000200, -2.500000000000000000, 1.600000000000000100 ) ) ;
#682 = CIRCLE ( 'NONE', #683, 1.175000000000000000 ) ;
#683 = AXIS2_PLACEMENT_3D ( 'NONE', #684, #685, #686 ) ;
#684 = CARTESIAN_POINT ( 'NONE',  ( 0.0000000000000000000, 0.0000000000000000000, 3.200000000000000200 ) ) ;
#685 = DIRECTION ( 'NONE',  ( 0.0000000000000000000, 0.0000000000000000000, 1.000000000000000000 ) ) ;
#686 = DIRECTION ( 'NONE',  ( 1.000000000000000000, 0.0000000000000000000, 0.0000000000000000000 ) ) ;
#687 = CIRCLE ( 'NONE', #692, 1.249999999999999300 ) ;
#688 = EDGE_LOOP ( 'NONE', ( #145, #206, #1404, #1689 ) ) ;
#689 = ORIENTED_EDGE ( 'NONE', *, *, #225, .F. ) ;
#690 = EDGE_CURVE ( 'NONE', #1206, #15, #687, .T. ) ;
#691 = ORIENTED_EDGE ( 'NONE', *, *, #168, .T. ) ;
#692 = AXIS2_PLACEMENT_3D ( 'NONE', #693, #694, #695 ) ;
#693 = CARTESIAN_POINT ( 'NONE',  ( -9.500000000000000000, 0.0000000000000000000, -3.200000000000000200 ) ) ;
#694 = DIRECTION ( 'NONE',  ( 0.0000000000000000000, 0.0000000000000000000, 1.000000000000000000 ) ) ;
#695 = DIRECTION ( 'NONE',  ( 1.000000000000000000, 0.0000000000000000000, 0.0000000000000000000 ) ) ;
#696 = FACE_OUTER_BOUND ( 'NONE', #36, .T. ) ;
#697 = PLANE ( 'NONE',  #698 ) ;
#698 = AXIS2_PLACEMENT_3D ( 'NONE', #699, #700, #701 ) ;
#699 = CARTESIAN_POINT ( 'NONE',  ( -6.500000000000000000, 2.700000000000000200, 1.600000000000000100 ) ) ;
#700 = DIRECTION ( 'NONE',  ( 0.0000000000000000000, 0.0000000000000000000, 1.000000000000000000 ) ) ;
#701 = DIRECTION ( 'NONE',  ( 1.000000000000000000, 0.0000000000000000000, 0.0000000000000000000 ) ) ;
#702 = LINE ( 'NONE', #703, #704 ) ;
#703 = CARTESIAN_POINT ( 'NONE',  ( -4.200000000000000200, -2.500000000000000000, 1.600000000000000100 ) ) ;
#704 = VECTOR ( 'NONE', #705, 1000.000000000000000 ) ;
#705 = DIRECTION ( 'NONE',  ( -1.000000000000000000, 0.0000000000000000000, 0.0000000000000000000 ) ) ;
#706 = CIRCLE ( 'NONE', #707, 1.249999999999999300 ) ;
#707 = AXIS2_PLACEMENT_3D ( 'NONE', #710, #711, #712 ) ;
#708 = VERTEX_POINT ( 'NONE', #713 ) ;
#709 = EDGE_CURVE ( 'NONE', #238, #53, #714, .T. ) ;
#710 = CARTESIAN_POINT ( 'NONE',  ( -9.500000000000000000, 0.0000000000000000000, 3.200000000000000200 ) ) ;
#711 = DIRECTION ( 'NONE',  ( 0.0000000000000000000, 0.0000000000000000000, 1.000000000000000000 ) ) ;
#712 = DIRECTION ( 'NONE',  ( 1.000000000000000000, 0.0000000000000000000, 0.0000000000000000000 ) ) ;
#713 = CARTESIAN_POINT ( 'NONE',  ( 1.399999999999999900, -2.899999999999999900, -3.200000000000000200 ) ) ;
#714 = LINE ( 'NONE', #715, #716 ) ;
#715 = CARTESIAN_POINT ( 'NONE',  ( -1.000000000000000000, -5.000000000000000000, 1.600000000000000100 ) ) ;
#716 = VECTOR ( 'NONE', #717, 1000.000000000000000 ) ;
#717 = DIRECTION ( 'NONE',  ( 0.0000000000000000000, 0.0000000000000000000, -1.000000000000000000 ) ) ;
#718 = CARTESIAN_POINT ( 'NONE',  ( -8.099999999999999600, -2.899999999999999900, -3.200000000000000200 ) ) ;
#719 = LINE ( 'NONE', #720, #721 ) ;
#720 = CARTESIAN_POINT ( 'NONE',  ( -1.399999999999999900, -2.899999999999999900, -3.200000000000000200 ) ) ;
#721 = VECTOR ( 'NONE', #722, 1000.000000000000100 ) ;
#722 = DIRECTION ( 'NONE',  ( 0.7071067811865495700, -0.7071067811865455700, 0.0000000000000000000 ) ) ;
#723 = LINE ( 'NONE', #724, #725 ) ;
#724 = CARTESIAN_POINT ( 'NONE',  ( -1.000000000000000000, 0.0000000000000000000, 1.600000000000000100 ) ) ;
#725 = VECTOR ( 'NONE', #727, 1000.000000000000000 ) ;
#726 = VERTEX_POINT ( 'NONE', #734 ) ;
#727 = DIRECTION ( 'NONE',  ( 4.336808689942019600E-017, -1.000000000000000000, 0.0000000000000000000 ) ) ;
#728 = FACE_OUTER_BOUND ( 'NONE', #136, .T. ) ;
#729 = CYLINDRICAL_SURFACE ( 'NONE', #730, 1.249999999999999300 ) ;
#730 = AXIS2_PLACEMENT_3D ( 'NONE', #731, #732, #733 ) ;
#731 = CARTESIAN_POINT ( 'NONE',  ( -9.500000000000000000, 0.0000000000000000000, -3.200000000000000200 ) ) ;
#732 = DIRECTION ( 'NONE',  ( 0.0000000000000000000, 0.0000000000000000000, 1.000000000000000000 ) ) ;
#733 = DIRECTION ( 'NONE',  ( 1.000000000000000000, 0.0000000000000000000, 0.0000000000000000000 ) ) ;
#734 = CARTESIAN_POINT ( 'NONE',  ( -1.000000000000000000, -0.5366750419289219000, 1.600000000000000100 ) ) ;
#735 = LINE ( 'NONE', #736, #737 ) ;
#736 = CARTESIAN_POINT ( 'NONE',  ( -1.175000000000000000, 1.438912465741293200E-016, -3.200000000000000200 ) ) ;
#737 = VECTOR ( 'NONE', #738, 1000.000000000000000 ) ;
#738 = DIRECTION ( 'NONE',  ( 0.0000000000000000000, 0.0000000000000000000, 1.000000000000000000 ) ) ;
#739 = CARTESIAN_POINT ( 'NONE',  ( 1.399999999999999900, -2.899999999999999900, 3.200000000000000200 ) ) ;
#740 = LINE ( 'NONE', #741, #742 ) ;
#741 = CARTESIAN_POINT ( 'NONE',  ( -14.60000000000000000, 7.700000000000000200, -3.200000000000000200 ) ) ;
#742 = VECTOR ( 'NONE', #745, 1000.000000000000000 ) ;
#743 = ORIENTED_EDGE ( 'NONE', *, *, #1527, .T. ) ;
#744 = VERTEX_POINT ( 'NONE', #746 ) ;
#745 = DIRECTION ( 'NONE',  ( -1.000000000000000000, 9.637352644315589100E-017, 0.0000000000000000000 ) ) ;
#746 = CARTESIAN_POINT ( 'NONE',  ( -13.00000000000000000, -2.500000000000000000, 1.600000000000000100 ) ) ;
#747 = LINE ( 'NONE', #748, #749 ) ;
#748 = CARTESIAN_POINT ( 'NONE',  ( 3.100000000000000100, -6.400000000000000400, 1.600000000000000100 ) ) ;
#749 = VECTOR ( 'NONE', #750, 1000.000000000000000 ) ;
#750 = DIRECTION ( 'NONE',  ( 1.355252715606880000E-016, 0.0000000000000000000, -1.000000000000000000 ) ) ;
#751 = CIRCLE ( 'NONE', #752, 1.249999999999999300 ) ;
#752 = AXIS2_PLACEMENT_3D ( 'NONE', #753, #754, #755 ) ;
#753 = CARTESIAN_POINT ( 'NONE',  ( -9.500000000000000000, 0.0000000000000000000, -3.200000000000000200 ) ) ;
#754 = DIRECTION ( 'NONE',  ( 0.0000000000000000000, 0.0000000000000000000, 1.000000000000000000 ) ) ;
#755 = DIRECTION ( 'NONE',  ( 1.000000000000000000, 0.0000000000000000000, 0.0000000000000000000 ) ) ;
#756 = FACE_OUTER_BOUND ( 'NONE', #185, .T. ) ;
#757 = PLANE ( 'NONE',  #758 ) ;
#758 = AXIS2_PLACEMENT_3D ( 'NONE', #759, #760, #763 ) ;
#759 = CARTESIAN_POINT ( 'NONE',  ( 3.100000000000000100, -6.400000000000000400, 1.600000000000000100 ) ) ;
#760 = DIRECTION ( 'NONE',  ( 1.000000000000000000, -1.314184451497579500E-016, 1.355252715606880000E-016 ) ) ;
#761 = ORIENTED_EDGE ( 'NONE', *, *, #258, .T. ) ;
#762 = ORIENTED_EDGE ( 'NONE', *, *, #27, .T. ) ;
#763 = DIRECTION ( 'NONE',  ( 1.355252715606880000E-016, 0.0000000000000000000, -1.000000000000000000 ) ) ;
#764 = LINE ( 'NONE', #765, #766 ) ;
#765 = CARTESIAN_POINT ( 'NONE',  ( -6.500000000000000000, 7.700000000000000200, 1.600000000000000100 ) ) ;
#766 = VECTOR ( 'NONE', #767, 1000.000000000000000 ) ;
#767 = DIRECTION ( 'NONE',  ( 0.0000000000000000000, 0.0000000000000000000, -1.000000000000000000 ) ) ;
#768 = FACE_OUTER_BOUND ( 'NONE', #265, .T. ) ;
#769 = PLANE ( 'NONE',  #770 ) ;
#770 = AXIS2_PLACEMENT_3D ( 'NONE', #771, #772, #773 ) ;
#771 = CARTESIAN_POINT ( 'NONE',  ( -1.000000000000000000, -5.000000000000000000, 1.600000000000000100 ) ) ;
#772 = DIRECTION ( 'NONE',  ( 0.0000000000000000000, 0.0000000000000000000, 1.000000000000000000 ) ) ;
#773 = DIRECTION ( 'NONE',  ( 1.000000000000000000, 0.0000000000000000000, 0.0000000000000000000 ) ) ;
#774 = CARTESIAN_POINT ( 'NONE',  ( -1.175000000000000000, 1.438912465741293200E-016, 3.200000000000000200 ) ) ;
#775 = CARTESIAN_POINT ( 'NONE',  ( -1.800000000000000000, -2.500000000000000000, 3.200000000000000200 ) ) ;
#776 = LINE ( 'NONE', #777, #778 ) ;
#777 = CARTESIAN_POINT ( 'NONE',  ( -9.926468052730799100, -1.175000000000000000, -3.200000000000000200 ) ) ;
#778 = VECTOR ( 'NONE', #781, 1000.000000000000000 ) ;
#779 = VERTEX_POINT ( 'NONE', #774 ) ;
#780 = VERTEX_POINT ( 'NONE', #786 ) ;
#781 = DIRECTION ( 'NONE',  ( 0.0000000000000000000, 0.0000000000000000000, 1.000000000000000000 ) ) ;
#782 = LINE ( 'NONE', #783, #784 ) ;
#783 = CARTESIAN_POINT ( 'NONE',  ( 1.000000000000000000, 0.0000000000000000000, -1.600000000000000100 ) ) ;
#784 = VECTOR ( 'NONE', #785, 1000.000000000000000 ) ;
#785 = DIRECTION ( 'NONE',  ( 4.336808689942019600E-017, 1.000000000000000000, 0.0000000000000000000 ) ) ;
#786 = CARTESIAN_POINT ( 'NONE',  ( -6.500000000000000000, 2.700000000000000200, 1.600000000000000100 ) ) ;
#787 = LINE ( 'NONE', #788, #789 ) ;
#788 = CARTESIAN_POINT ( 'NONE',  ( -6.500000000000000000, 2.700000000000000200, 1.600000000000000100 ) ) ;
#789 = VECTOR ( 'NONE', #790, 1000.000000000000000 ) ;
#790 = DIRECTION ( 'NONE',  ( 1.000000000000000000, 0.0000000000000000000, 0.0000000000000000000 ) ) ;
#791 = LINE ( 'NONE', #792, #793 ) ;
#792 = CARTESIAN_POINT ( 'NONE',  ( -4.200000000000000200, -6.400000000000000400, 1.600000000000000100 ) ) ;
#793 = VECTOR ( 'NONE', #794, 1000.000000000000000 ) ;
#794 = DIRECTION ( 'NONE',  ( 1.314184451497579500E-016, 1.000000000000000000, 0.0000000000000000000 ) ) ;
#795 = FACE_OUTER_BOUND ( 'NONE', #1743, .T. ) ;
#796 = FACE_BOUND ( 'NONE', #148, .T. ) ;
#797 = ADVANCED_FACE ( 'NONE', ( #795, #796 ), #798, .F. ) ;
#798 = PLANE ( 'NONE',  #799 ) ;
#799 = AXIS2_PLACEMENT_3D ( 'NONE', #800, #801, #802 ) ;
#800 = CARTESIAN_POINT ( 'NONE',  ( -1.800000000000000000, -2.500000000000000000, 3.200000000000000200 ) ) ;
#801 = DIRECTION ( 'NONE',  ( 7.350523203291559900E-017, 1.000000000000000000, 0.0000000000000000000 ) ) ;
#802 = DIRECTION ( 'NONE',  ( -1.000000000000000000, 7.350523203291559900E-017, 0.0000000000000000000 ) ) ;
#803 = LINE ( 'NONE', #804, #805 ) ;
#804 = CARTESIAN_POINT ( 'NONE',  ( 3.100000000000000100, -6.400000000000000400, -1.600000000000000100 ) ) ;
#805 = VECTOR ( 'NONE', #806, 1000.000000000000000 ) ;
#806 = DIRECTION ( 'NONE',  ( 1.314184451497579500E-016, 1.000000000000000000, 0.0000000000000000000 ) ) ;
#807 = CARTESIAN_POINT ( 'NONE',  ( -14.60000000000000000, 7.700000000000000200, 3.200000000000000200 ) ) ;
#808 = CARTESIAN_POINT ( 'NONE',  ( -1.399999999999999900, -2.899999999999999900, -3.200000000000000200 ) ) ;
#809 = LINE ( 'NONE', #810, #811 ) ;
#810 = CARTESIAN_POINT ( 'NONE',  ( -7.700000000000000200, -2.500000000000000000, -3.200000000000000200 ) ) ;
#811 = VECTOR ( 'NONE', #812, 1000.000000000000100 ) ;
#812 = DIRECTION ( 'NONE',  ( 0.7071067811865474600, 0.7071067811865474600, 0.0000000000000000000 ) ) ;
#813 = LINE ( 'NONE', #814, #815 ) ;
#814 = CARTESIAN_POINT ( 'NONE',  ( -4.899999999999999500, 7.000000000000000000, -3.200000000000000200 ) ) ;
#815 = VECTOR ( 'NONE', #816, 1000.000000000000000 ) ;
#816 = DIRECTION ( 'NONE',  ( -1.000000000000000000, 8.587739980083200000E-017, 0.0000000000000000000 ) ) ;
#817 = LINE ( 'NONE', #818, #819 ) ;
#818 = CARTESIAN_POINT ( 'NONE',  ( -13.00000000000000000, -6.400000000000000400, 1.600000000000000100 ) ) ;
#819 = VECTOR ( 'NONE', #820, 1000.000000000000000 ) ;
#820 = DIRECTION ( 'NONE',  ( 0.0000000000000000000, 0.0000000000000000000, -1.000000000000000000 ) ) ;
#821 = CARTESIAN_POINT ( 'NONE',  ( 3.600000000000000100, -2.500000000000000000, -1.600000000000000100 ) ) ;
#822 = LINE ( 'NONE', #823, #824 ) ;
#823 = CARTESIAN_POINT ( 'NONE',  ( 5.200000000000000200, -2.500000000000000000, -3.200000000000000200 ) ) ;
#824 = VECTOR ( 'NONE', #825, 1000.000000000000000 ) ;
#825 = DIRECTION ( 'NONE',  ( 1.000000000000000000, 5.102127870520020000E-016, 0.0000000000000000000 ) ) ;
#826 = LINE ( 'NONE', #827, #828 ) ;
#827 = CARTESIAN_POINT ( 'NONE',  ( -5.599999999999999600, 7.700000000000000200, -3.200000000000000200 ) ) ;
#828 = VECTOR ( 'NONE', #829, 1000.000000000000100 ) ;
#829 = DIRECTION ( 'NONE',  ( -0.7071067811865489100, 0.7071067811865460200, 0.0000000000000000000 ) ) ;
#830 = VERTEX_POINT ( 'NONE', #840 ) ;
#831 = EDGE_LOOP ( 'NONE', ( #254, #35, #11, #222, #1659, #495, #202, #223, #20, #90, #64, #179, #217, #47 ) ) ;
#832 = LINE ( 'NONE', #833, #834 ) ;
#833 = CARTESIAN_POINT ( 'NONE',  ( -14.60000000000000000, 7.700000000000000200, 3.200000000000000200 ) ) ;
#834 = VECTOR ( 'NONE', #835, 1000.000000000000000 ) ;
#835 = DIRECTION ( 'NONE',  ( 0.0000000000000000000, 0.0000000000000000000, -1.000000000000000000 ) ) ;
#836 = LINE ( 'NONE', #837, #838 ) ;
#837 = CARTESIAN_POINT ( 'NONE',  ( -3.700000000000000200, -6.400000000000000400, -1.600000000000000100 ) ) ;
#838 = VECTOR ( 'NONE', #839, 1000.000000000000000 ) ;
#839 = DIRECTION ( 'NONE',  ( 1.314184451497579500E-016, 1.000000000000000000, 0.0000000000000000000 ) ) ;
#840 = CARTESIAN_POINT ( 'NONE',  ( -4.200000000000000200, -6.400000000000000400, 1.600000000000000100 ) ) ;
#841 = CARTESIAN_POINT ( 'NONE',  ( -9.926468052730799100, -1.175000000000000000, 3.200000000000000200 ) ) ;
#842 = CARTESIAN_POINT ( 'NONE',  ( 5.200000000000000200, -2.500000000000000000, -3.200000000000000200 ) ) ;
#843 = LINE ( 'NONE', #844, #845 ) ;
#844 = CARTESIAN_POINT ( 'NONE',  ( -4.200000000000000200, -6.400000000000000400, 1.600000000000000100 ) ) ;
#845 = VECTOR ( 'NONE', #846, 1000.000000000000000 ) ;
#846 = DIRECTION ( 'NONE',  ( 2.710505431213760100E-016, 0.0000000000000000000, -1.000000000000000000 ) ) ;
#847 = CIRCLE ( 'NONE', #849, 1.175000000000000000 ) ;
#848 = ORIENTED_EDGE ( 'NONE', *, *, #1648, .T. ) ;
#849 = AXIS2_PLACEMENT_3D ( 'NONE', #850, #851, #852 ) ;
#850 = CARTESIAN_POINT ( 'NONE',  ( 0.0000000000000000000, 0.0000000000000000000, -3.200000000000000200 ) ) ;
#851 = DIRECTION ( 'NONE',  ( 0.0000000000000000000, 0.0000000000000000000, 1.000000000000000000 ) ) ;
#852 = DIRECTION ( 'NONE',  ( 1.000000000000000000, 0.0000000000000000000, 0.0000000000000000000 ) ) ;
#853 = LINE ( 'NONE', #854, #855 ) ;
#854 = CARTESIAN_POINT ( 'NONE',  ( 3.100000000000000100, -2.500000000000000000, 1.600000000000000100 ) ) ;
#855 = VECTOR ( 'NONE', #856, 1000.000000000000000 ) ;
#856 = DIRECTION ( 'NONE',  ( 1.355252715606880000E-016, 0.0000000000000000000, -1.000000000000000000 ) ) ;
#857 = LINE ( 'NONE', #858, #859 ) ;
#858 = CARTESIAN_POINT ( 'NONE',  ( -6.500000000000000000, 2.700000000000000200, 1.600000000000000100 ) ) ;
#859 = VECTOR ( 'NONE', #860, 1000.000000000000000 ) ;
#860 = DIRECTION ( 'NONE',  ( 0.0000000000000000000, 0.0000000000000000000, -1.000000000000000000 ) ) ;
#861 = CARTESIAN_POINT ( 'NONE',  ( -7.700000000000000200, -2.500000000000000000, 3.200000000000000200 ) ) ;
#862 = LINE ( 'NONE', #863, #864 ) ;
#863 = CARTESIAN_POINT ( 'NONE',  ( -13.00000000000000000, -2.500000000000000000, 1.600000000000000100 ) ) ;
#864 = VECTOR ( 'NONE', #867, 1000.000000000000000 ) ;
#865 = EDGE_CURVE ( 'NONE', #15, #425, #873, .T. ) ;
#866 = VERTEX_POINT ( 'NONE', #878 ) ;
#867 = DIRECTION ( 'NONE',  ( -1.000000000000000000, 0.0000000000000000000, 0.0000000000000000000 ) ) ;
#868 = CIRCLE ( 'NONE', #869, 1.200000000000000000 ) ;
#869 = AXIS2_PLACEMENT_3D ( 'NONE', #870, #871, #872 ) ;
#870 = CARTESIAN_POINT ( 'NONE',  ( 0.0000000000000000000, -1.200000000000000000, -1.600000000000000100 ) ) ;
#871 = DIRECTION ( 'NONE',  ( 0.0000000000000000000, 0.0000000000000000000, -1.000000000000000000 ) ) ;
#872 = DIRECTION ( 'NONE',  ( 1.000000000000000000, 0.0000000000000000000, 0.0000000000000000000 ) ) ;
#873 = LINE ( 'NONE', #874, #875 ) ;
#874 = CARTESIAN_POINT ( 'NONE',  ( -9.073531947269209800, 1.175000000000000000, -3.200000000000000200 ) ) ;
#875 = VECTOR ( 'NONE', #876, 1000.000000000000000 ) ;
#876 = DIRECTION ( 'NONE',  ( 0.0000000000000000000, 0.0000000000000000000, 1.000000000000000000 ) ) ;
#877 = CARTESIAN_POINT ( 'NONE',  ( -8.500000000000000000, 7.700000000000000200, -1.600000000000000100 ) ) ;
#878 = CARTESIAN_POINT ( 'NONE',  ( 1.175000000000000000, 0.0000000000000000000, 3.200000000000000200 ) ) ;
#879 = CARTESIAN_POINT ( 'NONE',  ( 1.000000000000000000, -5.000000000000000000, -1.600000000000000100 ) ) ;
#880 = CARTESIAN_POINT ( 'NONE',  ( -9.073531947269209800, -1.175000000000000000, -3.200000000000000200 ) ) ;
#881 = CARTESIAN_POINT ( 'NONE',  ( -1.800000000000000000, -2.500000000000000000, -3.200000000000000200 ) ) ;
#882 = LINE ( 'NONE', #883, #884 ) ;
#883 = CARTESIAN_POINT ( 'NONE',  ( 5.200000000000000200, 7.000000000000000000, 3.200000000000000200 ) ) ;
#884 = VECTOR ( 'NONE', #885, 1000.000000000000000 ) ;
#885 = DIRECTION ( 'NONE',  ( 0.0000000000000000000, 0.0000000000000000000, -1.000000000000000000 ) ) ;
#886 = CARTESIAN_POINT ( 'NONE',  ( -13.00000000000000000, -2.500000000000000000, -1.600000000000000100 ) ) ;
#887 = CARTESIAN_POINT ( 'NONE',  ( -9.926468052730799100, 1.175000000000000000, -3.200000000000000200 ) ) ;
#888 = LINE ( 'NONE', #889, #890 ) ;
#889 = CARTESIAN_POINT ( 'NONE',  ( -4.200000000000000200, -2.500000000000000000, 1.600000000000000100 ) ) ;
#890 = VECTOR ( 'NONE', #891, 1000.000000000000000 ) ;
#891 = DIRECTION ( 'NONE',  ( 2.710505431213760100E-016, 0.0000000000000000000, -1.000000000000000000 ) ) ;
#892 = LINE ( 'NONE', #893, #894 ) ;
#893 = CARTESIAN_POINT ( 'NONE',  ( -1.000000000000000000, -5.000000000000000000, -1.600000000000000100 ) ) ;
#894 = VECTOR ( 'NONE', #895, 1000.000000000000000 ) ;
#895 = DIRECTION ( 'NONE',  ( 1.000000000000000000, 0.0000000000000000000, 0.0000000000000000000 ) ) ;
#896 = LINE ( 'NONE', #897, #898 ) ;
#897 = CARTESIAN_POINT ( 'NONE',  ( -1.000000000000000000, -5.000000000000000000, 1.600000000000000100 ) ) ;
#898 = VECTOR ( 'NONE', #904, 1000.000000000000000 ) ;
#899 = EDGE_CURVE ( 'NONE', #1694, #55, #882, .T. ) ;
#900 = VERTEX_POINT ( 'NONE', #886 ) ;
#901 = EDGE_CURVE ( 'NONE', #671, #6, #888, .T. ) ;
#902 = EDGE_LOOP ( 'NONE', ( #1763, #1707, #107, #762 ) ) ;
#903 = ORIENTED_EDGE ( 'NONE', *, *, #81, .T. ) ;
#904 = DIRECTION ( 'NONE',  ( 1.000000000000000000, 0.0000000000000000000, 0.0000000000000000000 ) ) ;
#905 = CARTESIAN_POINT ( 'NONE',  ( 5.200000000000000200, 7.000000000000000000, 3.200000000000000200 ) ) ;
#906 = FACE_OUTER_BOUND ( 'NONE', #21, .T. ) ;
#907 = FACE_BOUND ( 'NONE', #43, .T. ) ;
#908 = PLANE ( 'NONE',  #909 ) ;
#909 = AXIS2_PLACEMENT_3D ( 'NONE', #910, #911, #912 ) ;
#910 = CARTESIAN_POINT ( 'NONE',  ( -11.29999999999999900, -2.500000000000000000, 3.200000000000000200 ) ) ;
#911 = DIRECTION ( 'NONE',  ( 1.314184451497579500E-016, 1.000000000000000000, 0.0000000000000000000 ) ) ;
#912 = DIRECTION ( 'NONE',  ( -1.000000000000000000, 1.314184451497579500E-016, 0.0000000000000000000 ) ) ;
#913 = LINE ( 'NONE', #914, #915 ) ;
#914 = CARTESIAN_POINT ( 'NONE',  ( 1.000000000000000000, -5.000000000000000000, 1.600000000000000100 ) ) ;
#915 = VECTOR ( 'NONE', #916, 1000.000000000000000 ) ;
#916 = DIRECTION ( 'NONE',  ( 0.0000000000000000000, 0.0000000000000000000, -1.000000000000000000 ) ) ;
#917 = CARTESIAN_POINT ( 'NONE',  ( -3.700000000000000200, -2.500000000000000000, -1.600000000000000100 ) ) ;
#918 = LINE ( 'NONE', #919, #922 ) ;
#919 = CARTESIAN_POINT ( 'NONE',  ( -10.90000000000000000, -2.899999999999999900, 3.200000000000000200 ) ) ;
#920 = ADVANCED_FACE ( 'NONE', ( #906, #907 ), #908, .F. ) ;
#921 = EDGE_LOOP ( 'NONE', ( #124, #1403, #1625, #59 ) ) ;
#922 = VECTOR ( 'NONE', #923, 1000.000000000000000 ) ;
#923 = DIRECTION ( 'NONE',  ( 0.0000000000000000000, 0.0000000000000000000, -1.000000000000000000 ) ) ;
#924 = LINE ( 'NONE', #925, #926 ) ;
#925 = CARTESIAN_POINT ( 'NONE',  ( -9.926468052730799100, 1.175000000000000000, -3.200000000000000200 ) ) ;
#926 = VECTOR ( 'NONE', #927, 1000.000000000000000 ) ;
#927 = DIRECTION ( 'NONE',  ( -1.000000000000000000, -5.084564555506760200E-016, 0.0000000000000000000 ) ) ;
#928 = CARTESIAN_POINT ( 'NONE',  ( -13.00000000000000000, -6.400000000000000400, 1.600000000000000100 ) ) ;
#929 = LINE ( 'NONE', #930, #931 ) ;
#930 = CARTESIAN_POINT ( 'NONE',  ( -13.00000000000000000, -6.400000000000000400, 1.600000000000000100 ) ) ;
#931 = VECTOR ( 'NONE', #932, 1000.000000000000000 ) ;
#932 = DIRECTION ( 'NONE',  ( 1.314184451497579500E-016, 1.000000000000000000, 0.0000000000000000000 ) ) ;
#933 = CARTESIAN_POINT ( 'NONE',  ( 3.600000000000000100, -6.400000000000000400, -1.600000000000000100 ) ) ;
#934 = CARTESIAN_POINT ( 'NONE',  ( -8.099999999999999600, -2.899999999999999900, 3.200000000000000200 ) ) ;
#935 = LINE ( 'NONE', #936, #937 ) ;
#936 = CARTESIAN_POINT ( 'NONE',  ( -12.50000000000000000, -6.400000000000000400, 1.600000000000000100 ) ) ;
#937 = VECTOR ( 'NONE', #938, 1000.000000000000000 ) ;
#938 = DIRECTION ( 'NONE',  ( 0.0000000000000000000, 0.0000000000000000000, 1.000000000000000000 ) ) ;
#939 = CARTESIAN_POINT ( 'NONE',  ( -10.90000000000000000, -2.899999999999999900, -3.200000000000000200 ) ) ;
#940 = LINE ( 'NONE', #941, #942 ) ;
#941 = CARTESIAN_POINT ( 'NONE',  ( -1.800000000000000000, -2.500000000000000000, 3.200000000000000200 ) ) ;
#942 = VECTOR ( 'NONE', #943, 1000.000000000000000 ) ;
#943 = DIRECTION ( 'NONE',  ( 0.0000000000000000000, 0.0000000000000000000, -1.000000000000000000 ) ) ;
#944 = CARTESIAN_POINT ( 'NONE',  ( -1.175000000000000000, 1.438912465741293200E-016, -3.200000000000000200 ) ) ;
#945 = LINE ( 'NONE', #946, #947 ) ;
#946 = CARTESIAN_POINT ( 'NONE',  ( -8.099999999999999600, -2.899999999999999900, 3.200000000000000200 ) ) ;
#947 = VECTOR ( 'NONE', #948, 1000.000000000000000 ) ;
#948 = DIRECTION ( 'NONE',  ( 1.000000000000000000, 1.548860246407859900E-016, 0.0000000000000000000 ) ) ;
#949 = CARTESIAN_POINT ( 'NONE',  ( -10.90000000000000000, -2.899999999999999900, 3.200000000000000200 ) ) ;
#950 = CARTESIAN_POINT ( 'NONE',  ( 3.100000000000000100, -2.500000000000000000, 1.600000000000000100 ) ) ;
#951 = CARTESIAN_POINT ( 'NONE',  ( -3.700000000000000200, -2.500000000000000000, 1.600000000000000100 ) ) ;
#952 = LINE ( 'NONE', #953, #955 ) ;
#953 = CARTESIAN_POINT ( 'NONE',  ( -9.926468052730799100, -1.175000000000000000, -3.200000000000000200 ) ) ;
#954 = VERTEX_POINT ( 'NONE', #917 ) ;
#955 = VECTOR ( 'NONE', #956, 1000.000000000000000 ) ;
#956 = DIRECTION ( 'NONE',  ( 1.000000000000000000, 0.0000000000000000000, 0.0000000000000000000 ) ) ;
#957 = LINE ( 'NONE', #958, #959 ) ;
#958 = CARTESIAN_POINT ( 'NONE',  ( -8.500000000000000000, 2.700000000000000200, -1.600000000000000100 ) ) ;
#959 = VECTOR ( 'NONE', #960, 1000.000000000000000 ) ;
#960 = DIRECTION ( 'NONE',  ( 9.637352644315589100E-017, 1.000000000000000000, 0.0000000000000000000 ) ) ;
#961 = CARTESIAN_POINT ( 'NONE',  ( 3.100000000000000100, -6.400000000000000400, -1.600000000000000100 ) ) ;
#962 = LINE ( 'NONE', #963, #964 ) ;
#963 = CARTESIAN_POINT ( 'NONE',  ( 1.800000000000000000, -2.500000000000000000, 3.200000000000000200 ) ) ;
#964 = VECTOR ( 'NONE', #965, 1000.000000000000100 ) ;
#965 = DIRECTION ( 'NONE',  ( 0.7071067811865495700, 0.7071067811865455700, 0.0000000000000000000 ) ) ;
#966 = LINE ( 'NONE', #967, #968 ) ;
#967 = CARTESIAN_POINT ( 'NONE',  ( 3.600000000000000100, -2.500000000000000000, 1.600000000000000100 ) ) ;
#968 = VECTOR ( 'NONE', #969, 1000.000000000000000 ) ;
#969 = DIRECTION ( 'NONE',  ( -2.710505431213760100E-016, 0.0000000000000000000, 1.000000000000000000 ) ) ;
#970 = LINE ( 'NONE', #972, #973 ) ;
#971 = EDGE_LOOP ( 'NONE', ( #84, #46, #1421, #1766 ) ) ;
#972 = CARTESIAN_POINT ( 'NONE',  ( -4.200000000000000200, -6.400000000000000400, -1.600000000000000100 ) ) ;
#973 = VECTOR ( 'NONE', #974, 1000.000000000000000 ) ;
#974 = DIRECTION ( 'NONE',  ( 1.314184451497579500E-016, 1.000000000000000000, 0.0000000000000000000 ) ) ;
#975 = CARTESIAN_POINT ( 'NONE',  ( -8.500000000000000000, 2.700000000000000200, -1.600000000000000100 ) ) ;
#976 = LINE ( 'NONE', #977, #978 ) ;
#977 = CARTESIAN_POINT ( 'NONE',  ( 1.000000000000000000, -0.5366750419289219000, -1.600000000000000100 ) ) ;
#978 = VECTOR ( 'NONE', #979, 1000.000000000000000 ) ;
#979 = DIRECTION ( 'NONE',  ( 0.0000000000000000000, 0.0000000000000000000, 1.000000000000000000 ) ) ;
#980 = LINE ( 'NONE', #981, #982 ) ;
#981 = CARTESIAN_POINT ( 'NONE',  ( 3.100000000000000100, -6.400000000000000400, 1.600000000000000100 ) ) ;
#982 = VECTOR ( 'NONE', #983, 1000.000000000000000 ) ;
#983 = DIRECTION ( 'NONE',  ( -1.000000000000000000, 0.0000000000000000000, 0.0000000000000000000 ) ) ;
#984 = CARTESIAN_POINT ( 'NONE',  ( -3.700000000000000200, -6.400000000000000400, 1.600000000000000100 ) ) ;
#985 = FACE_OUTER_BOUND ( 'NONE', #151, .T. ) ;
#986 = CYLINDRICAL_SURFACE ( 'NONE', #987, 1.175000000000000000 ) ;
#987 = AXIS2_PLACEMENT_3D ( 'NONE', #990, #991, #992 ) ;
#988 = ORIENTED_EDGE ( 'NONE', *, *, #86, .F. ) ;
#989 = EDGE_LOOP ( 'NONE', ( #195, #240, #89, #582 ) ) ;
#990 = CARTESIAN_POINT ( 'NONE',  ( 0.0000000000000000000, 0.0000000000000000000, -3.200000000000000200 ) ) ;
#991 = DIRECTION ( 'NONE',  ( 0.0000000000000000000, 0.0000000000000000000, 1.000000000000000000 ) ) ;
#992 = DIRECTION ( 'NONE',  ( 1.000000000000000000, 0.0000000000000000000, 0.0000000000000000000 ) ) ;
#993 = CARTESIAN_POINT ( 'NONE',  ( -8.250000000000000000, 0.0000000000000000000, -3.200000000000000200 ) ) ;
#994 = LINE ( 'NONE', #995, #996 ) ;
#995 = CARTESIAN_POINT ( 'NONE',  ( -3.700000000000000200, -6.400000000000000400, 1.600000000000000100 ) ) ;
#996 = VECTOR ( 'NONE', #997, 1000.000000000000000 ) ;
#997 = DIRECTION ( 'NONE',  ( -1.355252715606880000E-016, 0.0000000000000000000, 1.000000000000000000 ) ) ;
#998 = CARTESIAN_POINT ( 'NONE',  ( -11.29999999999999900, -2.500000000000000000, -3.200000000000000200 ) ) ;
#999 = CARTESIAN_POINT ( 'NONE',  ( 1.175000000000000000, 0.0000000000000000000, -3.200000000000000200 ) ) ;
#1000 = FACE_OUTER_BOUND ( 'NONE', #1688, .T. ) ;
#1001 = PLANE ( 'NONE',  #1002 ) ;
#1002 = AXIS2_PLACEMENT_3D ( 'NONE', #1003, #1004, #1005 ) ;
#1003 = CARTESIAN_POINT ( 'NONE',  ( -13.00000000000000000, -6.400000000000000400, 1.600000000000000100 ) ) ;
#1004 = DIRECTION ( 'NONE',  ( 1.000000000000000000, -1.314184451497579500E-016, 0.0000000000000000000 ) ) ;
#1005 = DIRECTION ( 'NONE',  ( 1.314184451497579500E-016, 1.000000000000000000, 0.0000000000000000000 ) ) ;
#1006 = ORIENTED_EDGE ( 'NONE', *, *, #1656, .T. ) ;
#1007 = VERTEX_POINT ( 'NONE', #928 ) ;
#1008 = EDGE_CURVE ( 'NONE', #1007, #744, #929, .T. ) ;
#1009 = VERTEX_POINT ( 'NONE', #933 ) ;
#1010 = EDGE_LOOP ( 'NONE', ( #331, #1081, #95, #38 ) ) ;
#1011 = VERTEX_POINT ( 'NONE', #934 ) ;
#1012 = CARTESIAN_POINT ( 'NONE',  ( 1.000000000000000000, -5.000000000000000000, 1.600000000000000100 ) ) ;
#1013 = CARTESIAN_POINT ( 'NONE',  ( 1.000000000000000000, -0.5366750419289219000, -1.600000000000000100 ) ) ;
#1014 = CARTESIAN_POINT ( 'NONE',  ( -14.60000000000000000, 7.700000000000000200, -3.200000000000000200 ) ) ;
#1015 = FACE_OUTER_BOUND ( 'NONE', #123, .T. ) ;
#1016 = PLANE ( 'NONE',  #1017 ) ;
#1017 = AXIS2_PLACEMENT_3D ( 'NONE', #1018, #1019, #1020 ) ;
#1018 = CARTESIAN_POINT ( 'NONE',  ( -6.500000000000000000, 2.700000000000000200, 1.600000000000000100 ) ) ;
#1019 = DIRECTION ( 'NONE',  ( 1.000000000000000000, -9.637352644315589100E-017, 0.0000000000000000000 ) ) ;
#1020 = DIRECTION ( 'NONE',  ( 9.637352644315589100E-017, 1.000000000000000000, 0.0000000000000000000 ) ) ;
#1021 = FACE_BOUND ( 'NONE', #62, .T. ) ;
#1022 = FACE_OUTER_BOUND ( 'NONE', #1635, .T. ) ;
#1023 = PLANE ( 'NONE',  #1024 ) ;
#1024 = AXIS2_PLACEMENT_3D ( 'NONE', #1025, #1026, #1027 ) ;
#1025 = CARTESIAN_POINT ( 'NONE',  ( -14.60000000000000000, 7.700000000000000200, 3.200000000000000200 ) ) ;
#1026 = DIRECTION ( 'NONE',  ( -9.637352644315589100E-017, -1.000000000000000000, 0.0000000000000000000 ) ) ;
#1027 = DIRECTION ( 'NONE',  ( 1.000000000000000000, -9.637352644315589100E-017, 0.0000000000000000000 ) ) ;
#1028 = EDGE_LOOP ( 'NONE', ( #1640, #146, #1630, #1618 ) ) ;
#1029 = CARTESIAN_POINT ( 'NONE',  ( 1.800000000000000000, -2.500000000000000000, 3.200000000000000200 ) ) ;
#1030 = LINE ( 'NONE', #1031, #1032 ) ;
#1031 = CARTESIAN_POINT ( 'NONE',  ( -11.29999999999999900, -2.500000000000000000, -3.200000000000000200 ) ) ;
#1032 = VECTOR ( 'NONE', #1033, 1000.000000000000000 ) ;
#1033 = DIRECTION ( 'NONE',  ( 1.000000000000000000, -1.314184451497579500E-016, 0.0000000000000000000 ) ) ;
#1034 = LINE ( 'NONE', #1035, #1036 ) ;
#1035 = CARTESIAN_POINT ( 'NONE',  ( 3.600000000000000100, -6.400000000000000400, 1.600000000000000100 ) ) ;
#1036 = VECTOR ( 'NONE', #1037, 1000.000000000000000 ) ;
#1037 = DIRECTION ( 'NONE',  ( -2.710505431213760100E-016, 0.0000000000000000000, 1.000000000000000000 ) ) ;
#1038 = LINE ( 'NONE', #1039, #1040 ) ;
#1039 = CARTESIAN_POINT ( 'NONE',  ( -4.200000000000000200, -2.500000000000000000, -1.600000000000000100 ) ) ;
#1040 = VECTOR ( 'NONE', #1041, 1000.000000000000000 ) ;
#1041 = DIRECTION ( 'NONE',  ( 1.000000000000000000, 0.0000000000000000000, 4.336808689942025100E-016 ) ) ;
#1042 = LINE ( 'NONE', #1043, #1044 ) ;
#1043 = CARTESIAN_POINT ( 'NONE',  ( -6.500000000000000000, 7.700000000000000200, -1.600000000000000100 ) ) ;
#1044 = VECTOR ( 'NONE', #1047, 1000.000000000000000 ) ;
#1045 = EDGE_CURVE ( 'NONE', #227, #1639, #935, .T. ) ;
#1046 = EDGE_LOOP ( 'NONE', ( #1750, #390, #174, #236 ) ) ;
#1047 = DIRECTION ( 'NONE',  ( -1.000000000000000000, 0.0000000000000000000, 0.0000000000000000000 ) ) ;
#1048 = FACE_OUTER_BOUND ( 'NONE', #1725, .T. ) ;
#1049 = PLANE ( 'NONE',  #1050 ) ;
#1050 = AXIS2_PLACEMENT_3D ( 'NONE', #1051, #1052, #1053 ) ;
#1051 = CARTESIAN_POINT ( 'NONE',  ( -1.000000000000000000, -5.000000000000000000, -1.600000000000000100 ) ) ;
#1052 = DIRECTION ( 'NONE',  ( 0.0000000000000000000, 0.0000000000000000000, 1.000000000000000000 ) ) ;
#1053 = DIRECTION ( 'NONE',  ( 1.000000000000000000, 0.0000000000000000000, 0.0000000000000000000 ) ) ;
#1054 = FACE_OUTER_BOUND ( 'NONE', #1642, .T. ) ;
#1055 = PLANE ( 'NONE',  #1056 ) ;
#1056 = AXIS2_PLACEMENT_3D ( 'NONE', #1057, #1058, #1059 ) ;
#1057 = CARTESIAN_POINT ( 'NONE',  ( -4.200000000000000200, -6.400000000000000400, -1.600000000000000100 ) ) ;
#1058 = DIRECTION ( 'NONE',  ( -4.336808689942025100E-016, 5.699366549441399600E-032, 1.000000000000000000 ) ) ;
#1059 = DIRECTION ( 'NONE',  ( 1.000000000000000000, 0.0000000000000000000, 4.336808689942025100E-016 ) ) ;
#1060 = CARTESIAN_POINT ( 'NONE',  ( -6.500000000000000000, 7.700000000000000200, 1.600000000000000100 ) ) ;
#1061 = FACE_BOUND ( 'NONE', #1728, .T. ) ;
#1062 = FACE_BOUND ( 'NONE', #1668, .T. ) ;
#1063 = EDGE_CURVE ( 'NONE', #1660, #199, #940, .T. ) ;
#1064 = FACE_OUTER_BOUND ( 'NONE', #212, .T. ) ;
#1065 = PLANE ( 'NONE',  #1066 ) ;
#1066 = AXIS2_PLACEMENT_3D ( 'NONE', #1067, #1068, #1069 ) ;
#1067 = CARTESIAN_POINT ( 'NONE',  ( 5.200000000000000200, -2.500000000000000000, -3.200000000000000200 ) ) ;
#1068 = DIRECTION ( 'NONE',  ( 0.0000000000000000000, 0.0000000000000000000, 1.000000000000000000 ) ) ;
#1069 = DIRECTION ( 'NONE',  ( 1.000000000000000000, 0.0000000000000000000, 0.0000000000000000000 ) ) ;
#1070 = CIRCLE ( 'NONE', #1071, 1.175000000000000000 ) ;
#1071 = AXIS2_PLACEMENT_3D ( 'NONE', #1072, #1073, #1074 ) ;
#1072 = CARTESIAN_POINT ( 'NONE',  ( 0.0000000000000000000, 0.0000000000000000000, 3.200000000000000200 ) ) ;
#1073 = DIRECTION ( 'NONE',  ( 0.0000000000000000000, 0.0000000000000000000, 1.000000000000000000 ) ) ;
#1074 = DIRECTION ( 'NONE',  ( 1.000000000000000000, 0.0000000000000000000, 0.0000000000000000000 ) ) ;
#1075 = FACE_OUTER_BOUND ( 'NONE', #106, .T. ) ;
#1076 = PLANE ( 'NONE',  #1077 ) ;
#1077 = AXIS2_PLACEMENT_3D ( 'NONE', #1078, #1079, #1082 ) ;
#1078 = CARTESIAN_POINT ( 'NONE',  ( -4.899999999999999500, 7.000000000000000000, 3.200000000000000200 ) ) ;
#1079 = DIRECTION ( 'NONE',  ( -8.587739980083200000E-017, -1.000000000000000000, 0.0000000000000000000 ) ) ;
#1080 = ORIENTED_EDGE ( 'NONE', *, *, #1710, .F. ) ;
#1081 = ORIENTED_EDGE ( 'NONE', *, *, #100, .F. ) ;
#1082 = DIRECTION ( 'NONE',  ( 1.000000000000000000, -8.587739980083200000E-017, 0.0000000000000000000 ) ) ;
#1083 = CARTESIAN_POINT ( 'NONE',  ( 1.000000000000000000, -0.5366750419289219000, 1.600000000000000100 ) ) ;
#1084 = LINE ( 'NONE', #1085, #1086 ) ;
#1085 = CARTESIAN_POINT ( 'NONE',  ( -14.60000000000000000, -2.500000000000000000, -3.200000000000000200 ) ) ;
#1086 = VECTOR ( 'NONE', #1087, 1000.000000000000000 ) ;
#1087 = DIRECTION ( 'NONE',  ( -5.102127870520020000E-016, -1.000000000000000000, 0.0000000000000000000 ) ) ;
#1088 = FACE_OUTER_BOUND ( 'NONE', #1731, .T. ) ;
#1089 = PLANE ( 'NONE',  #1090 ) ;
#1090 = AXIS2_PLACEMENT_3D ( 'NONE', #1091, #1092, #1093 ) ;
#1091 = CARTESIAN_POINT ( 'NONE',  ( -12.50000000000000000, -6.400000000000000400, 1.600000000000000100 ) ) ;
#1092 = DIRECTION ( 'NONE',  ( -1.000000000000000000, 1.314184451497579500E-016, 0.0000000000000000000 ) ) ;
#1093 = DIRECTION ( 'NONE',  ( -1.314184451497579500E-016, -1.000000000000000000, 0.0000000000000000000 ) ) ;
#1094 = FACE_OUTER_BOUND ( 'NONE', #1441, .T. ) ;
#1095 = CYLINDRICAL_SURFACE ( 'NONE', #1096, 1.249999999999999300 ) ;
#1096 = AXIS2_PLACEMENT_3D ( 'NONE', #1097, #1101, #1102 ) ;
#1097 = CARTESIAN_POINT ( 'NONE',  ( -9.500000000000000000, 0.0000000000000000000, -3.200000000000000200 ) ) ;
#1098 = EDGE_CURVE ( 'NONE', #1757, #1011, #945, .T. ) ;
#1099 = VERTEX_POINT ( 'NONE', #950 ) ;
#1100 = ORIENTED_EDGE ( 'NONE', *, *, #114, .F. ) ;
#1101 = DIRECTION ( 'NONE',  ( 0.0000000000000000000, 0.0000000000000000000, 1.000000000000000000 ) ) ;
#1102 = DIRECTION ( 'NONE',  ( 1.000000000000000000, 0.0000000000000000000, 0.0000000000000000000 ) ) ;
#1103 = FACE_OUTER_BOUND ( 'NONE', #1658, .T. ) ;
#1104 = PLANE ( 'NONE',  #1105 ) ;
#1105 = AXIS2_PLACEMENT_3D ( 'NONE', #1106, #1107, #1108 ) ;
#1106 = CARTESIAN_POINT ( 'NONE',  ( -5.599999999999999600, 7.700000000000000200, 3.200000000000000200 ) ) ;
#1107 = DIRECTION ( 'NONE',  ( -0.7071067811865461300, -0.7071067811865490200, 0.0000000000000000000 ) ) ;
#1108 = DIRECTION ( 'NONE',  ( 0.7071067811865489100, -0.7071067811865460200, 0.0000000000000000000 ) ) ;
#1109 = FACE_OUTER_BOUND ( 'NONE', #971, .T. ) ;
#1110 = PLANE ( 'NONE',  #1111 ) ;
#1111 = AXIS2_PLACEMENT_3D ( 'NONE', #1112, #1113, #1114 ) ;
#1112 = CARTESIAN_POINT ( 'NONE',  ( -4.200000000000000200, -6.400000000000000400, 1.600000000000000100 ) ) ;
#1113 = DIRECTION ( 'NONE',  ( 1.000000000000000000, -1.314184451497579500E-016, 2.710505431213760100E-016 ) ) ;
#1114 = DIRECTION ( 'NONE',  ( 2.710505431213760100E-016, 0.0000000000000000000, -1.000000000000000000 ) ) ;
#1115 = FACE_OUTER_BOUND ( 'NONE', #116, .T. ) ;
#1116 = PLANE ( 'NONE',  #1118 ) ;
#1117 = ORIENTED_EDGE ( 'NONE', *, *, #101, .T. ) ;
#1118 = AXIS2_PLACEMENT_3D ( 'NONE', #1119, #1120, #1121 ) ;
#1119 = CARTESIAN_POINT ( 'NONE',  ( -4.200000000000000200, -6.400000000000000400, -1.600000000000000100 ) ) ;
#1120 = DIRECTION ( 'NONE',  ( 0.0000000000000000000, -1.000000000000000000, 0.0000000000000000000 ) ) ;
#1121 = DIRECTION ( 'NONE',  ( 0.0000000000000000000, 0.0000000000000000000, -1.000000000000000000 ) ) ;
#1122 = LINE ( 'NONE', #1123, #1124 ) ;
#1123 = CARTESIAN_POINT ( 'NONE',  ( 5.200000000000000200, 7.000000000000000000, -3.200000000000000200 ) ) ;
#1124 = VECTOR ( 'NONE', #1125, 1000.000000000000000 ) ;
#1125 = DIRECTION ( 'NONE',  ( -1.826024711554534900E-016, 1.000000000000000000, 0.0000000000000000000 ) ) ;
#1126 = CARTESIAN_POINT ( 'NONE',  ( -5.599999999999999600, 7.700000000000000200, -3.200000000000000200 ) ) ;
#1127 = CARTESIAN_POINT ( 'NONE',  ( -4.899999999999999500, 7.000000000000000000, 3.200000000000000200 ) ) ;
#1128 = CARTESIAN_POINT ( 'NONE',  ( 5.200000000000000200, -2.500000000000000000, 3.200000000000000200 ) ) ;
#1129 = LINE ( 'NONE', #1130, #1131 ) ;
#1130 = CARTESIAN_POINT ( 'NONE',  ( 3.600000000000000100, -6.400000000000000400, 1.600000000000000100 ) ) ;
#1131 = VECTOR ( 'NONE', #1132, 1000.000000000000000 ) ;
#1132 = DIRECTION ( 'NONE',  ( 1.314184451497579500E-016, 1.000000000000000000, 0.0000000000000000000 ) ) ;
#1133 = LINE ( 'NONE', #1135, #1136 ) ;
#1134 = EDGE_CURVE ( 'NONE', #1171, #196, #957, .T. ) ;
#1135 = CARTESIAN_POINT ( 'NONE',  ( -13.00000000000000000, -6.400000000000000400, 1.600000000000000100 ) ) ;
#1136 = VECTOR ( 'NONE', #1137, 1000.000000000000000 ) ;
#1137 = DIRECTION ( 'NONE',  ( -1.000000000000000000, 0.0000000000000000000, 0.0000000000000000000 ) ) ;
#1138 = CARTESIAN_POINT ( 'NONE',  ( -14.60000000000000000, -2.500000000000000000, -3.200000000000000200 ) ) ;
#1139 = LINE ( 'NONE', #1140, #1141 ) ;
#1140 = CARTESIAN_POINT ( 'NONE',  ( 5.200000000000000200, -2.500000000000000000, 3.200000000000000200 ) ) ;
#1141 = VECTOR ( 'NONE', #1142, 1000.000000000000000 ) ;
#1142 = DIRECTION ( 'NONE',  ( 0.0000000000000000000, 0.0000000000000000000, -1.000000000000000000 ) ) ;
#1143 = FACE_OUTER_BOUND ( 'NONE', #1621, .T. ) ;
#1144 = PLANE ( 'NONE',  #1145 ) ;
#1145 = AXIS2_PLACEMENT_3D ( 'NONE', #1146, #1147, #1148 ) ;
#1146 = CARTESIAN_POINT ( 'NONE',  ( -13.00000000000000000, -6.400000000000000400, 1.600000000000000100 ) ) ;
#1147 = DIRECTION ( 'NONE',  ( 0.0000000000000000000, 0.0000000000000000000, -1.000000000000000000 ) ) ;
#1148 = DIRECTION ( 'NONE',  ( -1.000000000000000000, 0.0000000000000000000, 0.0000000000000000000 ) ) ;
#1149 = CARTESIAN_POINT ( 'NONE',  ( -11.29999999999999900, -2.500000000000000000, 3.200000000000000200 ) ) ;
#1150 = LINE ( 'NONE', #1153, #1154 ) ;
#1151 = ORIENTED_EDGE ( 'NONE', *, *, #115, .T. ) ;
#1152 = VERTEX_POINT ( 'NONE', #961 ) ;
#1153 = CARTESIAN_POINT ( 'NONE',  ( -14.60000000000000000, -2.500000000000000000, 3.200000000000000200 ) ) ;
#1154 = VECTOR ( 'NONE', #1155, 1000.000000000000000 ) ;
#1155 = DIRECTION ( 'NONE',  ( -5.102127870520020000E-016, -1.000000000000000000, 0.0000000000000000000 ) ) ;
#1156 = LINE ( 'NONE', #1157, #1158 ) ;
#1157 = CARTESIAN_POINT ( 'NONE',  ( 3.100000000000000100, -6.400000000000000400, -1.600000000000000100 ) ) ;
#1158 = VECTOR ( 'NONE', #1159, 1000.000000000000000 ) ;
#1159 = DIRECTION ( 'NONE',  ( 1.000000000000000000, 0.0000000000000000000, 0.0000000000000000000 ) ) ;
#1160 = FACE_OUTER_BOUND ( 'NONE', #1686, .T. ) ;
#1161 = PLANE ( 'NONE',  #1162 ) ;
#1162 = AXIS2_PLACEMENT_3D ( 'NONE', #1163, #1164, #1165 ) ;
#1163 = CARTESIAN_POINT ( 'NONE',  ( -1.399999999999999900, -2.899999999999999900, 3.200000000000000200 ) ) ;
#1164 = DIRECTION ( 'NONE',  ( 0.7071067811865455700, 0.7071067811865495700, 0.0000000000000000000 ) ) ;
#1165 = DIRECTION ( 'NONE',  ( -0.7071067811865494600, 0.7071067811865454600, 0.0000000000000000000 ) ) ;
#1166 = LINE ( 'NONE', #1167, #1168 ) ;
#1167 = CARTESIAN_POINT ( 'NONE',  ( 3.600000000000000100, -6.400000000000000400, -1.600000000000000100 ) ) ;
#1168 = VECTOR ( 'NONE', #1172, 1000.000000000000000 ) ;
#1169 = EDGE_CURVE ( 'NONE', #1671, #602, #966, .T. ) ;
#1170 = ORIENTED_EDGE ( 'NONE', *, *, #1560, .T. ) ;
#1171 = VERTEX_POINT ( 'NONE', #975 ) ;
#1172 = DIRECTION ( 'NONE',  ( 1.314184451497579500E-016, 1.000000000000000000, 0.0000000000000000000 ) ) ;
#1173 = CARTESIAN_POINT ( 'NONE',  ( -3.700000000000000200, -6.400000000000000400, -1.600000000000000100 ) ) ;
#1174 = CARTESIAN_POINT ( 'NONE',  ( -9.926468052730799100, -1.175000000000000000, -3.200000000000000200 ) ) ;
#1175 = FACE_OUTER_BOUND ( 'NONE', #1772, .T. ) ;
#1176 = PLANE ( 'NONE',  #1177 ) ;
#1177 = AXIS2_PLACEMENT_3D ( 'NONE', #1178, #1179, #1180 ) ;
#1178 = CARTESIAN_POINT ( 'NONE',  ( -6.500000000000000000, 2.700000000000000200, -1.600000000000000100 ) ) ;
#1179 = DIRECTION ( 'NONE',  ( 0.0000000000000000000, 1.000000000000000000, 0.0000000000000000000 ) ) ;
#1180 = DIRECTION ( 'NONE',  ( 0.0000000000000000000, 0.0000000000000000000, 1.000000000000000000 ) ) ;
#1181 = LINE ( 'NONE', #1182, #1183 ) ;
#1182 = CARTESIAN_POINT ( 'NONE',  ( -8.099999999999999600, -2.899999999999999900, -3.200000000000000200 ) ) ;
#1183 = VECTOR ( 'NONE', #1184, 1000.000000000000000 ) ;
#1184 = DIRECTION ( 'NONE',  ( 1.000000000000000000, 1.548860246407859900E-016, 0.0000000000000000000 ) ) ;
#1185 = FACE_OUTER_BOUND ( 'NONE', #1685, .T. ) ;
#1186 = CYLINDRICAL_SURFACE ( 'NONE', #1187, 1.249999999999999300 ) ;
#1187 = AXIS2_PLACEMENT_3D ( 'NONE', #1190, #1191, #1192 ) ;
#1188 = ORIENTED_EDGE ( 'NONE', *, *, #1710, .T. ) ;
#1189 = VERTEX_POINT ( 'NONE', #984 ) ;
#1190 = CARTESIAN_POINT ( 'NONE',  ( -9.500000000000000000, 0.0000000000000000000, -3.200000000000000200 ) ) ;
#1191 = DIRECTION ( 'NONE',  ( 0.0000000000000000000, 0.0000000000000000000, 1.000000000000000000 ) ) ;
#1192 = DIRECTION ( 'NONE',  ( 1.000000000000000000, 0.0000000000000000000, 0.0000000000000000000 ) ) ;
#1193 = CARTESIAN_POINT ( 'NONE',  ( 1.800000000000000000, -2.500000000000000000, -3.200000000000000200 ) ) ;
#1194 = FACE_OUTER_BOUND ( 'NONE', #989, .T. ) ;
#1195 = PLANE ( 'NONE',  #1196 ) ;
#1196 = AXIS2_PLACEMENT_3D ( 'NONE', #1197, #1198, #1199 ) ;
#1197 = CARTESIAN_POINT ( 'NONE',  ( -13.00000000000000000, -6.400000000000000400, -1.600000000000000100 ) ) ;
#1198 = DIRECTION ( 'NONE',  ( 0.0000000000000000000, 0.0000000000000000000, 1.000000000000000000 ) ) ;
#1199 = DIRECTION ( 'NONE',  ( 1.000000000000000000, 0.0000000000000000000, 0.0000000000000000000 ) ) ;
#1200 = FACE_OUTER_BOUND ( 'NONE', #92, .T. ) ;
#1201 = PLANE ( 'NONE',  #1202 ) ;
#1202 = AXIS2_PLACEMENT_3D ( 'NONE', #1203, #1204, #1205 ) ;
#1203 = CARTESIAN_POINT ( 'NONE',  ( -4.200000000000000200, -6.400000000000000400, 1.600000000000000100 ) ) ;
#1204 = DIRECTION ( 'NONE',  ( 0.0000000000000000000, 0.0000000000000000000, -1.000000000000000000 ) ) ;
#1205 = DIRECTION ( 'NONE',  ( -1.000000000000000000, 0.0000000000000000000, 0.0000000000000000000 ) ) ;
#1206 = VERTEX_POINT ( 'NONE', #993 ) ;
#1207 = CARTESIAN_POINT ( 'NONE',  ( -12.50000000000000000, -6.400000000000000400, 1.600000000000000100 ) ) ;
#1208 = LINE ( 'NONE', #1209, #1210 ) ;
#1209 = CARTESIAN_POINT ( 'NONE',  ( -1.399999999999999900, -2.899999999999999900, 3.200000000000000200 ) ) ;
#1210 = VECTOR ( 'NONE', #1211, 1000.000000000000100 ) ;
#1211 = DIRECTION ( 'NONE',  ( 0.7071067811865495700, -0.7071067811865455700, 0.0000000000000000000 ) ) ;
#1212 = LINE ( 'NONE', #1213, #1214 ) ;
#1213 = CARTESIAN_POINT ( 'NONE',  ( 5.200000000000000200, 7.000000000000000000, 3.200000000000000200 ) ) ;
#1214 = VECTOR ( 'NONE', #1215, 1000.000000000000000 ) ;
#1215 = DIRECTION ( 'NONE',  ( -1.826024711554534900E-016, 1.000000000000000000, 0.0000000000000000000 ) ) ;
#1216 = LINE ( 'NONE', #1217, #1218 ) ;
#1217 = CARTESIAN_POINT ( 'NONE',  ( -9.073531947269209800, -1.175000000000000000, -3.200000000000000200 ) ) ;
#1218 = VECTOR ( 'NONE', #1219, 1000.000000000000000 ) ;
#1219 = DIRECTION ( 'NONE',  ( 0.0000000000000000000, 0.0000000000000000000, 1.000000000000000000 ) ) ;
#1220 = CIRCLE ( 'NONE', #1221, 1.175000000000000000 ) ;
#1221 = AXIS2_PLACEMENT_3D ( 'NONE', #1222, #1225, #1226 ) ;
#1222 = CARTESIAN_POINT ( 'NONE',  ( 0.0000000000000000000, 0.0000000000000000000, -3.200000000000000200 ) ) ;
#1223 = ORIENTED_EDGE ( 'NONE', *, *, #1748, .T. ) ;
#1224 = VERTEX_POINT ( 'NONE', #998 ) ;
#1225 = DIRECTION ( 'NONE',  ( 0.0000000000000000000, 0.0000000000000000000, 1.000000000000000000 ) ) ;
#1226 = DIRECTION ( 'NONE',  ( 1.000000000000000000, 0.0000000000000000000, 0.0000000000000000000 ) ) ;
#1227 = CIRCLE ( 'NONE', #1228, 1.249999999999999300 ) ;
#1228 = AXIS2_PLACEMENT_3D ( 'NONE', #1229, #1230, #1231 ) ;
#1229 = CARTESIAN_POINT ( 'NONE',  ( -9.500000000000000000, 0.0000000000000000000, 3.200000000000000200 ) ) ;
#1230 = DIRECTION ( 'NONE',  ( 0.0000000000000000000, 0.0000000000000000000, 1.000000000000000000 ) ) ;
#1231 = DIRECTION ( 'NONE',  ( 1.000000000000000000, 0.0000000000000000000, 0.0000000000000000000 ) ) ;
#1232 = CARTESIAN_POINT ( 'NONE',  ( -8.500000000000000000, 7.700000000000000200, 1.600000000000000100 ) ) ;
#1233 = LINE ( 'NONE', #1234, #1235 ) ;
#1234 = CARTESIAN_POINT ( 'NONE',  ( -11.29999999999999900, -2.500000000000000000, 3.200000000000000200 ) ) ;
#1235 = VECTOR ( 'NONE', #1236, 1000.000000000000000 ) ;
#1236 = DIRECTION ( 'NONE',  ( 0.0000000000000000000, 0.0000000000000000000, -1.000000000000000000 ) ) ;
#1237 = CARTESIAN_POINT ( 'NONE',  ( -8.500000000000000000, 2.700000000000000200, 1.600000000000000100 ) ) ;
#1238 = FACE_OUTER_BOUND ( 'NONE', #653, .T. ) ;
#1239 = PLANE ( 'NONE',  #1240 ) ;
#1240 = AXIS2_PLACEMENT_3D ( 'NONE', #1244, #1245, #1246 ) ;
#1241 = ORIENTED_EDGE ( 'NONE', *, *, #56, .F. ) ;
#1242 = VERTEX_POINT ( 'NONE', #999 ) ;
#1243 = EDGE_LOOP ( 'NONE', ( #105, #186, #163, #1623 ) ) ;
#1244 = CARTESIAN_POINT ( 'NONE',  ( 3.100000000000000100, -6.400000000000000400, 1.600000000000000100 ) ) ;
#1245 = DIRECTION ( 'NONE',  ( 0.0000000000000000000, 0.0000000000000000000, -1.000000000000000000 ) ) ;
#1246 = DIRECTION ( 'NONE',  ( -1.000000000000000000, 0.0000000000000000000, 0.0000000000000000000 ) ) ;
#1247 = LINE ( 'NONE', #1248, #1249 ) ;
#1248 = CARTESIAN_POINT ( 'NONE',  ( -8.250000000000000000, 0.0000000000000000000, -3.200000000000000200 ) ) ;
#1249 = VECTOR ( 'NONE', #1250, 1000.000000000000000 ) ;
#1250 = DIRECTION ( 'NONE',  ( 0.0000000000000000000, 0.0000000000000000000, 1.000000000000000000 ) ) ;
#1251 = LINE ( 'NONE', #1252, #1253 ) ;
#1252 = CARTESIAN_POINT ( 'NONE',  ( 1.175000000000000000, 0.0000000000000000000, -3.200000000000000200 ) ) ;
#1253 = VECTOR ( 'NONE', #1254, 1000.000000000000000 ) ;
#1254 = DIRECTION ( 'NONE',  ( 0.0000000000000000000, 0.0000000000000000000, 1.000000000000000000 ) ) ;
#1255 = FACE_OUTER_BOUND ( 'NONE', #688, .T. ) ;
#1256 = PLANE ( 'NONE',  #1257 ) ;
#1257 = AXIS2_PLACEMENT_3D ( 'NONE', #1258, #1259, #1263 ) ;
#1258 = CARTESIAN_POINT ( 'NONE',  ( 1.000000000000000000, 0.0000000000000000000, 1.600000000000000100 ) ) ;
#1259 = DIRECTION ( 'NONE',  ( -1.000000000000000000, 4.336808689942019600E-017, 0.0000000000000000000 ) ) ;
#1260 = ADVANCED_FACE ( 'NONE', ( #1000 ), #1001, .F. ) ;
#1261 = ORIENTED_EDGE ( 'NONE', *, *, #548, .F. ) ;
#1262 = VERTEX_POINT ( 'NONE', #1012 ) ;
#1263 = DIRECTION ( 'NONE',  ( -4.336808689942019600E-017, -1.000000000000000000, 0.0000000000000000000 ) ) ;
#1264 =( LENGTH_UNIT ( ) NAMED_UNIT ( * ) SI_UNIT ( .MILLI., .METRE. ) );
#1265 =( NAMED_UNIT ( * ) PLANE_ANGLE_UNIT ( ) SI_UNIT ( $, .RADIAN. ) );
#1266 =( NAMED_UNIT ( * ) SI_UNIT ( $, .STERADIAN. ) SOLID_ANGLE_UNIT ( ) );
#1267 = UNCERTAINTY_MEASURE_WITH_UNIT (LENGTH_MEASURE( 1.000000000000000100E-005 ), #1264, 'distance_accuracy_value', 'NONE');
#1268 =( GEOMETRIC_REPRESENTATION_CONTEXT ( 3 ) GLOBAL_UNCERTAINTY_ASSIGNED_CONTEXT ( ( #1267 ) ) GLOBAL_UNIT_ASSIGNED_CONTEXT ( ( #1264, #1265, #1266 ) ) REPRESENTATION_CONTEXT ( 'NONE', 'WORKASPACE' ) );
#1269 = ADVANCED_BREP_SHAPE_REPRESENTATION ( '', ( #218, #1270 ), #1268 ) ;
#1270 = AXIS2_PLACEMENT_3D ( 'NONE', #1271, #1272, #1273 ) ;
#1271 = CARTESIAN_POINT ( 'NONE',  ( 0.0000000000000000000, 0.0000000000000000000, 0.0000000000000000000 ) ) ;
#1272 = DIRECTION ( 'NONE',  ( 0.0000000000000000000, 0.0000000000000000000, 1.000000000000000000 ) ) ;
#1273 = DIRECTION ( 'NONE',  ( 1.000000000000000000, 0.0000000000000000000, 0.0000000000000000000 ) ) ;
#1274 = SHAPE_REPRESENTATION ( 'SS_5D_BASE', ( #1270 ), #1268 ) ;
#1275 = SHAPE_REPRESENTATION_RELATIONSHIP ( 'NONE' , 'NONE' ,  #1274, #1269 ) ;
#1276 =( LENGTH_UNIT ( ) NAMED_UNIT ( * ) SI_UNIT ( .MILLI., .METRE. ) );
#1277 =( NAMED_UNIT ( * ) PLANE_ANGLE_UNIT ( ) SI_UNIT ( $, .RADIAN. ) );
#1278 =( NAMED_UNIT ( * ) SI_UNIT ( $, .STERADIAN. ) SOLID_ANGLE_UNIT ( ) );
#1279 = EDGE_LOOP ( 'NONE', ( #155, #71 ) ) ;
#1280 = VERTEX_POINT ( 'NONE', #1013 ) ;
#1281 = VERTEX_POINT ( 'NONE', #1014 ) ;
#1282 = UNCERTAINTY_MEASURE_WITH_UNIT (LENGTH_MEASURE( 1.000000000000000100E-005 ), #1276, 'distance_accuracy_value', 'NONE');
#1283 =( GEOMETRIC_REPRESENTATION_CONTEXT ( 3 ) GLOBAL_UNCERTAINTY_ASSIGNED_CONTEXT ( ( #1282 ) ) GLOBAL_UNIT_ASSIGNED_CONTEXT ( ( #1276, #1277, #1278 ) ) REPRESENTATION_CONTEXT ( 'NONE', 'WORKASPACE' ) );
#1284 = ADVANCED_BREP_SHAPE_REPRESENTATION ( '', ( #91, #1270 ), #1283 ) ;
#1285 = SHAPE_REPRESENTATION ( 'SS_5D_ACTUATOR', ( #1270 ), #1283 ) ;
#1286 = SHAPE_REPRESENTATION_RELATIONSHIP ( 'NONE' , 'NONE' ,  #1285, #1284 ) ;
#1287 = SHAPE_REPRESENTATION ( 'SS_5D', ( #1307, #1292, #1296 ), #1306 ) ;
#1288 = AXIS2_PLACEMENT_3D ( 'NONE', #1289, #1290, #1291 ) ;
#1289 = CARTESIAN_POINT ( 'NONE',  ( 0.0000000000000000000, 0.0000000000000000000, 0.0000000000000000000 ) ) ;
#1290 = DIRECTION ( 'NONE',  ( 0.0000000000000000000, 0.0000000000000000000, 1.000000000000000000 ) ) ;
#1291 = DIRECTION ( 'NONE',  ( 1.000000000000000000, 0.0000000000000000000, 0.0000000000000000000 ) ) ;
#1292 = AXIS2_PLACEMENT_3D ( 'NONE', #1293, #1294, #1295 ) ;
#1293 = CARTESIAN_POINT ( 'NONE',  ( 0.0000000000000000000, 0.0000000000000000000, 0.0000000000000000000 ) ) ;
#1294 = DIRECTION ( 'NONE',  ( 0.0000000000000000000, 0.0000000000000000000, 1.000000000000000000 ) ) ;
#1295 = DIRECTION ( 'NONE',  ( 1.000000000000000000, 0.0000000000000000000, 0.0000000000000000000 ) ) ;
#1296 = AXIS2_PLACEMENT_3D ( 'NONE', #1297, #1300, #1301 ) ;
#1297 = CARTESIAN_POINT ( 'NONE',  ( -7.499999999999997300, 8.900000000000000400, 8.673617379884035500E-016 ) ) ;
#1298 = ORIENTED_EDGE ( 'NONE', *, *, #1755, .F. ) ;
#1299 = ORIENTED_EDGE ( 'NONE', *, *, #144, .T. ) ;
#1300 = DIRECTION ( 'NONE',  ( 0.0000000000000000000, 0.0000000000000000000, 1.000000000000000000 ) ) ;
#1301 = DIRECTION ( 'NONE',  ( 1.000000000000000000, 0.0000000000000000000, 0.0000000000000000000 ) ) ;
#1302 =( LENGTH_UNIT ( ) NAMED_UNIT ( * ) SI_UNIT ( .MILLI., .METRE. ) );
#1303 =( NAMED_UNIT ( * ) PLANE_ANGLE_UNIT ( ) SI_UNIT ( $, .RADIAN. ) );
#1304 =( NAMED_UNIT ( * ) SI_UNIT ( $, .STERADIAN. ) SOLID_ANGLE_UNIT ( ) );
#1305 = UNCERTAINTY_MEASURE_WITH_UNIT (LENGTH_MEASURE( 1.000000000000000100E-005 ), #1302, 'distance_accuracy_value', 'NONE');
#1306 =( GEOMETRIC_REPRESENTATION_CONTEXT ( 3 ) GLOBAL_UNCERTAINTY_ASSIGNED_CONTEXT ( ( #1305 ) ) GLOBAL_UNIT_ASSIGNED_CONTEXT ( ( #1302, #1303, #1304 ) ) REPRESENTATION_CONTEXT ( 'NONE', 'WORKASPACE' ) );
#1307 = AXIS2_PLACEMENT_3D ( 'NONE', #1308, #1309, #1310 ) ;
#1308 = CARTESIAN_POINT ( 'NONE',  ( 0.0000000000000000000, 0.0000000000000000000, 0.0000000000000000000 ) ) ;
#1309 = DIRECTION ( 'NONE',  ( 0.0000000000000000000, 0.0000000000000000000, 1.000000000000000000 ) ) ;
#1310 = DIRECTION ( 'NONE',  ( 1.000000000000000000, 0.0000000000000000000, 0.0000000000000000000 ) ) ;
#1311 = APPLICATION_CONTEXT ( 'configuration controlled 3d designs of mechanical parts and assemblies' ) ;
#1312 = APPLICATION_PROTOCOL_DEFINITION ( 'international standard', 'config_control_design', 1994, #1311 ) ;
#1313 = MECHANICAL_CONTEXT ( 'NONE', #1311, 'mechanical' ) ;
#1314 = PRODUCT ( 'SS_5D', 'SS_5D', '', ( #1313 ) ) ;
#1315 = PERSON ( 'UNSPECIFIED', 'UNSPECIFIED', 'UNSPECIFIED', ('UNSPECIFIED'), ('UNSPECIFIED'), ('UNSPECIFIED') ) ;
#1316 = ORIENTED_EDGE ( 'NONE', *, *, #291, .T. ) ;
#1317 = ORGANIZATION ( 'UNSPECIFIED', 'UNSPECIFIED', '' ) ;
#1318 = PERSON_AND_ORGANIZATION ( #1315, #1317 ) ;
#1319 = PERSON_AND_ORGANIZATION_ROLE ( 'design_owner' ) ;
#1320 = CC_DESIGN_PERSON_AND_ORGANIZATION_ASSIGNMENT ( #1318, #1319, ( #1314 ) ) ;
#1321 = APPLICATION_CONTEXT ( 'configuration controlled 3d designs of mechanical parts and assemblies' ) ;
#1322 = APPLICATION_PROTOCOL_DEFINITION ( 'international standard', 'config_control_design', 1994, #1321 ) ;
#1323 = DESIGN_CONTEXT ( 'detailed design', #1321, 'design' ) ;
#1324 = PRODUCT_DEFINITION ( 'UNKNOWN', '', #1347, #1323 ) ;
#1325 = PERSON_AND_ORGANIZATION ( #1315, #1317 ) ;
#1326 = APPROVAL_STATUS ( 'not_yet_approved' ) ;
#1327 = APPROVAL ( #1326, 'UNSPECIFIED' ) ;
#1328 = APPROVAL_ROLE ( '' ) ;
#1329 = APPROVAL_PERSON_ORGANIZATION ( #1325, #1327, #1328 ) ;
#1330 = COORDINATED_UNIVERSAL_TIME_OFFSET ( 9, 0, .AHEAD. ) ;
#1331 = LOCAL_TIME ( 4, 13, 14.00000000000000000, #1330 ) ;
#1332 = CALENDAR_DATE ( 2011, 20, 2 ) ;
#1333 = ADVANCED_FACE ( 'NONE', ( #1021, #1022 ), #1023, .F. ) ;
#1334 = EDGE_LOOP ( 'NONE', ( #1477, #32, #1751, #250 ) ) ;
#1335 = DATE_AND_TIME ( #1332, #1331 ) ;
#1336 = APPROVAL_DATE_TIME ( #1335, #1327 ) ;
#1337 = CC_DESIGN_APPROVAL ( #1327, ( #1324 ) ) ;
#1338 = PERSON_AND_ORGANIZATION ( #1315, #1317 ) ;
#1339 = PERSON_AND_ORGANIZATION_ROLE ( 'creator' ) ;
#1340 = CC_DESIGN_PERSON_AND_ORGANIZATION_ASSIGNMENT ( #1338, #1339, ( #1324 ) ) ;
#1341 = COORDINATED_UNIVERSAL_TIME_OFFSET ( 9, 0, .AHEAD. ) ;
#1342 = LOCAL_TIME ( 4, 13, 14.00000000000000000, #1341 ) ;
#1343 = CALENDAR_DATE ( 2011, 20, 2 ) ;
#1344 = DATE_AND_TIME ( #1343, #1342 ) ;
#1345 = DATE_TIME_ROLE ( 'creation_date' ) ;
#1346 = CC_DESIGN_DATE_AND_TIME_ASSIGNMENT ( #1344, #1345, ( #1324 ) ) ;
#1347 = PRODUCT_DEFINITION_FORMATION_WITH_SPECIFIED_SOURCE ( 'ANY', '', #1314, .NOT_KNOWN. ) ;
#1348 = PERSON_AND_ORGANIZATION ( #1315, #1317 ) ;
#1349 = APPROVAL_STATUS ( 'not_yet_approved' ) ;
#1350 = APPROVAL ( #1349, 'UNSPECIFIED' ) ;
#1351 = VERTEX_POINT ( 'NONE', #1029 ) ;
#1352 = APPROVAL_ROLE ( '' ) ;
#1353 = APPROVAL_PERSON_ORGANIZATION ( #1348, #1350, #1352 ) ;
#1354 = COORDINATED_UNIVERSAL_TIME_OFFSET ( 9, 0, .AHEAD. ) ;
#1355 = LOCAL_TIME ( 4, 13, 14.00000000000000000, #1354 ) ;
#1356 = CALENDAR_DATE ( 2011, 20, 2 ) ;
#1357 = DATE_AND_TIME ( #1356, #1355 ) ;
#1358 = APPROVAL_DATE_TIME ( #1357, #1350 ) ;
#1359 = CC_DESIGN_APPROVAL ( #1350, ( #1347 ) ) ;
#1360 = PERSON_AND_ORGANIZATION ( #1315, #1317 ) ;
#1361 = PERSON_AND_ORGANIZATION_ROLE ( 'creator' ) ;
#1362 = CC_DESIGN_PERSON_AND_ORGANIZATION_ASSIGNMENT ( #1360, #1361, ( #1347 ) ) ;
#1363 = PERSON_AND_ORGANIZATION ( #1315, #1317 ) ;
#1364 = PERSON_AND_ORGANIZATION_ROLE ( 'design_supplier' ) ;
#1365 = CC_DESIGN_PERSON_AND_ORGANIZATION_ASSIGNMENT ( #1363, #1364, ( #1347 ) ) ;
#1366 = SECURITY_CLASSIFICATION_LEVEL ( 'unclassified' ) ;
#1367 = SECURITY_CLASSIFICATION ( '', '', #1366 ) ;
#1368 = EDGE_CURVE ( 'NONE', #6, #954, #1038, .T. ) ;
#1369 = PERSON_AND_ORGANIZATION ( #1315, #1317 ) ;
#1370 = PERSON_AND_ORGANIZATION_ROLE ( 'classification_officer' ) ;
#1371 = CC_DESIGN_PERSON_AND_ORGANIZATION_ASSIGNMENT ( #1369, #1370, ( #1367 ) ) ;
#1372 = COORDINATED_UNIVERSAL_TIME_OFFSET ( 9, 0, .AHEAD. ) ;
#1373 = LOCAL_TIME ( 4, 13, 14.00000000000000000, #1372 ) ;
#1374 = CALENDAR_DATE ( 2011, 20, 2 ) ;
#1375 = DATE_AND_TIME ( #1374, #1373 ) ;
#1376 = DATE_TIME_ROLE ( 'classification_date' ) ;
#1377 = CC_DESIGN_DATE_AND_TIME_ASSIGNMENT ( #1375, #1376, ( #1367 ) ) ;
#1378 = PERSON_AND_ORGANIZATION ( #1315, #1317 ) ;
#1379 = APPROVAL_STATUS ( 'not_yet_approved' ) ;
#1380 = APPROVAL ( #1379, 'UNSPECIFIED' ) ;
#1381 = APPROVAL_ROLE ( '' ) ;
#1382 = APPROVAL_PERSON_ORGANIZATION ( #1378, #1380, #1381 ) ;
#1383 = COORDINATED_UNIVERSAL_TIME_OFFSET ( 9, 0, .AHEAD. ) ;
#1384 = LOCAL_TIME ( 4, 13, 14.00000000000000000, #1383 ) ;
#1385 = ADVANCED_FACE ( 'NONE', ( #1048 ), #1049, .F. ) ;
#1386 = ADVANCED_FACE ( 'NONE', ( #1054 ), #1055, .F. ) ;
#1387 = CALENDAR_DATE ( 2011, 20, 2 ) ;
#1388 = DATE_AND_TIME ( #1387, #1384 ) ;
#1389 = APPROVAL_DATE_TIME ( #1388, #1380 ) ;
#1390 = CC_DESIGN_APPROVAL ( #1380, ( #1367 ) ) ;
#1391 = CC_DESIGN_SECURITY_CLASSIFICATION ( #1367, ( #1347 ) ) ;
#1392 = PRODUCT_RELATED_PRODUCT_CATEGORY ( 'detail', '', ( #1314 ) ) ;
#1393 = PRODUCT_DEFINITION_SHAPE ( 'NONE', 'NONE',  #1324 ) ;
#1394 = SHAPE_DEFINITION_REPRESENTATION ( #1393, #1287 ) ;
#1395 = APPLICATION_CONTEXT ( 'configuration controlled 3d designs of mechanical parts and assemblies' ) ;
#1396 = APPLICATION_PROTOCOL_DEFINITION ( 'international standard', 'config_control_design', 1994, #1395 ) ;
#1397 = MECHANICAL_CONTEXT ( 'NONE', #1395, 'mechanical' ) ;
#1398 = PRODUCT ( 'SS_5D_ACTUATOR', 'SS_5D_ACTUATOR', '', ( #1397 ) ) ;
#1399 = PERSON_AND_ORGANIZATION ( #1315, #1317 ) ;
#1400 = PERSON_AND_ORGANIZATION_ROLE ( 'design_owner' ) ;
#1401 = CC_DESIGN_PERSON_AND_ORGANIZATION_ASSIGNMENT ( #1399, #1400, ( #1398 ) ) ;
#1402 = APPLICATION_CONTEXT ( 'configuration controlled 3d designs of mechanical parts and assemblies' ) ;
#1403 = ORIENTED_EDGE ( 'NONE', *, *, #204, .F. ) ;
#1404 = ORIENTED_EDGE ( 'NONE', *, *, #348, .F. ) ;
#1405 = APPLICATION_PROTOCOL_DEFINITION ( 'international standard', 'config_control_design', 1994, #1402 ) ;
#1406 = DESIGN_CONTEXT ( 'detailed design', #1402, 'design' ) ;
#1407 = PRODUCT_DEFINITION ( 'UNKNOWN', '', #1431, #1406 ) ;
#1408 = PERSON_AND_ORGANIZATION ( #1315, #1317 ) ;
#1409 = APPROVAL_STATUS ( 'not_yet_approved' ) ;
#1410 = APPROVAL ( #1409, 'UNSPECIFIED' ) ;
#1411 = APPROVAL_ROLE ( '' ) ;
#1412 = APPROVAL_PERSON_ORGANIZATION ( #1408, #1410, #1411 ) ;
#1413 = COORDINATED_UNIVERSAL_TIME_OFFSET ( 9, 0, .AHEAD. ) ;
#1414 = LOCAL_TIME ( 4, 13, 14.00000000000000000, #1413 ) ;
#1415 = CALENDAR_DATE ( 2011, 20, 2 ) ;
#1416 = DATE_AND_TIME ( #1415, #1414 ) ;
#1417 = APPROVAL_DATE_TIME ( #1416, #1410 ) ;
#1418 = CC_DESIGN_APPROVAL ( #1410, ( #1407 ) ) ;
#1419 = PERSON_AND_ORGANIZATION ( #1315, #1317 ) ;
#1420 = PERSON_AND_ORGANIZATION_ROLE ( 'creator' ) ;
#1421 = ORIENTED_EDGE ( 'NONE', *, *, #189, .F. ) ;
#1422 = VERTEX_POINT ( 'NONE', #1083 ) ;
#1423 = ORIENTED_EDGE ( 'NONE', *, *, #865, .T. ) ;
#1424 = CC_DESIGN_PERSON_AND_ORGANIZATION_ASSIGNMENT ( #1419, #1420, ( #1407 ) ) ;
#1425 = COORDINATED_UNIVERSAL_TIME_OFFSET ( 9, 0, .AHEAD. ) ;
#1426 = LOCAL_TIME ( 4, 13, 14.00000000000000000, #1425 ) ;
#1427 = CALENDAR_DATE ( 2011, 20, 2 ) ;
#1428 = DATE_AND_TIME ( #1427, #1426 ) ;
#1429 = DATE_TIME_ROLE ( 'creation_date' ) ;
#1430 = CC_DESIGN_DATE_AND_TIME_ASSIGNMENT ( #1428, #1429, ( #1407 ) ) ;
#1431 = PRODUCT_DEFINITION_FORMATION_WITH_SPECIFIED_SOURCE ( 'ANY', '', #1398, .NOT_KNOWN. ) ;
#1432 = PERSON_AND_ORGANIZATION ( #1315, #1317 ) ;
#1433 = APPROVAL_STATUS ( 'not_yet_approved' ) ;
#1434 = APPROVAL ( #1433, 'UNSPECIFIED' ) ;
#1435 = APPROVAL_ROLE ( '' ) ;
#1436 = APPROVAL_PERSON_ORGANIZATION ( #1432, #1434, #1435 ) ;
#1437 = COORDINATED_UNIVERSAL_TIME_OFFSET ( 9, 0, .AHEAD. ) ;
#1438 = LOCAL_TIME ( 4, 13, 14.00000000000000000, #1437 ) ;
#1439 = CALENDAR_DATE ( 2011, 20, 2 ) ;
#1440 = EDGE_CURVE ( 'NONE', #1281, #137, #1084, .T. ) ;
#1441 = EDGE_LOOP ( 'NONE', ( #477, #45, #51, #41 ) ) ;
#1442 = DATE_AND_TIME ( #1439, #1438 ) ;
#1443 = APPROVAL_DATE_TIME ( #1442, #1434 ) ;
#1444 = CC_DESIGN_APPROVAL ( #1434, ( #1431 ) ) ;
#1445 = PERSON_AND_ORGANIZATION ( #1315, #1317 ) ;
#1446 = PERSON_AND_ORGANIZATION_ROLE ( 'creator' ) ;
#1447 = CC_DESIGN_PERSON_AND_ORGANIZATION_ASSIGNMENT ( #1445, #1446, ( #1431 ) ) ;
#1448 = PERSON_AND_ORGANIZATION ( #1315, #1317 ) ;
#1449 = PERSON_AND_ORGANIZATION_ROLE ( 'design_supplier' ) ;
#1450 = CC_DESIGN_PERSON_AND_ORGANIZATION_ASSIGNMENT ( #1448, #1449, ( #1431 ) ) ;
#1451 = SECURITY_CLASSIFICATION_LEVEL ( 'unclassified' ) ;
#1452 = SECURITY_CLASSIFICATION ( '', '', #1451 ) ;
#1453 = PERSON_AND_ORGANIZATION ( #1315, #1317 ) ;
#1454 = PERSON_AND_ORGANIZATION_ROLE ( 'classification_officer' ) ;
#1455 = CC_DESIGN_PERSON_AND_ORGANIZATION_ASSIGNMENT ( #1453, #1454, ( #1452 ) ) ;
#1456 = COORDINATED_UNIVERSAL_TIME_OFFSET ( 9, 0, .AHEAD. ) ;
#1457 = LOCAL_TIME ( 4, 13, 14.00000000000000000, #1456 ) ;
#1458 = ORIENTED_EDGE ( 'NONE', *, *, #115, .F. ) ;
#1459 = CALENDAR_DATE ( 2011, 20, 2 ) ;
#1460 = DATE_AND_TIME ( #1459, #1457 ) ;
#1461 = DATE_TIME_ROLE ( 'classification_date' ) ;
#1462 = CC_DESIGN_DATE_AND_TIME_ASSIGNMENT ( #1460, #1461, ( #1452 ) ) ;
#1463 = PERSON_AND_ORGANIZATION ( #1315, #1317 ) ;
#1464 = APPROVAL_STATUS ( 'not_yet_approved' ) ;
#1465 = APPROVAL ( #1464, 'UNSPECIFIED' ) ;
#1466 = APPROVAL_ROLE ( '' ) ;
#1467 = APPROVAL_PERSON_ORGANIZATION ( #1463, #1465, #1466 ) ;
#1468 = COORDINATED_UNIVERSAL_TIME_OFFSET ( 9, 0, .AHEAD. ) ;
#1469 = LOCAL_TIME ( 4, 13, 14.00000000000000000, #1468 ) ;
#1470 = CALENDAR_DATE ( 2011, 20, 2 ) ;
#1471 = DATE_AND_TIME ( #1470, #1469 ) ;
#1472 = APPROVAL_DATE_TIME ( #1471, #1465 ) ;
#1473 = CC_DESIGN_APPROVAL ( #1465, ( #1452 ) ) ;
#1474 = CC_DESIGN_SECURITY_CLASSIFICATION ( #1452, ( #1431 ) ) ;
#1475 = ADVANCED_FACE ( 'NONE', ( #1088 ), #1089, .F. ) ;
#1476 = ORIENTED_EDGE ( 'NONE', *, *, #245, .T. ) ;
#1477 = ORIENTED_EDGE ( 'NONE', *, *, #1680, .F. ) ;
#1478 = ORIENTED_EDGE ( 'NONE', *, *, #262, .F. ) ;
#1479 = PRODUCT_RELATED_PRODUCT_CATEGORY ( 'detail', '', ( #1398 ) ) ;
#1480 = PRODUCT_DEFINITION_SHAPE ( 'NONE', 'NONE',  #1407 ) ;
#1481 = SHAPE_DEFINITION_REPRESENTATION ( #1480, #1285 ) ;
#1482 = APPLICATION_CONTEXT ( 'configuration controlled 3d designs of mechanical parts and assemblies' ) ;
#1483 = APPLICATION_PROTOCOL_DEFINITION ( 'international standard', 'config_control_design', 1994, #1482 ) ;
#1484 = MECHANICAL_CONTEXT ( 'NONE', #1482, 'mechanical' ) ;
#1485 = PRODUCT ( 'SS_5D_BASE', 'SS_5D_BASE', '', ( #1484 ) ) ;
#1486 = PERSON_AND_ORGANIZATION ( #1315, #1317 ) ;
#1487 = PERSON_AND_ORGANIZATION_ROLE ( 'design_owner' ) ;
#1488 = CC_DESIGN_PERSON_AND_ORGANIZATION_ASSIGNMENT ( #1486, #1487, ( #1485 ) ) ;
#1489 = APPLICATION_CONTEXT ( 'configuration controlled 3d designs of mechanical parts and assemblies' ) ;
#1490 = APPLICATION_PROTOCOL_DEFINITION ( 'international standard', 'config_control_design', 1994, #1489 ) ;
#1491 = DESIGN_CONTEXT ( 'detailed design', #1489, 'design' ) ;
#1492 = PRODUCT_DEFINITION ( 'UNKNOWN', '', #1513, #1491 ) ;
#1493 = PERSON_AND_ORGANIZATION ( #1315, #1317 ) ;
#1494 = APPROVAL_STATUS ( 'not_yet_approved' ) ;
#1495 = APPROVAL ( #1494, 'UNSPECIFIED' ) ;
#1496 = APPROVAL_ROLE ( '' ) ;
#1497 = APPROVAL_PERSON_ORGANIZATION ( #1493, #1495, #1496 ) ;
#1498 = COORDINATED_UNIVERSAL_TIME_OFFSET ( 9, 0, .AHEAD. ) ;
#1499 = LOCAL_TIME ( 4, 13, 14.00000000000000000, #1498 ) ;
#1500 = CALENDAR_DATE ( 2011, 20, 2 ) ;
#1501 = DATE_AND_TIME ( #1500, #1499 ) ;
#1502 = APPROVAL_DATE_TIME ( #1501, #1495 ) ;
#1503 = CC_DESIGN_APPROVAL ( #1495, ( #1492 ) ) ;
#1504 = PERSON_AND_ORGANIZATION ( #1315, #1317 ) ;
#1505 = PERSON_AND_ORGANIZATION_ROLE ( 'creator' ) ;
#1506 = CC_DESIGN_PERSON_AND_ORGANIZATION_ASSIGNMENT ( #1504, #1505, ( #1492 ) ) ;
#1507 = COORDINATED_UNIVERSAL_TIME_OFFSET ( 9, 0, .AHEAD. ) ;
#1508 = LOCAL_TIME ( 4, 13, 14.00000000000000000, #1507 ) ;
#1509 = CALENDAR_DATE ( 2011, 20, 2 ) ;
#1510 = DATE_AND_TIME ( #1509, #1508 ) ;
#1511 = DATE_TIME_ROLE ( 'creation_date' ) ;
#1512 = CC_DESIGN_DATE_AND_TIME_ASSIGNMENT ( #1510, #1511, ( #1492 ) ) ;
#1513 = PRODUCT_DEFINITION_FORMATION_WITH_SPECIFIED_SOURCE ( 'ANY', '', #1485, .NOT_KNOWN. ) ;
#1514 = PERSON_AND_ORGANIZATION ( #1315, #1317 ) ;
#1515 = APPROVAL_STATUS ( 'not_yet_approved' ) ;
#1516 = APPROVAL ( #1515, 'UNSPECIFIED' ) ;
#1517 = APPROVAL_ROLE ( '' ) ;
#1518 = APPROVAL_PERSON_ORGANIZATION ( #1514, #1516, #1517 ) ;
#1519 = COORDINATED_UNIVERSAL_TIME_OFFSET ( 9, 0, .AHEAD. ) ;
#1520 = LOCAL_TIME ( 4, 13, 14.00000000000000000, #1519 ) ;
#1521 = CALENDAR_DATE ( 2011, 20, 2 ) ;
#1522 = DATE_AND_TIME ( #1521, #1520 ) ;
#1523 = APPROVAL_DATE_TIME ( #1522, #1516 ) ;
#1524 = CC_DESIGN_APPROVAL ( #1516, ( #1513 ) ) ;
#1525 = PERSON_AND_ORGANIZATION ( #1315, #1317 ) ;
#1526 = PERSON_AND_ORGANIZATION_ROLE ( 'creator' ) ;
#1527 = EDGE_CURVE ( 'NONE', #1679, #55, #1122, .T. ) ;
#1528 = CC_DESIGN_PERSON_AND_ORGANIZATION_ASSIGNMENT ( #1525, #1526, ( #1513 ) ) ;
#1529 = PERSON_AND_ORGANIZATION ( #1315, #1317 ) ;
#1530 = PERSON_AND_ORGANIZATION_ROLE ( 'design_supplier' ) ;
#1531 = CC_DESIGN_PERSON_AND_ORGANIZATION_ASSIGNMENT ( #1529, #1530, ( #1513 ) ) ;
#1532 = SECURITY_CLASSIFICATION_LEVEL ( 'unclassified' ) ;
#1533 = SECURITY_CLASSIFICATION ( '', '', #1532 ) ;
#1534 = PERSON_AND_ORGANIZATION ( #1315, #1317 ) ;
#1535 = PERSON_AND_ORGANIZATION_ROLE ( 'classification_officer' ) ;
#1536 = CC_DESIGN_PERSON_AND_ORGANIZATION_ASSIGNMENT ( #1534, #1535, ( #1533 ) ) ;
#1537 = COORDINATED_UNIVERSAL_TIME_OFFSET ( 9, 0, .AHEAD. ) ;
#1538 = LOCAL_TIME ( 4, 13, 14.00000000000000000, #1537 ) ;
#1539 = CALENDAR_DATE ( 2011, 20, 2 ) ;
#1540 = DATE_AND_TIME ( #1539, #1538 ) ;
#1541 = DATE_TIME_ROLE ( 'classification_date' ) ;
#1542 = CC_DESIGN_DATE_AND_TIME_ASSIGNMENT ( #1540, #1541, ( #1533 ) ) ;
#1543 = PERSON_AND_ORGANIZATION ( #1315, #1317 ) ;
#1544 = APPROVAL_STATUS ( 'not_yet_approved' ) ;
#1545 = APPROVAL ( #1544, 'UNSPECIFIED' ) ;
#1546 = APPROVAL_ROLE ( '' ) ;
#1547 = APPROVAL_PERSON_ORGANIZATION ( #1543, #1545, #1546 ) ;
#1548 = COORDINATED_UNIVERSAL_TIME_OFFSET ( 9, 0, .AHEAD. ) ;
#1549 = LOCAL_TIME ( 4, 13, 14.00000000000000000, #1548 ) ;
#1550 = CALENDAR_DATE ( 2011, 20, 2 ) ;
#1551 = DATE_AND_TIME ( #1550, #1549 ) ;
#1552 = APPROVAL_DATE_TIME ( #1551, #1545 ) ;
#1553 = CC_DESIGN_APPROVAL ( #1545, ( #1533 ) ) ;
#1554 = CC_DESIGN_SECURITY_CLASSIFICATION ( #1533, ( #1513 ) ) ;
#1555 = PRODUCT_RELATED_PRODUCT_CATEGORY ( 'detail', '', ( #1485 ) ) ;
#1556 = PRODUCT_DEFINITION_SHAPE ( 'NONE', 'NONE',  #1492 ) ;
#1557 = SHAPE_DEFINITION_REPRESENTATION ( #1556, #1274 ) ;
#1558 = ITEM_DEFINED_TRANSFORMATION ( 'NONE', 'NONE', #1292,  #1270 ) ;
#1559 =( REPRESENTATION_RELATIONSHIP ('NONE','NONE', #1287, #1274 ) REPRESENTATION_RELATIONSHIP_WITH_TRANSFORMATION ( #1558 )SHAPE_REPRESENTATION_RELATIONSHIP( ) );
#1560 = EDGE_CURVE ( 'NONE', #22, #602, #1129, .T. ) ;
#1561 = PRODUCT_DEFINITION_SHAPE ( 'NONE', 'NONE',  #1562 ) ;
#1562 = NEXT_ASSEMBLY_USAGE_OCCURRENCE ( 'NAUO1', ' ', ' ', #1324, #1492, $ ) ;
#1563 = SECURITY_CLASSIFICATION_LEVEL ( 'unclassified' ) ;
#1564 = SECURITY_CLASSIFICATION ( '', '', #1563 ) ;
#1565 = CC_DESIGN_SECURITY_CLASSIFICATION ( #1564, ( #1562 ) ) ;
#1566 = APPROVAL_STATUS ( 'not_yet_approved' ) ;
#1567 = APPROVAL ( #1566, 'UNKNOWN' ) ;
#1568 = CC_DESIGN_APPROVAL ( #1567, ( #1564 ) ) ;
#1569 = COORDINATED_UNIVERSAL_TIME_OFFSET ( 9, 0, .AHEAD. ) ;
#1570 = LOCAL_TIME ( 4, 13, 14.00000000000000000, #1569 ) ;
#1571 = CALENDAR_DATE ( 2011, 20, 2 ) ;
#1572 = DATE_AND_TIME ( #1571, #1570 ) ;
#1573 = COORDINATED_UNIVERSAL_TIME_OFFSET ( 9, 0, .AHEAD. ) ;
#1574 = LOCAL_TIME ( 4, 13, 14.00000000000000000, #1573 ) ;
#1575 = CALENDAR_DATE ( 2011, 20, 2 ) ;
#1576 = DATE_AND_TIME ( #1575, #1574 ) ;
#1577 = EDGE_CURVE ( 'NONE', #1639, #1007, #1133, .T. ) ;
#1578 = APPROVAL_DATE_TIME ( #1576, #1567 ) ;
#1579 = APPROVAL_ROLE ( '' ) ;
#1580 = PERSON ( 'NAUO-PER1', 'UNSPECIFIED', 'UNSPECIFIED', ('UNSPECIFIED'), ('UNSPECIFIED'), ('UNSPECIFIED') ) ;
#1581 = ORGANIZATION ( 'NAUO-ORG1', 'UNSPECIFIED', 'UNSPECIFIED' ) ;
#1582 = PERSON_AND_ORGANIZATION ( #1580, #1581 ) ;
#1583 = APPROVAL_PERSON_ORGANIZATION ( #1582, #1567, #1579 ) ;
#1584 = DATE_TIME_ROLE ( 'classification_date' ) ;
#1585 = PERSON_AND_ORGANIZATION_ROLE ( 'classification_officer' ) ;
#1586 = CC_DESIGN_DATE_AND_TIME_ASSIGNMENT ( #1572, #1584, ( #1564 ) ) ;
#1587 = CC_DESIGN_PERSON_AND_ORGANIZATION_ASSIGNMENT ( #1582, #1585, ( #1564 ) ) ;
#1588 = CONTEXT_DEPENDENT_SHAPE_REPRESENTATION ( #1559, #1561 ) ;
#1589 = ITEM_DEFINED_TRANSFORMATION ( 'NONE', 'NONE', #1296,  #1270 ) ;
#1590 =( REPRESENTATION_RELATIONSHIP ('NONE','NONE', #1287, #1285 ) REPRESENTATION_RELATIONSHIP_WITH_TRANSFORMATION ( #1589 )SHAPE_REPRESENTATION_RELATIONSHIP( ) );
#1591 = PRODUCT_DEFINITION_SHAPE ( 'NONE', 'NONE',  #1592 ) ;
#1592 = NEXT_ASSEMBLY_USAGE_OCCURRENCE ( 'NAUO2', ' ', ' ', #1324, #1407, $ ) ;
#1593 = SECURITY_CLASSIFICATION_LEVEL ( 'unclassified' ) ;
#1594 = SECURITY_CLASSIFICATION ( '', '', #1593 ) ;
#1595 = CC_DESIGN_SECURITY_CLASSIFICATION ( #1594, ( #1592 ) ) ;
#1596 = APPROVAL_STATUS ( 'not_yet_approved' ) ;
#1597 = APPROVAL ( #1596, 'UNKNOWN' ) ;
#1598 = CC_DESIGN_APPROVAL ( #1597, ( #1594 ) ) ;
#1599 = COORDINATED_UNIVERSAL_TIME_OFFSET ( 9, 0, .AHEAD. ) ;
#1600 = LOCAL_TIME ( 4, 13, 14.00000000000000000, #1599 ) ;
#1601 = CALENDAR_DATE ( 2011, 20, 2 ) ;
#1602 = DATE_AND_TIME ( #1601, #1600 ) ;
#1603 = COORDINATED_UNIVERSAL_TIME_OFFSET ( 9, 0, .AHEAD. ) ;
#1604 = LOCAL_TIME ( 4, 13, 14.00000000000000000, #1603 ) ;
#1605 = CALENDAR_DATE ( 2011, 20, 2 ) ;
#1606 = DATE_AND_TIME ( #1605, #1604 ) ;
#1607 = APPROVAL_DATE_TIME ( #1606, #1597 ) ;
#1608 = APPROVAL_ROLE ( '' ) ;
#1609 = PERSON ( 'NAUO-PER2', 'UNSPECIFIED', 'UNSPECIFIED', ('UNSPECIFIED'), ('UNSPECIFIED'), ('UNSPECIFIED') ) ;
#1610 = ORGANIZATION ( 'NAUO-ORG2', 'UNSPECIFIED', 'UNSPECIFIED' ) ;
#1611 = PERSON_AND_ORGANIZATION ( #1609, #1610 ) ;
#1612 = APPROVAL_PERSON_ORGANIZATION ( #1611, #1597, #1608 ) ;
#1613 = DATE_TIME_ROLE ( 'classification_date' ) ;
#1614 = PERSON_AND_ORGANIZATION_ROLE ( 'classification_officer' ) ;
#1615 = CC_DESIGN_DATE_AND_TIME_ASSIGNMENT ( #1602, #1613, ( #1594 ) ) ;
#1616 = CC_DESIGN_PERSON_AND_ORGANIZATION_ASSIGNMENT ( #1611, #1614, ( #1594 ) ) ;
#1617 = CONTEXT_DEPENDENT_SHAPE_REPRESENTATION ( #1590, #1591 ) ;
#1618 = ORIENTED_EDGE ( 'NONE', *, *, #1665, .T. ) ;
#1619 = ORIENTED_EDGE ( 'NONE', *, *, #1169, .T. ) ;
#1620 = ADVANCED_FACE ( 'NONE', ( #1143 ), #1144, .F. ) ;
#1621 = EDGE_LOOP ( 'NONE', ( #178, #221, #226, #1638 ) ) ;
#1622 = VERTEX_POINT ( 'NONE', #1149 ) ;
#1623 = ORIENTED_EDGE ( 'NONE', *, *, #255, .T. ) ;
#1624 = EDGE_CURVE ( 'NONE', #1152, #1009, #1156, .T. ) ;
#1625 = ORIENTED_EDGE ( 'NONE', *, *, #459, .T. ) ;
#1626 = ORIENTED_EDGE ( 'NONE', *, *, #86, .T. ) ;
#1627 = ORIENTED_EDGE ( 'NONE', *, *, #214, .F. ) ;
#1628 = ADVANCED_FACE ( 'NONE', ( #1160 ), #1161, .F. ) ;
#1629 = VERTEX_POINT ( 'NONE', #1173 ) ;
#1630 = ORIENTED_EDGE ( 'NONE', *, *, #1624, .F. ) ;
#1631 = VERTEX_POINT ( 'NONE', #1174 ) ;
#1632 = ORIENTED_EDGE ( 'NONE', *, *, #709, .T. ) ;
#1633 = ADVANCED_FACE ( 'NONE', ( #1175 ), #1176, .T. ) ;
#1634 = EDGE_CURVE ( 'NONE', #94, #166, #1181, .T. ) ;
#1635 = EDGE_LOOP ( 'NONE', ( #180, #142, #169, #78 ) ) ;
#1636 = VERTEX_POINT ( 'NONE', #1193 ) ;
#1637 = ADVANCED_FACE ( 'NONE', ( #1200 ), #1201, .F. ) ;
#1638 = ORIENTED_EDGE ( 'NONE', *, *, #44, .T. ) ;
#1639 = VERTEX_POINT ( 'NONE', #1207 ) ;
#1640 = ORIENTED_EDGE ( 'NONE', *, *, #256, .T. ) ;
#1641 = EDGE_CURVE ( 'NONE', #1660, #66, #1208, .T. ) ;
#1642 = EDGE_LOOP ( 'NONE', ( #1681, #73, #1655, #387 ) ) ;
#1643 = ORIENTED_EDGE ( 'NONE', *, *, #153, .F. ) ;
#1644 = EDGE_CURVE ( 'NONE', #1690, #389, #1216, .T. ) ;
#1645 = VERTEX_POINT ( 'NONE', #1232 ) ;
#1646 = EDGE_CURVE ( 'NONE', #1622, #1224, #1233, .T. ) ;
#1647 = VERTEX_POINT ( 'NONE', #1237 ) ;
#1648 = EDGE_CURVE ( 'NONE', #1206, #16, #1247, .T. ) ;
#1649 = ADVANCED_FACE ( 'NONE', ( #670 ), #672, .F. ) ;
#1650 = EDGE_CURVE ( 'NONE', #235, #1099, #677, .T. ) ;
#1651 = EDGE_CURVE ( 'NONE', #866, #779, #682, .T. ) ;
#1652 = ORIENTED_EDGE ( 'NONE', *, *, #23, .T. ) ;
#1653 = ORIENTED_EDGE ( 'NONE', *, *, #690, .T. ) ;
#1654 = ORIENTED_EDGE ( 'NONE', *, *, #1720, .F. ) ;
#1655 = ORIENTED_EDGE ( 'NONE', *, *, #1698, .F. ) ;
#1656 = EDGE_CURVE ( 'NONE', #1756, #779, #735, .T. ) ;
#1657 = ORIENTED_EDGE ( 'NONE', *, *, #1713, .T. ) ;
#1658 = EDGE_LOOP ( 'NONE', ( #18, #266, #72, #761 ) ) ;
#1659 = ORIENTED_EDGE ( 'NONE', *, *, #216, .T. ) ;
#1660 = VERTEX_POINT ( 'NONE', #775 ) ;
#1661 = EDGE_CURVE ( 'NONE', #1631, #187, #776, .T. ) ;
#1662 = EDGE_CURVE ( 'NONE', #830, #671, #791, .T. ) ;
#1663 = ORIENTED_EDGE ( 'NONE', *, *, #172, .F. ) ;
#1664 = ORIENTED_EDGE ( 'NONE', *, *, #548, .T. ) ;
#1665 = EDGE_CURVE ( 'NONE', #1152, #1, #803, .T. ) ;
#1666 = ORIENTED_EDGE ( 'NONE', *, *, #1665, .F. ) ;
#1667 = ORIENTED_EDGE ( 'NONE', *, *, #1098, .F. ) ;
#1668 = EDGE_LOOP ( 'NONE', ( #1704, #207 ) ) ;
#1669 = EDGE_CURVE ( 'NONE', #166, #24, #809, .T. ) ;
#1670 = ORIENTED_EDGE ( 'NONE', *, *, #1527, .F. ) ;
#1671 = VERTEX_POINT ( 'NONE', #821 ) ;
#1672 = ORIENTED_EDGE ( 'NONE', *, *, #1063, .T. ) ;
#1673 = EDGE_CURVE ( 'NONE', #1636, #1679, #822, .T. ) ;
#1674 = ORIENTED_EDGE ( 'NONE', *, *, #1724, .T. ) ;
#1675 = ORIENTED_EDGE ( 'NONE', *, *, #260, .F. ) ;
#1676 = EDGE_CURVE ( 'NONE', #181, #1281, #832, .T. ) ;
#1677 = EDGE_CURVE ( 'NONE', #1629, #954, #836, .T. ) ;
#1678 = ORIENTED_EDGE ( 'NONE', *, *, #1680, .T. ) ;
#1679 = VERTEX_POINT ( 'NONE', #842 ) ;
#1680 = EDGE_CURVE ( 'NONE', #1099, #1, #853, .T. ) ;
#1681 = ORIENTED_EDGE ( 'NONE', *, *, #1368, .T. ) ;
#1682 = ORIENTED_EDGE ( 'NONE', *, *, #104, .T. ) ;
#1683 = VERTEX_POINT ( 'NONE', #861 ) ;
#1684 = ORIENTED_EDGE ( 'NONE', *, *, #154, .T. ) ;
#1685 = EDGE_LOOP ( 'NONE', ( #654, #848, #1684, #205 ) ) ;
#1686 = EDGE_LOOP ( 'NONE', ( #119, #1715, #1745, #1672 ) ) ;
#1687 = VERTEX_POINT ( 'NONE', #879 ) ;
#1688 = EDGE_LOOP ( 'NONE', ( #1657, #93, #242, #1736 ) ) ;
#1689 = ORIENTED_EDGE ( 'NONE', *, *, #1752, .T. ) ;
#1690 = VERTEX_POINT ( 'NONE', #880 ) ;
#1691 = EDGE_LOOP ( 'NONE', ( #312, #1643, #1765, #37 ) ) ;
#1692 = EDGE_CURVE ( 'NONE', #53, #1687, #892, .T. ) ;
#1693 = EDGE_CURVE ( 'NONE', #238, #1262, #896, .T. ) ;
#1694 = VERTEX_POINT ( 'NONE', #905 ) ;
#1695 = EDGE_LOOP ( 'NONE', ( #118, #1080, #1667, #161 ) ) ;
#1696 = EDGE_LOOP ( 'NONE', ( #1729, #40, #63, #1721 ) ) ;
#1697 = ORIENTED_EDGE ( 'NONE', *, *, #1650, .F. ) ;
#1698 = EDGE_CURVE ( 'NONE', #70, #1629, #280, .T. ) ;
#1699 = ADVANCED_FACE ( 'NONE', ( #285 ), #286, .F. ) ;
#1700 = ORIENTED_EDGE ( 'NONE', *, *, #1440, .T. ) ;
#1701 = EDGE_CURVE ( 'NONE', #66, #1740, #302, .T. ) ;
#1702 = ORIENTED_EDGE ( 'NONE', *, *, #154, .F. ) ;
#1703 = ADVANCED_FACE ( 'NONE', ( #320 ), #321, .F. ) ;
#1704 = ORIENTED_EDGE ( 'NONE', *, *, #153, .T. ) ;
#1705 = ADVANCED_FACE ( 'NONE', ( #326 ), #327, .F. ) ;
#1706 = EDGE_CURVE ( 'NONE', #1351, #132, #345, .T. ) ;
#1707 = ORIENTED_EDGE ( 'NONE', *, *, #29, .F. ) ;
#1708 = ORIENTED_EDGE ( 'NONE', *, *, #80, .F. ) ;
#1709 = ADVANCED_FACE ( 'NONE', ( #361, #362, #363 ), #364, .T. ) ;
#1710 = EDGE_CURVE ( 'NONE', #1011, #166, #372, .T. ) ;
#1711 = EDGE_CURVE ( 'NONE', #1683, #24, #392, .T. ) ;
#1712 = ORIENTED_EDGE ( 'NONE', *, *, #85, .T. ) ;
#1713 = EDGE_CURVE ( 'NONE', #744, #900, #413, .T. ) ;
#1714 = EDGE_CURVE ( 'NONE', #726, #1422, #421, .T. ) ;
#1715 = ORIENTED_EDGE ( 'NONE', *, *, #255, .F. ) ;
#1716 = ORIENTED_EDGE ( 'NONE', *, *, #1727, .F. ) ;
#1717 = ORIENTED_EDGE ( 'NONE', *, *, #263, .T. ) ;
#1718 = ORIENTED_EDGE ( 'NONE', *, *, #1045, .F. ) ;
#1719 = ORIENTED_EDGE ( 'NONE', *, *, #1759, .T. ) ;
#1720 = EDGE_CURVE ( 'NONE', #201, #1631, #490, .T. ) ;
#1721 = ORIENTED_EDGE ( 'NONE', *, *, #1661, .T. ) ;
#1722 = EDGE_CURVE ( 'NONE', #28, #900, #524, .T. ) ;
#1723 = ORIENTED_EDGE ( 'NONE', *, *, #162, .F. ) ;
#1724 = EDGE_CURVE ( 'NONE', #9, #137, #528, .T. ) ;
#1725 = EDGE_LOOP ( 'NONE', ( #130, #330, #1708, #229 ) ) ;
#1726 = EDGE_CURVE ( 'NONE', #1694, #1775, #541, .T. ) ;
#1727 = EDGE_CURVE ( 'NONE', #389, #16, #560, .T. ) ;
#1728 = EDGE_LOOP ( 'NONE', ( #113, #219, #1719, #1761, #1653 ) ) ;
#1729 = ORIENTED_EDGE ( 'NONE', *, *, #60, .T. ) ;
#1730 = ORIENTED_EDGE ( 'NONE', *, *, #19, .F. ) ;
#1731 = EDGE_LOOP ( 'NONE', ( #583, #1762, #1718, #26 ) ) ;
#1732 = ADVANCED_FACE ( 'NONE', ( #621 ), #622, .T. ) ;
#1733 = ORIENTED_EDGE ( 'NONE', *, *, #1711, .T. ) ;
#1734 = ADVANCED_FACE ( 'NONE', ( #638 ), #639, .F. ) ;
#1735 = ADVANCED_FACE ( 'NONE', ( #664 ), #665, .T. ) ;
#1736 = ORIENTED_EDGE ( 'NONE', *, *, #1008, .T. ) ;
#1737 = ORIENTED_EDGE ( 'NONE', *, *, #140, .T. ) ;
#1738 = ADVANCED_FACE ( 'NONE', ( #696 ), #697, .F. ) ;
#1739 = EDGE_CURVE ( 'NONE', #252, #187, #706, .T. ) ;
#1740 = VERTEX_POINT ( 'NONE', #739 ) ;
#1741 = EDGE_CURVE ( 'NONE', #1690, #1206, #751, .T. ) ;
#1742 = ORIENTED_EDGE ( 'NONE', *, *, #1748, .F. ) ;
#1743 = EDGE_LOOP ( 'NONE', ( #257, #1753, #1627, #1733 ) ) ;
#1744 = ORIENTED_EDGE ( 'NONE', *, *, #1134, .F. ) ;
#1745 = ORIENTED_EDGE ( 'NONE', *, *, #1641, .F. ) ;
#1746 = ORIENTED_EDGE ( 'NONE', *, *, #1646, .F. ) ;
#1747 = ORIENTED_EDGE ( 'NONE', *, *, #901, .F. ) ;
#1748 = EDGE_CURVE ( 'NONE', #55, #310, #813, .T. ) ;
#1749 = EDGE_CURVE ( 'NONE', #310, #131, #826, .T. ) ;
#1750 = ORIENTED_EDGE ( 'NONE', *, *, #1673, .T. ) ;
#1751 = ORIENTED_EDGE ( 'NONE', *, *, #1169, .F. ) ;
#1752 = EDGE_CURVE ( 'NONE', #1262, #1687, #913, .T. ) ;
#1753 = ORIENTED_EDGE ( 'NONE', *, *, #1063, .F. ) ;
#1754 = EDGE_CURVE ( 'NONE', #1757, #94, #918, .T. ) ;
#1755 = EDGE_CURVE ( 'NONE', #15, #201, #924, .T. ) ;
#1756 = VERTEX_POINT ( 'NONE', #944 ) ;
#1757 = VERTEX_POINT ( 'NONE', #949 ) ;
#1758 = VERTEX_POINT ( 'NONE', #951 ) ;
#1759 = EDGE_CURVE ( 'NONE', #1631, #1690, #952, .T. ) ;
#1760 = EDGE_CURVE ( 'NONE', #1740, #1351, #962, .T. ) ;
#1761 = ORIENTED_EDGE ( 'NONE', *, *, #1741, .T. ) ;
#1762 = ORIENTED_EDGE ( 'NONE', *, *, #44, .F. ) ;
#1763 = ORIENTED_EDGE ( 'NONE', *, *, #251, .T. ) ;
#1764 = ORIENTED_EDGE ( 'NONE', *, *, #1676, .T. ) ;
#1765 = ORIENTED_EDGE ( 'NONE', *, *, #157, .T. ) ;
#1766 = ORIENTED_EDGE ( 'NONE', *, *, #1662, .T. ) ;
#1767 = EDGE_LOOP ( 'NONE', ( #52, #259, #246, #1188 ) ) ;
#1768 = ORIENTED_EDGE ( 'NONE', *, *, #1673, .F. ) ;
#1769 = VERTEX_POINT ( 'NONE', #1060 ) ;
#1770 = ADVANCED_FACE ( 'NONE', ( #1061, #1062, #1064 ), #1065, .F. ) ;
#1771 = ADVANCED_FACE ( 'NONE', ( #1094 ), #1095, .F. ) ;
#1772 = EDGE_LOOP ( 'NONE', ( #1626, #232, #1717, #903 ) ) ;
#1773 = ORIENTED_EDGE ( 'NONE', *, *, #1134, .T. ) ;
#1774 = ADVANCED_FACE ( 'NONE', ( #1115 ), #1116, .T. ) ;
#1775 = VERTEX_POINT ( 'NONE', #1127 ) ;
#1776 = ORIENTED_EDGE ( 'NONE', *, *, #1693, .T. ) ;
ENDSEC;
END-ISO-10303-21;
